/*
Navicat MySQL Data Transfer

Source Server         : localhost
Source Server Version : 50520
Source Host           : localhost:3306
Source Database       : ssm_shiro

Target Server Type    : MYSQL
Target Server Version : 50520
File Encoding         : 65001

Date: 2019-09-26 00:06:06
*/

SET FOREIGN_KEY_CHECKS=0;

-- ----------------------------
-- Table structure for g_stock_profit
-- ----------------------------
DROP TABLE IF EXISTS `g_stock_profit`;
CREATE TABLE `g_stock_profit` (
  `md5` varchar(255) NOT NULL COMMENT 'md5值(股票代码+录入日期)',
  `stockCode` varchar(32) DEFAULT NULL COMMENT '股票代码',
  `stockName` varchar(64) DEFAULT NULL COMMENT '股票名称',
  `buyTotal` varchar(64) DEFAULT NULL COMMENT '买入总价',
  `stockCost` varchar(64) DEFAULT NULL COMMENT '成本价',
  `sellTotal` varchar(64) DEFAULT NULL COMMENT '卖出总价',
  `stockDeal` varchar(64) DEFAULT NULL COMMENT '成交价',
  `dealNumber` varchar(64) DEFAULT NULL COMMENT '成交数量',
  `dealDate` varchar(64) DEFAULT NULL COMMENT '成交日期',
  `stockProfit` varchar(64) DEFAULT NULL COMMENT '毛利润',
  `stockNetProfit` varchar(64) DEFAULT NULL COMMENT '净利润',
  `taxAmount` varchar(64) DEFAULT NULL COMMENT '税额',
  `addPersonCode` varchar(64) DEFAULT NULL COMMENT '录入人员代码',
  `addPerson` varchar(64) DEFAULT NULL COMMENT '录入人员',
  `addDate` varchar(64) CHARACTER SET utf8mb4 DEFAULT '' COMMENT '录入日期',
  `alterPersonCode` varchar(64) DEFAULT NULL COMMENT '修改人员代码',
  `alterPerson` varchar(64) DEFAULT NULL COMMENT '修改人员',
  `alterDate` varchar(64) DEFAULT NULL COMMENT '修改日期',
  UNIQUE KEY `md5` (`md5`) USING BTREE
) ENGINE=InnoDB DEFAULT CHARSET=utf8 COMMENT='股票利润表';

-- ----------------------------
-- Records of g_stock_profit
-- ----------------------------
INSERT INTO `g_stock_profit` VALUES ('0V8S7O4u+OmCqRc2Nuv0uw==', '300188', '美亚柏科', '11', '12', '', '1', '1000', '2019-09-22', null, null, null, null, null, '2019-09-22 10:21:05', null, null, null);
INSERT INTO `g_stock_profit` VALUES ('125', null, null, '10', null, null, null, null, null, null, null, null, null, null, '2019-02-19 00:00:00', null, null, null);
INSERT INTO `g_stock_profit` VALUES ('2xiTidcnOh3mmJCmMEt42w==', '002646', '', '', '', '', '', '', '2019-09-22', null, null, null, null, null, '2019-09-22 09:51:45', null, null, null);
INSERT INTO `g_stock_profit` VALUES ('4FAS+mjYzF+OaU5ZirWmRA==', '002646', '', '', '', '', '', '', '2019-09-22', null, null, null, null, null, '2019-09-22 09:51:49', null, null, null);
INSERT INTO `g_stock_profit` VALUES ('4OAZDJ6WYijttO3WFYKZPw==', '45232', '153213', '', '', '', '', '', '', '', '', '', null, null, '2019-02-20 00:03:44', null, null, null);
INSERT INTO `g_stock_profit` VALUES ('5dU34jkER2xbwq8ySKCD8w==', '300188', '吃饭的规划', '1000', '10', '2000', '20', '100', '', '', '', '', null, null, '2019-02-19 23:58:53', null, null, null);
INSERT INTO `g_stock_profit` VALUES ('8yNT/6BcqWSQROEs/yJHUg==', '300188', '美亚柏科', '', '', '', '', '', '', null, null, null, null, null, '2019-09-22 01:09:48', null, null, null);
INSERT INTO `g_stock_profit` VALUES ('bo6dMiZWAJC/g37V0mQBzA==', '300188', '美亚柏科', '10', '12', '18', '18', '1000', '2019-09-22', null, null, null, null, null, '2019-09-22 01:10:39', null, null, null);
INSERT INTO `g_stock_profit` VALUES ('brO3GCKbBj461lA3O23+WQ==', '300188', '', '', '12', '', '', '1000', '2019-09-22', null, null, null, null, null, '2019-09-22 10:07:52', null, null, null);
INSERT INTO `g_stock_profit` VALUES ('D7PodX8qJE0bw/ffR1AEiA==', '32545', '', '', '', '', '', '', '', '', '', '', null, null, '2019-02-20 00:00:34', null, null, null);
INSERT INTO `g_stock_profit` VALUES ('E7+zWn68gORBLr5FjKfD3w==', '300188', '美亚柏科', '', '12', '', '1', '1000', '2019-09-22', null, null, null, null, null, '2019-09-22 10:22:32', null, null, null);
INSERT INTO `g_stock_profit` VALUES ('fBffvk5iZwi0/lkIcQRGjw==', '12', '', '', '', '', '', '', '2019-09-22', null, null, null, null, null, '2019-09-22 09:55:42', null, null, null);
INSERT INTO `g_stock_profit` VALUES ('fOvfquEGX0rbVUnYSCvf7w==', '002646', '', '', '', '', '', '', '2019-09-22', null, null, null, null, null, '2019-09-22 09:51:41', null, null, null);
INSERT INTO `g_stock_profit` VALUES ('GEp3OqBnhGccSm63wzjKqA==', '300188', '美亚柏科', '', '12', '', '1', '', '2019-09-22', null, null, null, null, null, '2019-09-22 10:15:34', null, null, null);
INSERT INTO `g_stock_profit` VALUES ('ght', '123456', '测试', '1000.00', '00000010.00', '1500.00', '15.00', '100', '2019-02-14', '500.00', '474.51', '25.51', null, null, '2019-02-15 00:00:00', null, null, null);
INSERT INTO `g_stock_profit` VALUES ('ght12', null, null, null, '00000010.01', null, null, null, '2019-02-14', null, null, null, null, null, '2019-02-15 00:00:00', null, null, null);
INSERT INTO `g_stock_profit` VALUES ('ght2', null, null, null, '00000010.00', null, null, null, '2019-02-14', null, null, null, null, null, '2019-02-15 00:00:00', null, null, null);
INSERT INTO `g_stock_profit` VALUES ('gkHS9xGkGmLRklTnvqETTg==', '300188', '美亚柏科', '', '', '', '', '', '', null, null, null, null, null, '2019-09-22 10:16:51', null, null, null);
INSERT INTO `g_stock_profit` VALUES ('H4c1H9H7+h4HQSnqfYqZ3A==', '300188', null, null, null, null, null, null, null, null, null, null, null, null, '2019-09-21 22:32:52', null, null, null);
INSERT INTO `g_stock_profit` VALUES ('J2fKdH2RM4JORWXFaGQA2g==', '12', '', '', '12', '', '', '1000', '2019-09-22', null, null, null, null, null, '2019-09-22 10:12:20', null, null, null);
INSERT INTO `g_stock_profit` VALUES ('kTyXwfgm170FndGA/BRo+A==', '12', null, null, null, null, null, null, null, null, null, null, null, null, '2019-09-21 22:26:13', null, null, null);
INSERT INTO `g_stock_profit` VALUES ('KZKOmJKCkg/YTXrV7pzACw==', '123', '', '', '', '', '1', '', '2019-09-22', null, null, null, null, null, '2019-09-22 09:54:52', null, null, null);
INSERT INTO `g_stock_profit` VALUES ('mdiZ1hQB53UCmPOLlgYKzw==', '002646', '', '', '', '', '', '', '2019-09-23', null, null, null, null, null, '2019-09-22 09:50:13', null, null, null);
INSERT INTO `g_stock_profit` VALUES ('miNhdK45pR2lA3RaPa1Pog==', '1021.', '12.12', '', 'admin', '', '1', '', '', '', '', '', null, null, '2019-06-12 20:07:46', null, null, null);
INSERT INTO `g_stock_profit` VALUES ('Pae0OaLcqglwDsnc+lRkjw==', '300188', '美亚柏科', '', '', '', '', '', '', null, null, null, null, null, '2019-09-22 10:47:14', null, null, null);
INSERT INTO `g_stock_profit` VALUES ('PSde1cP2ws3t9ZLxZ2GZlw==', '12', '美亚柏科', '', '', '', '', '', '', null, null, null, null, null, '2019-09-22 10:47:08', null, null, null);
INSERT INTO `g_stock_profit` VALUES ('q16VDf1yXyB0FuJrI+00jQ==', '453', '415344122', '', '', '', '', '', '', '', '', '', null, null, '2019-02-20 00:02:50', null, null, null);
INSERT INTO `g_stock_profit` VALUES ('RE6N/Jmvyh2CkV2KIkM9gw==', '300188', '美亚柏科', '', '', '', '', '', '', null, null, null, null, null, '2019-09-22 10:46:22', null, null, null);
INSERT INTO `g_stock_profit` VALUES ('sJoI9mb5WJymodu4q5t+1Q==', '', '', '', '', '', '', '', '', null, null, null, null, null, '2019-09-23 11:39:30', null, null, null);
INSERT INTO `g_stock_profit` VALUES ('sM4kfnOmwExOA4p69fsM5w==', '300188', '', '', '', '', '', '', '', null, null, null, null, null, '2019-09-22 09:46:05', null, null, null);
INSERT INTO `g_stock_profit` VALUES ('TcH6CtdTay840NBHW38HOg==', '12', '', '', '', '', '1', '', '2019-09-22', null, null, null, null, null, '2019-09-22 09:54:13', null, null, null);
INSERT INTO `g_stock_profit` VALUES ('U4gBWMJFxB9g4nBDg4QJag==', '', '', '', 'admin', '', '1', '', '', '', '', '', null, null, '2019-06-11 21:26:05', null, null, null);
INSERT INTO `g_stock_profit` VALUES ('yGrpJb4ejZ88kGtZQytuAw==', '1021.', '12.12', '', 'admin', '', '1', '', '', '', '', '', null, null, '2019-06-12 20:09:11', null, null, null);
INSERT INTO `g_stock_profit` VALUES ('z7M94AEpEo9qthsgW0yCZQ==', '463', '453', '', '', '', '', '', '', '', '', '', null, null, '2019-02-20 00:02:13', null, null, null);

-- ----------------------------
-- Table structure for g_stock_records
-- ----------------------------
DROP TABLE IF EXISTS `g_stock_records`;
CREATE TABLE `g_stock_records` (
  `pmd5` varchar(64) NOT NULL COMMENT '父id',
  `stockCode` varchar(32) DEFAULT NULL COMMENT '股票代码',
  `stockName` varchar(64) DEFAULT NULL COMMENT '股票名称',
  `stockDeal` decimal(10,0) DEFAULT NULL COMMENT '成交单价',
  `dealNumber` int(11) DEFAULT NULL COMMENT '成交数量',
  `dealSum` decimal(10,2) DEFAULT NULL COMMENT '金额',
  `dealDate` datetime DEFAULT NULL COMMENT '成交日期',
  `type` smallint(4) DEFAULT NULL COMMENT '业务类型(1,买入；2,卖出)'
) ENGINE=InnoDB DEFAULT CHARSET=utf8 COMMENT='股票成交记录表';

-- ----------------------------
-- Records of g_stock_records
-- ----------------------------

-- ----------------------------
-- Table structure for permission
-- ----------------------------
DROP TABLE IF EXISTS `permission`;
CREATE TABLE `permission` (
  `id` int(11) NOT NULL AUTO_INCREMENT,
  `url` varchar(30) NOT NULL,
  `roleid` int(11) DEFAULT NULL,
  `description` varchar(100) DEFAULT NULL,
  PRIMARY KEY (`id`)
) ENGINE=InnoDB AUTO_INCREMENT=4 DEFAULT CHARSET=utf8 COMMENT='菜单表';

-- ----------------------------
-- Records of permission
-- ----------------------------
INSERT INTO `permission` VALUES ('1', '/readName', '1', '查看名单');
INSERT INTO `permission` VALUES ('2', '/readData', '2', '查看数据');
INSERT INTO `permission` VALUES ('3', '/homePade', '1', '首页');

-- ----------------------------
-- Table structure for role
-- ----------------------------
DROP TABLE IF EXISTS `role`;
CREATE TABLE `role` (
  `id` int(11) NOT NULL AUTO_INCREMENT,
  `role` varchar(20) NOT NULL,
  `description` varchar(120) DEFAULT NULL,
  PRIMARY KEY (`id`)
) ENGINE=InnoDB AUTO_INCREMENT=3 DEFAULT CHARSET=utf8 COMMENT='角色表';

-- ----------------------------
-- Records of role
-- ----------------------------
INSERT INTO `role` VALUES ('1', '管理员', '管理员');
INSERT INTO `role` VALUES ('2', '普通用户', '普通用户');

-- ----------------------------
-- Table structure for s_department
-- ----------------------------
DROP TABLE IF EXISTS `s_department`;
CREATE TABLE `s_department` (
  `id` int(11) NOT NULL AUTO_INCREMENT COMMENT '部门id',
  `orgcode` varchar(60) DEFAULT NULL COMMENT '部门编号',
  `orgname` varchar(120) DEFAULT NULL COMMENT '部门名称',
  `parentid` int(11) DEFAULT NULL COMMENT '父级id',
  `smallname` varchar(50) DEFAULT NULL COMMENT '部门简称',
  `leader` varchar(120) DEFAULT NULL COMMENT '部门负责人',
  `leaderid` int(11) DEFAULT NULL COMMENT '部门负责人id',
  `level` smallint(6) DEFAULT NULL COMMENT '部门级次(0,公司；1，部门；2,部门下的部门)',
  `isstop` smallint(6) DEFAULT '0' COMMENT '是否停用（0，否；1，是）',
  `remarks` varchar(2000) DEFAULT NULL COMMENT '备注',
  PRIMARY KEY (`id`)
) ENGINE=InnoDB AUTO_INCREMENT=4 DEFAULT CHARSET=utf8 COMMENT='部门表';

-- ----------------------------
-- Records of s_department
-- ----------------------------
INSERT INTO `s_department` VALUES ('1', '1000', '软件公司', null, '软件开发', null, null, '0', '0', '软件开发企业');
INSERT INTO `s_department` VALUES ('2', '1001', '总经理办公室', '1', '总经理办公室', '苏星河', '3', '1', '0', '总经理办公室');
INSERT INTO `s_department` VALUES ('3', '1002', '开发部', '1', '开发部', '卓不凡', '4', '1', '0', '开发部');

-- ----------------------------
-- Table structure for s_dictionary
-- ----------------------------
DROP TABLE IF EXISTS `s_dictionary`;
CREATE TABLE `s_dictionary` (
  `id` int(11) NOT NULL AUTO_INCREMENT COMMENT '数据字典主键',
  `keycode` varchar(64) DEFAULT NULL COMMENT '英文编码',
  `keyname` varchar(64) DEFAULT NULL COMMENT '名称',
  `isstop` smallint(6) DEFAULT '0' COMMENT '是否停用（0，否；1，是）',
  `sort` smallint(6) DEFAULT NULL COMMENT '排序',
  PRIMARY KEY (`id`)
) ENGINE=InnoDB DEFAULT CHARSET=utf8 COMMENT='数据字典大类';

-- ----------------------------
-- Records of s_dictionary
-- ----------------------------

-- ----------------------------
-- Table structure for s_dictionary_detail
-- ----------------------------
DROP TABLE IF EXISTS `s_dictionary_detail`;
CREATE TABLE `s_dictionary_detail` (
  `id` int(11) NOT NULL AUTO_INCREMENT COMMENT '明细id',
  `dictid` varchar(64) DEFAULT NULL COMMENT '数据字典大类id',
  `keycode` varchar(64) DEFAULT NULL COMMENT '编码',
  `keyname` varchar(64) DEFAULT NULL COMMENT '名称',
  `isstop` smallint(6) DEFAULT '0' COMMENT '是否停用（0，否；1，是）',
  `sort` smallint(6) DEFAULT NULL COMMENT '排序',
  PRIMARY KEY (`id`)
) ENGINE=InnoDB DEFAULT CHARSET=utf8 COMMENT='数据字典明细';

-- ----------------------------
-- Records of s_dictionary_detail
-- ----------------------------

-- ----------------------------
-- Table structure for s_module
-- ----------------------------
DROP TABLE IF EXISTS `s_module`;
CREATE TABLE `s_module` (
  `id` int(11) NOT NULL AUTO_INCREMENT COMMENT '主键',
  `pageurl` varchar(225) DEFAULT NULL COMMENT '页面路径',
  `pagename` varchar(64) DEFAULT NULL COMMENT '模块名称',
  `parentid` int(11) DEFAULT NULL COMMENT '父模块id',
  `pagedepict` varchar(255) DEFAULT NULL COMMENT '模块描述',
  `level` smallint(6) DEFAULT NULL COMMENT '层级数',
  `sort` int(11) DEFAULT NULL COMMENT '排序次序',
  `pictureurl` varchar(225) DEFAULT NULL COMMENT '图片路径',
  PRIMARY KEY (`id`)
) ENGINE=InnoDB AUTO_INCREMENT=6 DEFAULT CHARSET=utf8 COMMENT='功能菜单表';

-- ----------------------------
-- Records of s_module
-- ----------------------------
INSERT INTO `s_module` VALUES ('1', null, '系统管理', null, '系统管理功能', '1', '1', null);
INSERT INTO `s_module` VALUES ('2', 'showSessionList.do', '在线日志', '1', '在线日志', '2', '1', null);
INSERT INTO `s_module` VALUES ('3', 'showSessionsLogList.do', '登陆日志', '1', '登陆日志', '2', '2', null);
INSERT INTO `s_module` VALUES ('4', 'showUserManageList.do', '用户管理', '1', '用户管理', '2', '3', null);
INSERT INTO `s_module` VALUES ('5', null, '岗位管理', '1', '岗位管理', '2', '4', null);

-- ----------------------------
-- Table structure for s_moduleop
-- ----------------------------
DROP TABLE IF EXISTS `s_moduleop`;
CREATE TABLE `s_moduleop` (
  `id` int(11) NOT NULL AUTO_INCREMENT COMMENT '操作id',
  `pid` varchar(64) DEFAULT NULL COMMENT '功能id',
  `permurl` varchar(64) DEFAULT NULL COMMENT '操作类型',
  `opname` varchar(64) DEFAULT NULL COMMENT '操作名称',
  `remarks` varchar(225) DEFAULT NULL COMMENT '备注',
  `sort` int(11) DEFAULT NULL COMMENT '排序次序',
  `isstop` smallint(6) DEFAULT '0' COMMENT '是否停用（0，否；1，是）',
  PRIMARY KEY (`id`)
) ENGINE=InnoDB AUTO_INCREMENT=7 DEFAULT CHARSET=utf8;

-- ----------------------------
-- Records of s_moduleop
-- ----------------------------
INSERT INTO `s_moduleop` VALUES ('1', '4', 'user:add', '新增', '新增操作按钮', '1', '0');
INSERT INTO `s_moduleop` VALUES ('2', '4', 'user:update', '修改', '修改操作按钮', '3', '0');
INSERT INTO `s_moduleop` VALUES ('3', '4', 'user:delete', '删除', '删除操作按钮', '2', '0');
INSERT INTO `s_moduleop` VALUES ('4', '', 'user:print', '打印', '打印操作按钮', '4', '0');
INSERT INTO `s_moduleop` VALUES ('5', '', 'user:import', '导入', '导入操作按钮', '5', '0');
INSERT INTO `s_moduleop` VALUES ('6', '', 'user:export', '导出', '导出操作按钮', '6', '0');

-- ----------------------------
-- Table structure for s_post
-- ----------------------------
DROP TABLE IF EXISTS `s_post`;
CREATE TABLE `s_post` (
  `id` int(11) NOT NULL AUTO_INCREMENT COMMENT '主键',
  `orgid` varchar(64) DEFAULT NULL COMMENT '部门id',
  `postcode` varchar(60) DEFAULT NULL COMMENT '职位编号',
  `postname` varchar(120) DEFAULT NULL COMMENT '职位名称',
  `parentid` int(11) DEFAULT NULL COMMENT '父级id',
  `isstop` smallint(6) DEFAULT '0' COMMENT '是否停用（0，否；1，是）',
  `remarks` varchar(2000) DEFAULT NULL COMMENT '备注',
  PRIMARY KEY (`id`)
) ENGINE=InnoDB AUTO_INCREMENT=4 DEFAULT CHARSET=utf8 COMMENT='职位信息表';

-- ----------------------------
-- Records of s_post
-- ----------------------------
INSERT INTO `s_post` VALUES ('1', '1002', '1002_01', '部门经理', null, '0', '部门经理');
INSERT INTO `s_post` VALUES ('2', '1002', '1002_02', '开发经理', null, '0', '开发经理');
INSERT INTO `s_post` VALUES ('3', '1002', '1002_03', '开发工程师', null, '0', '开发工程师');

-- ----------------------------
-- Table structure for s_post_meun
-- ----------------------------
DROP TABLE IF EXISTS `s_post_meun`;
CREATE TABLE `s_post_meun` (
  `postid` varchar(64) NOT NULL COMMENT '职位id',
  `moduleid` varchar(64) DEFAULT NULL COMMENT '模块id',
  `modopid` varchar(64) DEFAULT NULL COMMENT '操作id',
  `pid` varchar(64) DEFAULT NULL COMMENT '父级id',
  `type` smallint(6) DEFAULT NULL COMMENT '功能类型（0,功能；1,操作）'
) ENGINE=InnoDB DEFAULT CHARSET=utf8;

-- ----------------------------
-- Records of s_post_meun
-- ----------------------------
INSERT INTO `s_post_meun` VALUES ('1', '1', null, null, '0');
INSERT INTO `s_post_meun` VALUES ('1', '2', null, null, '0');
INSERT INTO `s_post_meun` VALUES ('1', '4', null, '1', '0');
INSERT INTO `s_post_meun` VALUES ('1', '4', '1', '4', '1');
INSERT INTO `s_post_meun` VALUES ('2', '3', null, '1', '0');

-- ----------------------------
-- Table structure for s_session
-- ----------------------------
DROP TABLE IF EXISTS `s_session`;
CREATE TABLE `s_session` (
  `sessionId` varchar(64) NOT NULL,
  `hostIp` varchar(64) DEFAULT NULL COMMENT '主机ip',
  `timeout` mediumtext COMMENT 'session超时时间',
  `startTime` varchar(64) DEFAULT NULL COMMENT '开始登录时间',
  `lastTime` varchar(64) DEFAULT NULL COMMENT '最后登陆时间',
  `userId` int(11) DEFAULT NULL COMMENT '用户id',
  `userName` varchar(64) DEFAULT NULL COMMENT '用户名称',
  `loginName` varchar(64) DEFAULT NULL COMMENT '用户名称',
  `session` varchar(2000) DEFAULT NULL COMMENT '序列化的session',
  PRIMARY KEY (`sessionId`)
) ENGINE=InnoDB DEFAULT CHARSET=utf8;

-- ----------------------------
-- Records of s_session
-- ----------------------------
INSERT INTO `s_session` VALUES ('05c2e99e-08b3-424e-89bf-edd0c54aa376', '127.0.0.1', '1800000', '2019-01-21 15:59:25', '2019-01-21 15:59:25', null, null, null, 'rO0ABXNyACpvcmcuYXBhY2hlLnNoaXJvLnNlc3Npb24ubWd0LlNpbXBsZVNlc3Npb26dHKG41YxibgMAAHhwdwIAW3QAJDA1YzJlOTllLTA4YjMtNDI0ZS04OWJmLWVkZDBjNTRhYTM3NnNyAA5qYXZhLnV0aWwuRGF0ZWhqgQFLWXQZAwAAeHB3CAAAAWhva9fceHEAfgAEdxkAAAAAABt3QAAPMDowOjA6MDowOjA6MDoxeA==');
INSERT INTO `s_session` VALUES ('05c5bdf5-ef77-464e-88c9-743201d36366', '127.0.0.1', '1800000', '2019-01-21 13:47:14', '2019-01-21 13:47:14', null, null, null, 'rO0ABXNyACpvcmcuYXBhY2hlLnNoaXJvLnNlc3Npb24ubWd0LlNpbXBsZVNlc3Npb26dHKG41YxibgMAAHhwdwIAW3QAJDA1YzViZGY1LWVmNzctNDY0ZS04OGM5LTc0MzIwMWQzNjM2NnNyAA5qYXZhLnV0aWwuRGF0ZWhqgQFLWXQZAwAAeHB3CAAAAWhu8tQ7eHEAfgAEdxkAAAAAABt3QAAPMDowOjA6MDowOjA6MDoxeA==');
INSERT INTO `s_session` VALUES ('07069bba-d78c-46df-97c9-f3dbd5f09d92', '127.0.0.1', '1800000', '2019-01-21 16:02:52', '2019-01-21 16:02:52', '2', 'admin', 'admin', 'rO0ABXNyACpvcmcuYXBhY2hlLnNoaXJvLnNlc3Npb24ubWd0LlNpbXBsZVNlc3Npb26dHKG41YxibgMAAHhwdwIA23QAJDA3MDY5YmJhLWQ3OGMtNDZkZi05N2M5LWYzZGJkNWYwOWQ5MnNyAA5qYXZhLnV0aWwuRGF0ZWhqgQFLWXQZAwAAeHB3CAAAAWhvbwIbeHEAfgAEdxkAAAAAABt3QAAPMDowOjA6MDowOjA6MDoxc3IAEWphdmEudXRpbC5IYXNoTWFwBQfawcMWYNEDAAJGAApsb2FkRmFjdG9ySQAJdGhyZXNob2xkeHA/QAAAAAAADHcIAAAAEAAAAAJ0AFBvcmcuYXBhY2hlLnNoaXJvLnN1YmplY3Quc3VwcG9ydC5EZWZhdWx0U3ViamVjdENvbnRleHRfQVVUSEVOVElDQVRFRF9TRVNTSU9OX0tFWXNyABFqYXZhLmxhbmcuQm9vbGVhbs0gcoDVnPruAgABWgAFdmFsdWV4cAF0AE1vcmcuYXBhY2hlLnNoaXJvLnN1YmplY3Quc3VwcG9ydC5EZWZhdWx0U3ViamVjdENvbnRleHRfUFJJTkNJUEFMU19TRVNTSU9OX0tFWXNyADJvcmcuYXBhY2hlLnNoaXJvLnN1YmplY3QuU2ltcGxlUHJpbmNpcGFsQ29sbGVjdGlvbqh/WCXGowhKAwABTAAPcmVhbG1QcmluY2lwYWxzdAAPTGphdmEvdXRpbC9NYXA7eHBzcgAXamF2YS51dGlsLkxpbmtlZEhhc2hNYXA0wE5cEGzA+wIAAVoAC2FjY2Vzc09yZGVyeHEAfgAFP0AAAAAAAAx3CAAAABAAAAABdAAMTXlTaGlyb1JlYW1sc3IAF2phdmEudXRpbC5MaW5rZWRIYXNoU2V02GzXWpXdKh4CAAB4cgARamF2YS51dGlsLkhhc2hTZXS6RIWVlri3NAMAAHhwdwwAAAAQP0AAAAAAAAFzcgAfY29tLnRzLm1vZHVsZS5zeXN0ZW0ubW9kZWwuVXNlcgAAAAAAAAABAgAHSQAGaXNTdG9wSQAGdXNlcklkTAAHYWNjb3VudHQAEkxqYXZhL2xhbmcvU3RyaW5nO0wAB29yZ0NvZGVxAH4AFUwACHBhc3N3b3JkcQB+ABVMAAhwb3N0Q29kZXEAfgAVTAAIdXNlck5hbWVxAH4AFXhwAAAAAAAAAAJ0AAVhZG1pbnQAAzEwMnQAATF0AAUxMDIwMXQABWFkbWlueHgAdwEBcQB+AA94eHg=');
INSERT INTO `s_session` VALUES ('071c610f-bab5-4223-adb1-a43f173f7c5d', '127.0.0.1', '1800000', '2019-01-21 16:02:52', '2019-01-21 16:02:52', null, null, null, 'rO0ABXNyACpvcmcuYXBhY2hlLnNoaXJvLnNlc3Npb24ubWd0LlNpbXBsZVNlc3Npb26dHKG41YxibgMAAHhwdwIA23QAJDA3MWM2MTBmLWJhYjUtNDIyMy1hZGIxLWE0M2YxNzNmN2M1ZHNyAA5qYXZhLnV0aWwuRGF0ZWhqgQFLWXQZAwAAeHB3CAAAAWhvbwIxeHEAfgAEdxkAAAAAABt3QAAPMDowOjA6MDowOjA6MDoxc3IAEWphdmEudXRpbC5IYXNoTWFwBQfawcMWYNEDAAJGAApsb2FkRmFjdG9ySQAJdGhyZXNob2xkeHA/QAAAAAAADHcIAAAAEAAAAAF0ABFzaGlyb1NhdmVkUmVxdWVzdHNyACZvcmcuYXBhY2hlLnNoaXJvLndlYi51dGlsLlNhdmVkUmVxdWVzdK/OPK15gsq6AgADTAAGbWV0aG9kdAASTGphdmEvbGFuZy9TdHJpbmc7TAALcXVlcnlTdHJpbmdxAH4ACUwACnJlcXVlc3RVUklxAH4ACXhwdAADR0VUcHQAQy9tdmNfc2hpcm8vaW5kZXguZG87SlNFU1NJT05JRD0wNzA2OWJiYS1kNzhjLTQ2ZGYtOTdjOS1mM2RiZDVmMDlkOTJ4eA==');
INSERT INTO `s_session` VALUES ('0826b048-4d17-46ea-a063-665c71433c1b', '127.0.0.1', '1800000', '2019-01-21 15:58:46', '2019-01-21 15:58:46', null, null, null, 'rO0ABXNyACpvcmcuYXBhY2hlLnNoaXJvLnNlc3Npb24ubWd0LlNpbXBsZVNlc3Npb26dHKG41YxibgMAAHhwdwIA23QAJDA4MjZiMDQ4LTRkMTctNDZlYS1hMDYzLTY2NWM3MTQzM2MxYnNyAA5qYXZhLnV0aWwuRGF0ZWhqgQFLWXQZAwAAeHB3CAAAAWhvaz99eHEAfgAEdxkAAAAAABt3QAAPMDowOjA6MDowOjA6MDoxc3IAEWphdmEudXRpbC5IYXNoTWFwBQfawcMWYNEDAAJGAApsb2FkRmFjdG9ySQAJdGhyZXNob2xkeHA/QAAAAAAADHcIAAAAEAAAAAF0ABFzaGlyb1NhdmVkUmVxdWVzdHNyACZvcmcuYXBhY2hlLnNoaXJvLndlYi51dGlsLlNhdmVkUmVxdWVzdK/OPK15gsq6AgADTAAGbWV0aG9kdAASTGphdmEvbGFuZy9TdHJpbmc7TAALcXVlcnlTdHJpbmdxAH4ACUwACnJlcXVlc3RVUklxAH4ACXhwdAAEUE9TVHB0ABUvbXZjX3NoaXJvL3VzZXIvbG9naW54eA==');
INSERT INTO `s_session` VALUES ('0c24bae2-6798-43cc-85e5-bf54add83d21', '127.0.0.1', '1800000', '2019-02-17 21:05:25', '2019-02-17 21:05:45', '2', 'admin', 'admin', 'rO0ABXNyACpvcmcuYXBhY2hlLnNoaXJvLnNlc3Npb24ubWd0LlNpbXBsZVNlc3Npb26dHKG41YxibgMAAHhwdwIA23QAJDBjMjRiYWUyLTY3OTgtNDNjYy04NWU1LWJmNTRhZGQ4M2QyMXNyAA5qYXZhLnV0aWwuRGF0ZWhqgQFLWXQZAwAAeHB3CAAAAWj7j7QPeHNxAH4AA3cIAAABaPuQATZ4dxkAAAAAABt3QAAPMDowOjA6MDowOjA6MDoxc3IAEWphdmEudXRpbC5IYXNoTWFwBQfawcMWYNEDAAJGAApsb2FkRmFjdG9ySQAJdGhyZXNob2xkeHA/QAAAAAAADHcIAAAAEAAAAAN0AAdraWNrb3V0c3IAEWphdmEubGFuZy5Cb29sZWFuzSBygNWc+u4CAAFaAAV2YWx1ZXhwAXQAUG9yZy5hcGFjaGUuc2hpcm8uc3ViamVjdC5zdXBwb3J0LkRlZmF1bHRTdWJqZWN0Q29udGV4dF9BVVRIRU5USUNBVEVEX1NFU1NJT05fS0VZcQB+AAp0AE1vcmcuYXBhY2hlLnNoaXJvLnN1YmplY3Quc3VwcG9ydC5EZWZhdWx0U3ViamVjdENvbnRleHRfUFJJTkNJUEFMU19TRVNTSU9OX0tFWXNyADJvcmcuYXBhY2hlLnNoaXJvLnN1YmplY3QuU2ltcGxlUHJpbmNpcGFsQ29sbGVjdGlvbqh/WCXGowhKAwABTAAPcmVhbG1QcmluY2lwYWxzdAAPTGphdmEvdXRpbC9NYXA7eHBzcgAXamF2YS51dGlsLkxpbmtlZEhhc2hNYXA0wE5cEGzA+wIAAVoAC2FjY2Vzc09yZGVyeHEAfgAGP0AAAAAAAAx3CAAAABAAAAABdAAMTXlTaGlyb1JlYW1sc3IAF2phdmEudXRpbC5MaW5rZWRIYXNoU2V02GzXWpXdKh4CAAB4cgARamF2YS51dGlsLkhhc2hTZXS6RIWVlri3NAMAAHhwdwwAAAAQP0AAAAAAAAFzcgAfY29tLnRzLm1vZHVsZS5zeXN0ZW0ubW9kZWwuVXNlcgAAAAAAAAABAgAHSQAGaXNTdG9wSQAGdXNlcklkTAAHYWNjb3VudHQAEkxqYXZhL2xhbmcvU3RyaW5nO0wAB29yZ0NvZGVxAH4AF0wACHBhc3N3b3JkcQB+ABdMAAhwb3N0Q29kZXEAfgAXTAAIdXNlck5hbWVxAH4AF3hwAAAAAAAAAAJ0AAVhZG1pbnQAAzEwMnQAATF0AAUxMDIwMXQABWFkbWlueHgAdwEBcQB+ABF4eHg=');
INSERT INTO `s_session` VALUES ('0cdebe59-25d3-4310-9179-bb0baa87a7b5', '127.0.0.1', '1800000', '2019-02-19 23:01:11', '2019-02-19 23:54:51', '2', 'admin', 'admin', 'rO0ABXNyACpvcmcuYXBhY2hlLnNoaXJvLnNlc3Npb24ubWd0LlNpbXBsZVNlc3Npb26dHKG41YxibgMAAHhwdwIA23QAJDBjZGViZTU5LTI1ZDMtNDMxMC05MTc5LWJiMGJhYTg3YTdiNXNyAA5qYXZhLnV0aWwuRGF0ZWhqgQFLWXQZAwAAeHB3CAAAAWkGRmkkeHNxAH4AA3cIAAABaQZ3jNJ4dxkAAAAAABt3QAAPMDowOjA6MDowOjA6MDoxc3IAEWphdmEudXRpbC5IYXNoTWFwBQfawcMWYNEDAAJGAApsb2FkRmFjdG9ySQAJdGhyZXNob2xkeHA/QAAAAAAADHcIAAAAEAAAAAN0AAdraWNrb3V0c3IAEWphdmEubGFuZy5Cb29sZWFuzSBygNWc+u4CAAFaAAV2YWx1ZXhwAXQAUG9yZy5hcGFjaGUuc2hpcm8uc3ViamVjdC5zdXBwb3J0LkRlZmF1bHRTdWJqZWN0Q29udGV4dF9BVVRIRU5USUNBVEVEX1NFU1NJT05fS0VZc3EAfgAJAXQATW9yZy5hcGFjaGUuc2hpcm8uc3ViamVjdC5zdXBwb3J0LkRlZmF1bHRTdWJqZWN0Q29udGV4dF9QUklOQ0lQQUxTX1NFU1NJT05fS0VZc3IAMm9yZy5hcGFjaGUuc2hpcm8uc3ViamVjdC5TaW1wbGVQcmluY2lwYWxDb2xsZWN0aW9uqH9YJcajCEoDAAFMAA9yZWFsbVByaW5jaXBhbHN0AA9MamF2YS91dGlsL01hcDt4cHNyABdqYXZhLnV0aWwuTGlua2VkSGFzaE1hcDTATlwQbMD7AgABWgALYWNjZXNzT3JkZXJ4cQB+AAY/QAAAAAAADHcIAAAAEAAAAAF0AAxNeVNoaXJvUmVhbWxzcgAXamF2YS51dGlsLkxpbmtlZEhhc2hTZXTYbNdald0qHgIAAHhyABFqYXZhLnV0aWwuSGFzaFNldLpEhZWWuLc0AwAAeHB3DAAAAAI/QAAAAAAAAXNyAB9jb20udHMubW9kdWxlLnN5c3RlbS5tb2RlbC5Vc2VyAAAAAAAAAAECAAdJAAZpc1N0b3BJAAZ1c2VySWRMAAdhY2NvdW50dAASTGphdmEvbGFuZy9TdHJpbmc7TAAHb3JnQ29kZXEAfgAYTAAIcGFzc3dvcmRxAH4AGEwACHBvc3RDb2RlcQB+ABhMAAh1c2VyTmFtZXEAfgAYeHAAAAAAAAAAAnQABWFkbWludAADMTAydAABMXQABTEwMjAxdAAFYWRtaW54eAB3AQFxAH4AEnh4eA==');
INSERT INTO `s_session` VALUES ('0fc81428-644b-4a7b-9c2f-3525d7628627', '192.168.1.102', '1800000', '2019-09-22 01:04:02', '2019-09-22 01:30:44', '2', 'admin', 'admin', 'rO0ABXNyACpvcmcuYXBhY2hlLnNoaXJvLnNlc3Npb24ubWd0LlNpbXBsZVNlc3Npb26dHKG41YxibgMAAHhwdwIA23QAJDBmYzgxNDI4LTY0NGItNGE3Yi05YzJmLTM1MjVkNzYyODYyN3NyAA5qYXZhLnV0aWwuRGF0ZWhqgQFLWXQZAwAAeHB3CAAAAW1Ux8rOeHNxAH4AA3cIAAABbVTgOht4dxcAAAAAABt3QAANMTkyLjE2OC4xLjEwMnNyABFqYXZhLnV0aWwuSGFzaE1hcAUH2sHDFmDRAwACRgAKbG9hZEZhY3RvckkACXRocmVzaG9sZHhwP0AAAAAAAAx3CAAAABAAAAACdABQb3JnLmFwYWNoZS5zaGlyby5zdWJqZWN0LnN1cHBvcnQuRGVmYXVsdFN1YmplY3RDb250ZXh0X0FVVEhFTlRJQ0FURURfU0VTU0lPTl9LRVlzcgARamF2YS5sYW5nLkJvb2xlYW7NIHKA1Zz67gIAAVoABXZhbHVleHABdABNb3JnLmFwYWNoZS5zaGlyby5zdWJqZWN0LnN1cHBvcnQuRGVmYXVsdFN1YmplY3RDb250ZXh0X1BSSU5DSVBBTFNfU0VTU0lPTl9LRVlzcgAyb3JnLmFwYWNoZS5zaGlyby5zdWJqZWN0LlNpbXBsZVByaW5jaXBhbENvbGxlY3Rpb26of1glxqMISgMAAUwAD3JlYWxtUHJpbmNpcGFsc3QAD0xqYXZhL3V0aWwvTWFwO3hwc3IAF2phdmEudXRpbC5MaW5rZWRIYXNoTWFwNMBOXBBswPsCAAFaAAthY2Nlc3NPcmRlcnhxAH4ABj9AAAAAAAAMdwgAAAAQAAAAAXQADE15U2hpcm9SZWFtbHNyABdqYXZhLnV0aWwuTGlua2VkSGFzaFNldNhs11qV3SoeAgAAeHIAEWphdmEudXRpbC5IYXNoU2V0ukSFlZa4tzQDAAB4cHcMAAAAED9AAAAAAAABc3IAH2NvbS50cy5tb2R1bGUuc3lzdGVtLm1vZGVsLlVzZXIAAAAAAAAAAQIAB0kABmlzU3RvcEkABnVzZXJJZEwAB2FjY291bnR0ABJMamF2YS9sYW5nL1N0cmluZztMAAdvcmdDb2RlcQB+ABZMAAhwYXNzd29yZHEAfgAWTAAIcG9zdENvZGVxAH4AFkwACHVzZXJOYW1lcQB+ABZ4cAAAAAAAAAACdAAFYWRtaW50AAMxMDJ0AAExdAAFMTAyMDF0AAVhZG1pbnh4AHcBAXEAfgAQeHh4');
INSERT INTO `s_session` VALUES ('11a055e8-07c6-4f35-a01c-d35881779294', '127.0.0.1', '1800000', '2019-01-21 16:02:39', '2019-01-21 16:02:39', null, null, null, 'rO0ABXNyACpvcmcuYXBhY2hlLnNoaXJvLnNlc3Npb24ubWd0LlNpbXBsZVNlc3Npb26dHKG41YxibgMAAHhwdwIAW3QAJDExYTA1NWU4LTA3YzYtNGYzNS1hMDFjLWQzNTg4MTc3OTI5NHNyAA5qYXZhLnV0aWwuRGF0ZWhqgQFLWXQZAwAAeHB3CAAAAWhvbs7xeHEAfgAEdxkAAAAAABt3QAAPMDowOjA6MDowOjA6MDoxeA==');
INSERT INTO `s_session` VALUES ('1380e3a8-392d-436c-8205-cd54d069e09c', '127.0.0.1', '1800000', '2019-01-21 15:59:03', '2019-01-21 15:59:03', null, null, null, 'rO0ABXNyACpvcmcuYXBhY2hlLnNoaXJvLnNlc3Npb24ubWd0LlNpbXBsZVNlc3Npb26dHKG41YxibgMAAHhwdwIAW3QAJDEzODBlM2E4LTM5MmQtNDM2Yy04MjA1LWNkNTRkMDY5ZTA5Y3NyAA5qYXZhLnV0aWwuRGF0ZWhqgQFLWXQZAwAAeHB3CAAAAWhva4MKeHEAfgAEdxkAAAAAABt3QAAPMDowOjA6MDowOjA6MDoxeA==');
INSERT INTO `s_session` VALUES ('1dc1090b-b711-4be8-b0b3-72e885041321', '127.0.0.1', '1800000', '2019-01-21 16:06:22', '2019-01-21 16:06:22', null, null, null, 'rO0ABXNyACpvcmcuYXBhY2hlLnNoaXJvLnNlc3Npb24ubWd0LlNpbXBsZVNlc3Npb26dHKG41YxibgMAAHhwdwIAW3QAJDFkYzEwOTBiLWI3MTEtNGJlOC1iMGIzLTcyZTg4NTA0MTMyMXNyAA5qYXZhLnV0aWwuRGF0ZWhqgQFLWXQZAwAAeHB3CAAAAWhvcjcseHEAfgAEdxkAAAAAABt3QAAPMDowOjA6MDowOjA6MDoxeA==');
INSERT INTO `s_session` VALUES ('23ea105b-682c-46df-81fa-62feed1330b5', '127.0.0.1', '1800000', '2019-02-14 21:40:21', '2019-02-15 00:49:19', '2', 'admin', 'admin', 'rO0ABXNyACpvcmcuYXBhY2hlLnNoaXJvLnNlc3Npb24ubWd0LlNpbXBsZVNlc3Npb26dHKG41YxibgMAAHhwdwIA23QAJDIzZWExMDViLTY4MmMtNDZkZi04MWZhLTYyZmVlZDEzMzBiNXNyAA5qYXZhLnV0aWwuRGF0ZWhqgQFLWXQZAwAAeHB3CAAAAWjsPJy4eHNxAH4AA3cIAAABaOzpmwV4dxkAAAAAABt3QAAPMDowOjA6MDowOjA6MDoxc3IAEWphdmEudXRpbC5IYXNoTWFwBQfawcMWYNEDAAJGAApsb2FkRmFjdG9ySQAJdGhyZXNob2xkeHA/QAAAAAAADHcIAAAAEAAAAAN0AAdraWNrb3V0c3IAEWphdmEubGFuZy5Cb29sZWFuzSBygNWc+u4CAAFaAAV2YWx1ZXhwAXQAUG9yZy5hcGFjaGUuc2hpcm8uc3ViamVjdC5zdXBwb3J0LkRlZmF1bHRTdWJqZWN0Q29udGV4dF9BVVRIRU5USUNBVEVEX1NFU1NJT05fS0VZc3EAfgAJAXQATW9yZy5hcGFjaGUuc2hpcm8uc3ViamVjdC5zdXBwb3J0LkRlZmF1bHRTdWJqZWN0Q29udGV4dF9QUklOQ0lQQUxTX1NFU1NJT05fS0VZc3IAMm9yZy5hcGFjaGUuc2hpcm8uc3ViamVjdC5TaW1wbGVQcmluY2lwYWxDb2xsZWN0aW9uqH9YJcajCEoDAAFMAA9yZWFsbVByaW5jaXBhbHN0AA9MamF2YS91dGlsL01hcDt4cHNyABdqYXZhLnV0aWwuTGlua2VkSGFzaE1hcDTATlwQbMD7AgABWgALYWNjZXNzT3JkZXJ4cQB+AAY/QAAAAAAADHcIAAAAEAAAAAF0AAxNeVNoaXJvUmVhbWxzcgAXamF2YS51dGlsLkxpbmtlZEhhc2hTZXTYbNdald0qHgIAAHhyABFqYXZhLnV0aWwuSGFzaFNldLpEhZWWuLc0AwAAeHB3DAAAAAI/QAAAAAAAAXNyAB9jb20udHMubW9kdWxlLnN5c3RlbS5tb2RlbC5Vc2VyAAAAAAAAAAECAAdJAAZpc1N0b3BJAAZ1c2VySWRMAAdhY2NvdW50dAASTGphdmEvbGFuZy9TdHJpbmc7TAAHb3JnQ29kZXEAfgAYTAAIcGFzc3dvcmRxAH4AGEwACHBvc3RDb2RlcQB+ABhMAAh1c2VyTmFtZXEAfgAYeHAAAAAAAAAAAnQABWFkbWludAADMTAydAABMXQABTEwMjAxdAAFYWRtaW54eAB3AQFxAH4AEnh4eA==');
INSERT INTO `s_session` VALUES ('25ba07bc-b14a-410f-a638-db6febf1f2a4', '127.0.0.1', '1800000', '2019-01-21 09:00:16', '2019-01-21 09:04:26', '2', 'admin', 'admin', 'rO0ABXNyACpvcmcuYXBhY2hlLnNoaXJvLnNlc3Npb24ubWd0LlNpbXBsZVNlc3Npb26dHKG41YxibgMAAHhwdwIA23QAJDI1YmEwN2JjLWIxNGEtNDEwZi1hNjM4LWRiNmZlYmYxZjJhNHNyAA5qYXZhLnV0aWwuRGF0ZWhqgQFLWXQZAwAAeHB3CAAAAWht7Br4eHNxAH4AA3cIAAABaG3v6fV4dxkAAAAAABt3QAAPMDowOjA6MDowOjA6MDoxc3IAEWphdmEudXRpbC5IYXNoTWFwBQfawcMWYNEDAAJGAApsb2FkRmFjdG9ySQAJdGhyZXNob2xkeHA/QAAAAAAADHcIAAAAEAAAAAJ0AFBvcmcuYXBhY2hlLnNoaXJvLnN1YmplY3Quc3VwcG9ydC5EZWZhdWx0U3ViamVjdENvbnRleHRfQVVUSEVOVElDQVRFRF9TRVNTSU9OX0tFWXNyABFqYXZhLmxhbmcuQm9vbGVhbs0gcoDVnPruAgABWgAFdmFsdWV4cAF0AE1vcmcuYXBhY2hlLnNoaXJvLnN1YmplY3Quc3VwcG9ydC5EZWZhdWx0U3ViamVjdENvbnRleHRfUFJJTkNJUEFMU19TRVNTSU9OX0tFWXNyADJvcmcuYXBhY2hlLnNoaXJvLnN1YmplY3QuU2ltcGxlUHJpbmNpcGFsQ29sbGVjdGlvbqh/WCXGowhKAwABTAAPcmVhbG1QcmluY2lwYWxzdAAPTGphdmEvdXRpbC9NYXA7eHBzcgAXamF2YS51dGlsLkxpbmtlZEhhc2hNYXA0wE5cEGzA+wIAAVoAC2FjY2Vzc09yZGVyeHEAfgAGP0AAAAAAAAx3CAAAABAAAAABdAAMTXlTaGlyb1JlYW1sc3IAF2phdmEudXRpbC5MaW5rZWRIYXNoU2V02GzXWpXdKh4CAAB4cgARamF2YS51dGlsLkhhc2hTZXS6RIWVlri3NAMAAHhwdwwAAAAQP0AAAAAAAAFzcgAfY29tLnRzLm1vZHVsZS5zeXN0ZW0ubW9kZWwuVXNlcgAAAAAAAAABAgAHSQAGaXNTdG9wSQAGdXNlcklkTAAHYWNjb3VudHQAEkxqYXZhL2xhbmcvU3RyaW5nO0wAB29yZ0NvZGVxAH4AFkwACHBhc3N3b3JkcQB+ABZMAAhwb3N0Q29kZXEAfgAWTAAIdXNlck5hbWVxAH4AFnhwAAAAAAAAAAJ0AAVhZG1pbnQAAzEwMnQAATF0AAUxMDIwMXQABWFkbWlueHgAdwEBcQB+ABB4eHg=');
INSERT INTO `s_session` VALUES ('25e1a09b-1e76-451e-b146-571922068c19', '127.0.0.1', '1800000', '2019-01-21 16:06:09', '2019-01-21 16:06:09', null, null, null, 'rO0ABXNyACpvcmcuYXBhY2hlLnNoaXJvLnNlc3Npb24ubWd0LlNpbXBsZVNlc3Npb26dHKG41YxibgMAAHhwdwIAW3QAJDI1ZTFhMDliLTFlNzYtNDUxZS1iMTQ2LTU3MTkyMjA2OGMxOXNyAA5qYXZhLnV0aWwuRGF0ZWhqgQFLWXQZAwAAeHB3CAAAAWhvcgIreHEAfgAEdxkAAAAAABt3QAAPMDowOjA6MDowOjA6MDoxeA==');
INSERT INTO `s_session` VALUES ('3511711c-ffba-4b49-bea1-0593b86d1175', '127.0.0.1', '1800000', '2019-01-21 15:59:49', '2019-01-21 15:59:49', '2', 'admin', 'admin', 'rO0ABXNyACpvcmcuYXBhY2hlLnNoaXJvLnNlc3Npb24ubWd0LlNpbXBsZVNlc3Npb26dHKG41YxibgMAAHhwdwIA23QAJDM1MTE3MTFjLWZmYmEtNGI0OS1iZWExLTA1OTNiODZkMTE3NXNyAA5qYXZhLnV0aWwuRGF0ZWhqgQFLWXQZAwAAeHB3CAAAAWhvbDYseHEAfgAEdxkAAAAAABt3QAAPMDowOjA6MDowOjA6MDoxc3IAEWphdmEudXRpbC5IYXNoTWFwBQfawcMWYNEDAAJGAApsb2FkRmFjdG9ySQAJdGhyZXNob2xkeHA/QAAAAAAADHcIAAAAEAAAAAJ0AFBvcmcuYXBhY2hlLnNoaXJvLnN1YmplY3Quc3VwcG9ydC5EZWZhdWx0U3ViamVjdENvbnRleHRfQVVUSEVOVElDQVRFRF9TRVNTSU9OX0tFWXNyABFqYXZhLmxhbmcuQm9vbGVhbs0gcoDVnPruAgABWgAFdmFsdWV4cAF0AE1vcmcuYXBhY2hlLnNoaXJvLnN1YmplY3Quc3VwcG9ydC5EZWZhdWx0U3ViamVjdENvbnRleHRfUFJJTkNJUEFMU19TRVNTSU9OX0tFWXNyADJvcmcuYXBhY2hlLnNoaXJvLnN1YmplY3QuU2ltcGxlUHJpbmNpcGFsQ29sbGVjdGlvbqh/WCXGowhKAwABTAAPcmVhbG1QcmluY2lwYWxzdAAPTGphdmEvdXRpbC9NYXA7eHBzcgAXamF2YS51dGlsLkxpbmtlZEhhc2hNYXA0wE5cEGzA+wIAAVoAC2FjY2Vzc09yZGVyeHEAfgAFP0AAAAAAAAx3CAAAABAAAAABdAAMTXlTaGlyb1JlYW1sc3IAF2phdmEudXRpbC5MaW5rZWRIYXNoU2V02GzXWpXdKh4CAAB4cgARamF2YS51dGlsLkhhc2hTZXS6RIWVlri3NAMAAHhwdwwAAAAQP0AAAAAAAAFzcgAfY29tLnRzLm1vZHVsZS5zeXN0ZW0ubW9kZWwuVXNlcgAAAAAAAAABAgAHSQAGaXNTdG9wSQAGdXNlcklkTAAHYWNjb3VudHQAEkxqYXZhL2xhbmcvU3RyaW5nO0wAB29yZ0NvZGVxAH4AFUwACHBhc3N3b3JkcQB+ABVMAAhwb3N0Q29kZXEAfgAVTAAIdXNlck5hbWVxAH4AFXhwAAAAAAAAAAJ0AAVhZG1pbnQAAzEwMnQAATF0AAUxMDIwMXQABWFkbWlueHgAdwEBcQB+AA94eHg=');
INSERT INTO `s_session` VALUES ('39c2510d-0342-4ec0-8d5a-1440c7f13440', '127.0.0.1', '1800000', '2019-01-21 16:02:39', '2019-01-21 16:02:39', '2', 'admin', 'admin', 'rO0ABXNyACpvcmcuYXBhY2hlLnNoaXJvLnNlc3Npb24ubWd0LlNpbXBsZVNlc3Npb26dHKG41YxibgMAAHhwdwIA23QAJDM5YzI1MTBkLTAzNDItNGVjMC04ZDVhLTE0NDBjN2YxMzQ0MHNyAA5qYXZhLnV0aWwuRGF0ZWhqgQFLWXQZAwAAeHB3CAAAAWhvbs7MeHEAfgAEdxkAAAAAABt3QAAPMDowOjA6MDowOjA6MDoxc3IAEWphdmEudXRpbC5IYXNoTWFwBQfawcMWYNEDAAJGAApsb2FkRmFjdG9ySQAJdGhyZXNob2xkeHA/QAAAAAAADHcIAAAAEAAAAAJ0AFBvcmcuYXBhY2hlLnNoaXJvLnN1YmplY3Quc3VwcG9ydC5EZWZhdWx0U3ViamVjdENvbnRleHRfQVVUSEVOVElDQVRFRF9TRVNTSU9OX0tFWXNyABFqYXZhLmxhbmcuQm9vbGVhbs0gcoDVnPruAgABWgAFdmFsdWV4cAF0AE1vcmcuYXBhY2hlLnNoaXJvLnN1YmplY3Quc3VwcG9ydC5EZWZhdWx0U3ViamVjdENvbnRleHRfUFJJTkNJUEFMU19TRVNTSU9OX0tFWXNyADJvcmcuYXBhY2hlLnNoaXJvLnN1YmplY3QuU2ltcGxlUHJpbmNpcGFsQ29sbGVjdGlvbqh/WCXGowhKAwABTAAPcmVhbG1QcmluY2lwYWxzdAAPTGphdmEvdXRpbC9NYXA7eHBzcgAXamF2YS51dGlsLkxpbmtlZEhhc2hNYXA0wE5cEGzA+wIAAVoAC2FjY2Vzc09yZGVyeHEAfgAFP0AAAAAAAAx3CAAAABAAAAABdAAMTXlTaGlyb1JlYW1sc3IAF2phdmEudXRpbC5MaW5rZWRIYXNoU2V02GzXWpXdKh4CAAB4cgARamF2YS51dGlsLkhhc2hTZXS6RIWVlri3NAMAAHhwdwwAAAAQP0AAAAAAAAFzcgAfY29tLnRzLm1vZHVsZS5zeXN0ZW0ubW9kZWwuVXNlcgAAAAAAAAABAgAHSQAGaXNTdG9wSQAGdXNlcklkTAAHYWNjb3VudHQAEkxqYXZhL2xhbmcvU3RyaW5nO0wAB29yZ0NvZGVxAH4AFUwACHBhc3N3b3JkcQB+ABVMAAhwb3N0Q29kZXEAfgAVTAAIdXNlck5hbWVxAH4AFXhwAAAAAAAAAAJ0AAVhZG1pbnQAAzEwMnQAATF0AAUxMDIwMXQABWFkbWlueHgAdwEBcQB+AA94eHg=');
INSERT INTO `s_session` VALUES ('3bdfc126-a12d-4d19-bb77-278f3cdb841e', '127.0.0.1', '1800000', '2019-01-21 15:59:25', '2019-01-21 15:59:25', '2', 'admin', 'admin', 'rO0ABXNyACpvcmcuYXBhY2hlLnNoaXJvLnNlc3Npb24ubWd0LlNpbXBsZVNlc3Npb26dHKG41YxibgMAAHhwdwIA23QAJDNiZGZjMTI2LWExMmQtNGQxOS1iYjc3LTI3OGYzY2RiODQxZXNyAA5qYXZhLnV0aWwuRGF0ZWhqgQFLWXQZAwAAeHB3CAAAAWhva9e2eHEAfgAEdxkAAAAAABt3QAAPMDowOjA6MDowOjA6MDoxc3IAEWphdmEudXRpbC5IYXNoTWFwBQfawcMWYNEDAAJGAApsb2FkRmFjdG9ySQAJdGhyZXNob2xkeHA/QAAAAAAADHcIAAAAEAAAAAJ0AFBvcmcuYXBhY2hlLnNoaXJvLnN1YmplY3Quc3VwcG9ydC5EZWZhdWx0U3ViamVjdENvbnRleHRfQVVUSEVOVElDQVRFRF9TRVNTSU9OX0tFWXNyABFqYXZhLmxhbmcuQm9vbGVhbs0gcoDVnPruAgABWgAFdmFsdWV4cAF0AE1vcmcuYXBhY2hlLnNoaXJvLnN1YmplY3Quc3VwcG9ydC5EZWZhdWx0U3ViamVjdENvbnRleHRfUFJJTkNJUEFMU19TRVNTSU9OX0tFWXNyADJvcmcuYXBhY2hlLnNoaXJvLnN1YmplY3QuU2ltcGxlUHJpbmNpcGFsQ29sbGVjdGlvbqh/WCXGowhKAwABTAAPcmVhbG1QcmluY2lwYWxzdAAPTGphdmEvdXRpbC9NYXA7eHBzcgAXamF2YS51dGlsLkxpbmtlZEhhc2hNYXA0wE5cEGzA+wIAAVoAC2FjY2Vzc09yZGVyeHEAfgAFP0AAAAAAAAx3CAAAABAAAAABdAAMTXlTaGlyb1JlYW1sc3IAF2phdmEudXRpbC5MaW5rZWRIYXNoU2V02GzXWpXdKh4CAAB4cgARamF2YS51dGlsLkhhc2hTZXS6RIWVlri3NAMAAHhwdwwAAAAQP0AAAAAAAAFzcgAfY29tLnRzLm1vZHVsZS5zeXN0ZW0ubW9kZWwuVXNlcgAAAAAAAAABAgAHSQAGaXNTdG9wSQAGdXNlcklkTAAHYWNjb3VudHQAEkxqYXZhL2xhbmcvU3RyaW5nO0wAB29yZ0NvZGVxAH4AFUwACHBhc3N3b3JkcQB+ABVMAAhwb3N0Q29kZXEAfgAVTAAIdXNlck5hbWVxAH4AFXhwAAAAAAAAAAJ0AAVhZG1pbnQAAzEwMnQAATF0AAUxMDIwMXQABWFkbWlueHgAdwEBcQB+AA94eHg=');
INSERT INTO `s_session` VALUES ('3da290b8-2b3b-4586-9aef-716b65c624b9', '127.0.0.1', '1800000', '2019-01-21 15:59:49', '2019-01-21 15:59:49', null, null, null, 'rO0ABXNyACpvcmcuYXBhY2hlLnNoaXJvLnNlc3Npb24ubWd0LlNpbXBsZVNlc3Npb26dHKG41YxibgMAAHhwdwIAW3QAJDNkYTI5MGI4LTJiM2ItNDU4Ni05YWVmLTcxNmI2NWM2MjRiOXNyAA5qYXZhLnV0aWwuRGF0ZWhqgQFLWXQZAwAAeHB3CAAAAWhvbDaceHEAfgAEdxkAAAAAABt3QAAPMDowOjA6MDowOjA6MDoxeA==');
INSERT INTO `s_session` VALUES ('403ee534-b0c8-4ff9-b3a5-ed8c66c360f3', '127.0.0.1', '1800000', '2019-01-21 16:02:39', '2019-01-21 16:02:39', null, null, null, 'rO0ABXNyACpvcmcuYXBhY2hlLnNoaXJvLnNlc3Npb24ubWd0LlNpbXBsZVNlc3Npb26dHKG41YxibgMAAHhwdwIA23QAJDQwM2VlNTM0LWIwYzgtNGZmOS1iM2E1LWVkOGM2NmMzNjBmM3NyAA5qYXZhLnV0aWwuRGF0ZWhqgQFLWXQZAwAAeHB3CAAAAWhvbs7jeHEAfgAEdxkAAAAAABt3QAAPMDowOjA6MDowOjA6MDoxc3IAEWphdmEudXRpbC5IYXNoTWFwBQfawcMWYNEDAAJGAApsb2FkRmFjdG9ySQAJdGhyZXNob2xkeHA/QAAAAAAADHcIAAAAEAAAAAF0ABFzaGlyb1NhdmVkUmVxdWVzdHNyACZvcmcuYXBhY2hlLnNoaXJvLndlYi51dGlsLlNhdmVkUmVxdWVzdK/OPK15gsq6AgADTAAGbWV0aG9kdAASTGphdmEvbGFuZy9TdHJpbmc7TAALcXVlcnlTdHJpbmdxAH4ACUwACnJlcXVlc3RVUklxAH4ACXhwdAADR0VUcHQAQy9tdmNfc2hpcm8vaW5kZXguZG87SlNFU1NJT05JRD0zOWMyNTEwZC0wMzQyLTRlYzAtOGQ1YS0xNDQwYzdmMTM0NDB4eA==');
INSERT INTO `s_session` VALUES ('4223b539-d475-4d78-af18-4601758fa258', '127.0.0.1', '1800000', '2019-01-17 09:30:49', '2019-01-17 09:45:20', '2', 'admin', 'admin', 'rO0ABXNyACpvcmcuYXBhY2hlLnNoaXJvLnNlc3Npb24ubWd0LlNpbXBsZVNlc3Npb26dHKG41YxibgMAAHhwdwIA23QAJDQyMjNiNTM5LWQ0NzUtNGQ3OC1hZjE4LTQ2MDE3NThmYTI1OHNyAA5qYXZhLnV0aWwuRGF0ZWhqgQFLWXQZAwAAeHB3CAAAAWhZbqLneHNxAH4AA3cIAAABaFl764V4dxkAAAAAABt3QAAPMDowOjA6MDowOjA6MDoxc3IAEWphdmEudXRpbC5IYXNoTWFwBQfawcMWYNEDAAJGAApsb2FkRmFjdG9ySQAJdGhyZXNob2xkeHA/QAAAAAAADHcIAAAAEAAAAAJ0AFBvcmcuYXBhY2hlLnNoaXJvLnN1YmplY3Quc3VwcG9ydC5EZWZhdWx0U3ViamVjdENvbnRleHRfQVVUSEVOVElDQVRFRF9TRVNTSU9OX0tFWXNyABFqYXZhLmxhbmcuQm9vbGVhbs0gcoDVnPruAgABWgAFdmFsdWV4cAF0AE1vcmcuYXBhY2hlLnNoaXJvLnN1YmplY3Quc3VwcG9ydC5EZWZhdWx0U3ViamVjdENvbnRleHRfUFJJTkNJUEFMU19TRVNTSU9OX0tFWXNyADJvcmcuYXBhY2hlLnNoaXJvLnN1YmplY3QuU2ltcGxlUHJpbmNpcGFsQ29sbGVjdGlvbqh/WCXGowhKAwABTAAPcmVhbG1QcmluY2lwYWxzdAAPTGphdmEvdXRpbC9NYXA7eHBzcgAXamF2YS51dGlsLkxpbmtlZEhhc2hNYXA0wE5cEGzA+wIAAVoAC2FjY2Vzc09yZGVyeHEAfgAGP0AAAAAAAAx3CAAAABAAAAABdAAMTXlTaGlyb1JlYW1sc3IAF2phdmEudXRpbC5MaW5rZWRIYXNoU2V02GzXWpXdKh4CAAB4cgARamF2YS51dGlsLkhhc2hTZXS6RIWVlri3NAMAAHhwdwwAAAAQP0AAAAAAAAFzcgAfY29tLnRzLm1vZHVsZS5zeXN0ZW0ubW9kZWwuVXNlcgAAAAAAAAABAgAHSQAGaXNTdG9wSQAGdXNlcklkTAAHYWNjb3VudHQAEkxqYXZhL2xhbmcvU3RyaW5nO0wAB29yZ0NvZGVxAH4AFkwACHBhc3N3b3JkcQB+ABZMAAhwb3N0Q29kZXEAfgAWTAAIdXNlck5hbWVxAH4AFnhwAAAAAAAAAAJ0AAVhZG1pbnQAAzEwMnQAATF0AAUxMDIwMXQABWFkbWlueHgAdwEBcQB+ABB4eHg=');
INSERT INTO `s_session` VALUES ('42b2ad32-f91f-402c-93d0-140095639cb2', '127.0.0.1', '1800000', '2019-01-21 15:02:04', '2019-01-21 15:02:15', '1', '测试', '123', 'rO0ABXNyACpvcmcuYXBhY2hlLnNoaXJvLnNlc3Npb24ubWd0LlNpbXBsZVNlc3Npb26dHKG41YxibgMAAHhwdwIA23QAJDQyYjJhZDMyLWY5MWYtNDAyYy05M2QwLTE0MDA5NTYzOWNiMnNyAA5qYXZhLnV0aWwuRGF0ZWhqgQFLWXQZAwAAeHB3CAAAAWhvN1XjeHNxAH4AA3cIAAABaG83gbZ4dxkAAAAAABt3QAAPMDowOjA6MDowOjA6MDoxc3IAEWphdmEudXRpbC5IYXNoTWFwBQfawcMWYNEDAAJGAApsb2FkRmFjdG9ySQAJdGhyZXNob2xkeHA/QAAAAAAADHcIAAAAEAAAAAJ0AFBvcmcuYXBhY2hlLnNoaXJvLnN1YmplY3Quc3VwcG9ydC5EZWZhdWx0U3ViamVjdENvbnRleHRfQVVUSEVOVElDQVRFRF9TRVNTSU9OX0tFWXNyABFqYXZhLmxhbmcuQm9vbGVhbs0gcoDVnPruAgABWgAFdmFsdWV4cAF0AE1vcmcuYXBhY2hlLnNoaXJvLnN1YmplY3Quc3VwcG9ydC5EZWZhdWx0U3ViamVjdENvbnRleHRfUFJJTkNJUEFMU19TRVNTSU9OX0tFWXNyADJvcmcuYXBhY2hlLnNoaXJvLnN1YmplY3QuU2ltcGxlUHJpbmNpcGFsQ29sbGVjdGlvbqh/WCXGowhKAwABTAAPcmVhbG1QcmluY2lwYWxzdAAPTGphdmEvdXRpbC9NYXA7eHBzcgAXamF2YS51dGlsLkxpbmtlZEhhc2hNYXA0wE5cEGzA+wIAAVoAC2FjY2Vzc09yZGVyeHEAfgAGP0AAAAAAAAx3CAAAABAAAAABdAAMTXlTaGlyb1JlYW1sc3IAF2phdmEudXRpbC5MaW5rZWRIYXNoU2V02GzXWpXdKh4CAAB4cgARamF2YS51dGlsLkhhc2hTZXS6RIWVlri3NAMAAHhwdwwAAAAQP0AAAAAAAAFzcgAfY29tLnRzLm1vZHVsZS5zeXN0ZW0ubW9kZWwuVXNlcgAAAAAAAAABAgAHSQAGaXNTdG9wSQAGdXNlcklkTAAHYWNjb3VudHQAEkxqYXZhL2xhbmcvU3RyaW5nO0wAB29yZ0NvZGVxAH4AFkwACHBhc3N3b3JkcQB+ABZMAAhwb3N0Q29kZXEAfgAWTAAIdXNlck5hbWVxAH4AFnhwAAAAAAAAAAF0AAMxMjN0AAMxMDF0AAMxMjN0AAUxMDEwMXQABua1i+ivlXh4AHcBAXEAfgAQeHh4');
INSERT INTO `s_session` VALUES ('4a5a5fc6-b8cf-4995-847d-e24a7b68f98e', '127.0.0.1', '1800000', '2019-01-21 16:03:22', '2019-01-21 16:03:22', null, null, null, 'rO0ABXNyACpvcmcuYXBhY2hlLnNoaXJvLnNlc3Npb24ubWd0LlNpbXBsZVNlc3Npb26dHKG41YxibgMAAHhwdwIA23QAJDRhNWE1ZmM2LWI4Y2YtNDk5NS04NDdkLWUyNGE3YjY4Zjk4ZXNyAA5qYXZhLnV0aWwuRGF0ZWhqgQFLWXQZAwAAeHB3CAAAAWhvb3j0eHEAfgAEdxkAAAAAABt3QAAPMDowOjA6MDowOjA6MDoxc3IAEWphdmEudXRpbC5IYXNoTWFwBQfawcMWYNEDAAJGAApsb2FkRmFjdG9ySQAJdGhyZXNob2xkeHA/QAAAAAAADHcIAAAAEAAAAAF0ABFzaGlyb1NhdmVkUmVxdWVzdHNyACZvcmcuYXBhY2hlLnNoaXJvLndlYi51dGlsLlNhdmVkUmVxdWVzdK/OPK15gsq6AgADTAAGbWV0aG9kdAASTGphdmEvbGFuZy9TdHJpbmc7TAALcXVlcnlTdHJpbmdxAH4ACUwACnJlcXVlc3RVUklxAH4ACXhwdAADR0VUcHQAGC9tdmNfc2hpcm8vdXNlci9yZWFkTmFtZXh4');
INSERT INTO `s_session` VALUES ('501c399d-af2c-4905-aacd-8f3875a16ddf', '127.0.0.1', '1800000', '2019-01-21 14:36:47', '2019-01-21 14:41:08', '1', '测试', '123', 'rO0ABXNyACpvcmcuYXBhY2hlLnNoaXJvLnNlc3Npb24ubWd0LlNpbXBsZVNlc3Npb26dHKG41YxibgMAAHhwdwIA23QAJDUwMWMzOTlkLWFmMmMtNDkwNS1hYWNkLThmMzg3NWExNmRkZnNyAA5qYXZhLnV0aWwuRGF0ZWhqgQFLWXQZAwAAeHB3CAAAAWhvIDAneHNxAH4AA3cIAAABaG8kLI94dxkAAAAAABt3QAAPMDowOjA6MDowOjA6MDoxc3IAEWphdmEudXRpbC5IYXNoTWFwBQfawcMWYNEDAAJGAApsb2FkRmFjdG9ySQAJdGhyZXNob2xkeHA/QAAAAAAADHcIAAAAEAAAAAN0AAdraWNrb3V0c3IAEWphdmEubGFuZy5Cb29sZWFuzSBygNWc+u4CAAFaAAV2YWx1ZXhwAXQAUG9yZy5hcGFjaGUuc2hpcm8uc3ViamVjdC5zdXBwb3J0LkRlZmF1bHRTdWJqZWN0Q29udGV4dF9BVVRIRU5USUNBVEVEX1NFU1NJT05fS0VZc3EAfgAJAXQATW9yZy5hcGFjaGUuc2hpcm8uc3ViamVjdC5zdXBwb3J0LkRlZmF1bHRTdWJqZWN0Q29udGV4dF9QUklOQ0lQQUxTX1NFU1NJT05fS0VZc3IAMm9yZy5hcGFjaGUuc2hpcm8uc3ViamVjdC5TaW1wbGVQcmluY2lwYWxDb2xsZWN0aW9uqH9YJcajCEoDAAFMAA9yZWFsbVByaW5jaXBhbHN0AA9MamF2YS91dGlsL01hcDt4cHNyABdqYXZhLnV0aWwuTGlua2VkSGFzaE1hcDTATlwQbMD7AgABWgALYWNjZXNzT3JkZXJ4cQB+AAY/QAAAAAAADHcIAAAAEAAAAAF0AAxNeVNoaXJvUmVhbWxzcgAXamF2YS51dGlsLkxpbmtlZEhhc2hTZXTYbNdald0qHgIAAHhyABFqYXZhLnV0aWwuSGFzaFNldLpEhZWWuLc0AwAAeHB3DAAAAAI/QAAAAAAAAXNyAB9jb20udHMubW9kdWxlLnN5c3RlbS5tb2RlbC5Vc2VyAAAAAAAAAAECAAdJAAZpc1N0b3BJAAZ1c2VySWRMAAdhY2NvdW50dAASTGphdmEvbGFuZy9TdHJpbmc7TAAHb3JnQ29kZXEAfgAYTAAIcGFzc3dvcmRxAH4AGEwACHBvc3RDb2RlcQB+ABhMAAh1c2VyTmFtZXEAfgAYeHAAAAAAAAAAAXQAAzEyM3QAAzEwMXQAAzEyM3QABTEwMTAxdAAG5rWL6K+VeHgAdwEBcQB+ABJ4eHg=');
INSERT INTO `s_session` VALUES ('6084c4fe-4b3a-411d-be53-b92dcbc21804', '127.0.0.1', '1800000', '2019-01-22 15:54:26', '2019-01-22 15:54:26', null, null, null, 'rO0ABXNyACpvcmcuYXBhY2hlLnNoaXJvLnNlc3Npb24ubWd0LlNpbXBsZVNlc3Npb26dHKG41YxibgMAAHhwdwIAW3QAJDYwODRjNGZlLTRiM2EtNDExZC1iZTUzLWI5MmRjYmMyMTgwNHNyAA5qYXZhLnV0aWwuRGF0ZWhqgQFLWXQZAwAAeHB3CAAAAWh0jab7eHEAfgAEdxkAAAAAABt3QAAPMDowOjA6MDowOjA6MDoxeA==');
INSERT INTO `s_session` VALUES ('60fc4451-a811-4b3b-92e3-e5ed8b3e5434', '127.0.0.1', '1800000', '2019-01-21 16:03:02', '2019-01-21 16:03:02', null, null, null, 'rO0ABXNyACpvcmcuYXBhY2hlLnNoaXJvLnNlc3Npb24ubWd0LlNpbXBsZVNlc3Npb26dHKG41YxibgMAAHhwdwIAW3QAJDYwZmM0NDUxLWE4MTEtNGIzYi05MmUzLWU1ZWQ4YjNlNTQzNHNyAA5qYXZhLnV0aWwuRGF0ZWhqgQFLWXQZAwAAeHB3CAAAAWhvbypqeHEAfgAEdxkAAAAAABt3QAAPMDowOjA6MDowOjA6MDoxeA==');
INSERT INTO `s_session` VALUES ('67aad780-58ff-43dc-87d9-622ccb95ff91', '127.0.0.1', '1800000', '2019-01-21 16:06:34', '2019-01-21 16:06:34', '2', 'admin', 'admin', 'rO0ABXNyACpvcmcuYXBhY2hlLnNoaXJvLnNlc3Npb24ubWd0LlNpbXBsZVNlc3Npb26dHKG41YxibgMAAHhwdwIA23QAJDY3YWFkNzgwLTU4ZmYtNDNkYy04N2Q5LTYyMmNjYjk1ZmY5MXNyAA5qYXZhLnV0aWwuRGF0ZWhqgQFLWXQZAwAAeHB3CAAAAWhvcmNdeHEAfgAEdxkAAAAAABt3QAAPMDowOjA6MDowOjA6MDoxc3IAEWphdmEudXRpbC5IYXNoTWFwBQfawcMWYNEDAAJGAApsb2FkRmFjdG9ySQAJdGhyZXNob2xkeHA/QAAAAAAADHcIAAAAEAAAAAJ0AFBvcmcuYXBhY2hlLnNoaXJvLnN1YmplY3Quc3VwcG9ydC5EZWZhdWx0U3ViamVjdENvbnRleHRfQVVUSEVOVElDQVRFRF9TRVNTSU9OX0tFWXNyABFqYXZhLmxhbmcuQm9vbGVhbs0gcoDVnPruAgABWgAFdmFsdWV4cAF0AE1vcmcuYXBhY2hlLnNoaXJvLnN1YmplY3Quc3VwcG9ydC5EZWZhdWx0U3ViamVjdENvbnRleHRfUFJJTkNJUEFMU19TRVNTSU9OX0tFWXNyADJvcmcuYXBhY2hlLnNoaXJvLnN1YmplY3QuU2ltcGxlUHJpbmNpcGFsQ29sbGVjdGlvbqh/WCXGowhKAwABTAAPcmVhbG1QcmluY2lwYWxzdAAPTGphdmEvdXRpbC9NYXA7eHBzcgAXamF2YS51dGlsLkxpbmtlZEhhc2hNYXA0wE5cEGzA+wIAAVoAC2FjY2Vzc09yZGVyeHEAfgAFP0AAAAAAAAx3CAAAABAAAAABdAAMTXlTaGlyb1JlYW1sc3IAF2phdmEudXRpbC5MaW5rZWRIYXNoU2V02GzXWpXdKh4CAAB4cgARamF2YS51dGlsLkhhc2hTZXS6RIWVlri3NAMAAHhwdwwAAAAQP0AAAAAAAAFzcgAfY29tLnRzLm1vZHVsZS5zeXN0ZW0ubW9kZWwuVXNlcgAAAAAAAAABAgAHSQAGaXNTdG9wSQAGdXNlcklkTAAHYWNjb3VudHQAEkxqYXZhL2xhbmcvU3RyaW5nO0wAB29yZ0NvZGVxAH4AFUwACHBhc3N3b3JkcQB+ABVMAAhwb3N0Q29kZXEAfgAVTAAIdXNlck5hbWVxAH4AFXhwAAAAAAAAAAJ0AAVhZG1pbnQAAzEwMnQAATF0AAUxMDIwMXQABWFkbWlueHgAdwEBcQB+AA94eHg=');
INSERT INTO `s_session` VALUES ('6875213e-6cee-48f7-a334-8839ef8cebd8', '127.0.0.1', '1800000', '2019-02-19 23:55:14', '2019-02-20 00:05:19', '2', 'admin', 'admin', 'rO0ABXNyACpvcmcuYXBhY2hlLnNoaXJvLnNlc3Npb24ubWd0LlNpbXBsZVNlc3Npb26dHKG41YxibgMAAHhwdwIA23QAJDY4NzUyMTNlLTZjZWUtNDhmNy1hMzM0LTg4MzllZjhjZWJkOHNyAA5qYXZhLnV0aWwuRGF0ZWhqgQFLWXQZAwAAeHB3CAAAAWkGd+P1eHNxAH4AA3cIAAABaQaBHxF4dxkAAAAAABt3QAAPMDowOjA6MDowOjA6MDoxc3IAEWphdmEudXRpbC5IYXNoTWFwBQfawcMWYNEDAAJGAApsb2FkRmFjdG9ySQAJdGhyZXNob2xkeHA/QAAAAAAADHcIAAAAEAAAAAN0AAdraWNrb3V0c3IAEWphdmEubGFuZy5Cb29sZWFuzSBygNWc+u4CAAFaAAV2YWx1ZXhwAXQAUG9yZy5hcGFjaGUuc2hpcm8uc3ViamVjdC5zdXBwb3J0LkRlZmF1bHRTdWJqZWN0Q29udGV4dF9BVVRIRU5USUNBVEVEX1NFU1NJT05fS0VZcQB+AAp0AE1vcmcuYXBhY2hlLnNoaXJvLnN1YmplY3Quc3VwcG9ydC5EZWZhdWx0U3ViamVjdENvbnRleHRfUFJJTkNJUEFMU19TRVNTSU9OX0tFWXNyADJvcmcuYXBhY2hlLnNoaXJvLnN1YmplY3QuU2ltcGxlUHJpbmNpcGFsQ29sbGVjdGlvbqh/WCXGowhKAwABTAAPcmVhbG1QcmluY2lwYWxzdAAPTGphdmEvdXRpbC9NYXA7eHBzcgAXamF2YS51dGlsLkxpbmtlZEhhc2hNYXA0wE5cEGzA+wIAAVoAC2FjY2Vzc09yZGVyeHEAfgAGP0AAAAAAAAx3CAAAABAAAAABdAAMTXlTaGlyb1JlYW1sc3IAF2phdmEudXRpbC5MaW5rZWRIYXNoU2V02GzXWpXdKh4CAAB4cgARamF2YS51dGlsLkhhc2hTZXS6RIWVlri3NAMAAHhwdwwAAAAQP0AAAAAAAAFzcgAfY29tLnRzLm1vZHVsZS5zeXN0ZW0ubW9kZWwuVXNlcgAAAAAAAAABAgAHSQAGaXNTdG9wSQAGdXNlcklkTAAHYWNjb3VudHQAEkxqYXZhL2xhbmcvU3RyaW5nO0wAB29yZ0NvZGVxAH4AF0wACHBhc3N3b3JkcQB+ABdMAAhwb3N0Q29kZXEAfgAXTAAIdXNlck5hbWVxAH4AF3hwAAAAAAAAAAJ0AAVhZG1pbnQAAzEwMnQAATF0AAUxMDIwMXQABWFkbWlueHgAdwEBcQB+ABF4eHg=');
INSERT INTO `s_session` VALUES ('6a7b5ea3-93d9-4e31-9a4b-068dfbeb9595', '127.0.0.1', '1800000', '2019-01-21 15:59:25', '2019-01-21 15:59:25', null, null, null, 'rO0ABXNyACpvcmcuYXBhY2hlLnNoaXJvLnNlc3Npb24ubWd0LlNpbXBsZVNlc3Npb26dHKG41YxibgMAAHhwdwIA23QAJDZhN2I1ZWEzLTkzZDktNGUzMS05YTRiLTA2OGRmYmViOTU5NXNyAA5qYXZhLnV0aWwuRGF0ZWhqgQFLWXQZAwAAeHB3CAAAAWhva9fQeHEAfgAEdxkAAAAAABt3QAAPMDowOjA6MDowOjA6MDoxc3IAEWphdmEudXRpbC5IYXNoTWFwBQfawcMWYNEDAAJGAApsb2FkRmFjdG9ySQAJdGhyZXNob2xkeHA/QAAAAAAADHcIAAAAEAAAAAF0ABFzaGlyb1NhdmVkUmVxdWVzdHNyACZvcmcuYXBhY2hlLnNoaXJvLndlYi51dGlsLlNhdmVkUmVxdWVzdK/OPK15gsq6AgADTAAGbWV0aG9kdAASTGphdmEvbGFuZy9TdHJpbmc7TAALcXVlcnlTdHJpbmdxAH4ACUwACnJlcXVlc3RVUklxAH4ACXhwdAADR0VUcHQAQy9tdmNfc2hpcm8vaW5kZXguZG87SlNFU1NJT05JRD0zYmRmYzEyNi1hMTJkLTRkMTktYmI3Ny0yNzhmM2NkYjg0MWV4eA==');
INSERT INTO `s_session` VALUES ('6acd6d12-19b9-4ad4-8628-768a7cb048cb', '127.0.0.1', '1800000', '2019-01-21 16:02:31', '2019-01-21 16:02:31', null, null, null, 'rO0ABXNyACpvcmcuYXBhY2hlLnNoaXJvLnNlc3Npb24ubWd0LlNpbXBsZVNlc3Npb26dHKG41YxibgMAAHhwdwIA23QAJDZhY2Q2ZDEyLTE5YjktNGFkNC04NjI4LTc2OGE3Y2IwNDhjYnNyAA5qYXZhLnV0aWwuRGF0ZWhqgQFLWXQZAwAAeHB3CAAAAWhvbq+eeHEAfgAEdxkAAAAAABt3QAAPMDowOjA6MDowOjA6MDoxc3IAEWphdmEudXRpbC5IYXNoTWFwBQfawcMWYNEDAAJGAApsb2FkRmFjdG9ySQAJdGhyZXNob2xkeHA/QAAAAAAADHcIAAAAEAAAAAF0ABFzaGlyb1NhdmVkUmVxdWVzdHNyACZvcmcuYXBhY2hlLnNoaXJvLndlYi51dGlsLlNhdmVkUmVxdWVzdK/OPK15gsq6AgADTAAGbWV0aG9kdAASTGphdmEvbGFuZy9TdHJpbmc7TAALcXVlcnlTdHJpbmdxAH4ACUwACnJlcXVlc3RVUklxAH4ACXhwdAADR0VUcHQAQy9tdmNfc2hpcm8vaW5kZXguZG87SlNFU1NJT05JRD1lMWE3NmFlZC02YzE5LTRjYTYtYTQ4MS1hM2E4Y2FmMzAxY2Z4eA==');
INSERT INTO `s_session` VALUES ('6e9b09c6-ce28-4ad9-ad44-25813fcc0af6', '127.0.0.1', '1800000', '2019-01-21 13:53:17', '2019-01-21 13:53:19', '2', 'admin', 'admin', 'rO0ABXNyACpvcmcuYXBhY2hlLnNoaXJvLnNlc3Npb24ubWd0LlNpbXBsZVNlc3Npb26dHKG41YxibgMAAHhwdwIA23QAJDZlOWIwOWM2LWNlMjgtNGFkOS1hZDQ0LTI1ODEzZmNjMGFmNnNyAA5qYXZhLnV0aWwuRGF0ZWhqgQFLWXQZAwAAeHB3CAAAAWhu+F7KeHNxAH4AA3cIAAABaG74ZgR4dxkAAAAAABt3QAAPMDowOjA6MDowOjA6MDoxc3IAEWphdmEudXRpbC5IYXNoTWFwBQfawcMWYNEDAAJGAApsb2FkRmFjdG9ySQAJdGhyZXNob2xkeHA/QAAAAAAADHcIAAAAEAAAAAJ0AFBvcmcuYXBhY2hlLnNoaXJvLnN1YmplY3Quc3VwcG9ydC5EZWZhdWx0U3ViamVjdENvbnRleHRfQVVUSEVOVElDQVRFRF9TRVNTSU9OX0tFWXNyABFqYXZhLmxhbmcuQm9vbGVhbs0gcoDVnPruAgABWgAFdmFsdWV4cAF0AE1vcmcuYXBhY2hlLnNoaXJvLnN1YmplY3Quc3VwcG9ydC5EZWZhdWx0U3ViamVjdENvbnRleHRfUFJJTkNJUEFMU19TRVNTSU9OX0tFWXNyADJvcmcuYXBhY2hlLnNoaXJvLnN1YmplY3QuU2ltcGxlUHJpbmNpcGFsQ29sbGVjdGlvbqh/WCXGowhKAwABTAAPcmVhbG1QcmluY2lwYWxzdAAPTGphdmEvdXRpbC9NYXA7eHBzcgAXamF2YS51dGlsLkxpbmtlZEhhc2hNYXA0wE5cEGzA+wIAAVoAC2FjY2Vzc09yZGVyeHEAfgAGP0AAAAAAAAx3CAAAABAAAAABdAAMTXlTaGlyb1JlYW1sc3IAF2phdmEudXRpbC5MaW5rZWRIYXNoU2V02GzXWpXdKh4CAAB4cgARamF2YS51dGlsLkhhc2hTZXS6RIWVlri3NAMAAHhwdwwAAAAQP0AAAAAAAAFzcgAfY29tLnRzLm1vZHVsZS5zeXN0ZW0ubW9kZWwuVXNlcgAAAAAAAAABAgAHSQAGaXNTdG9wSQAGdXNlcklkTAAHYWNjb3VudHQAEkxqYXZhL2xhbmcvU3RyaW5nO0wAB29yZ0NvZGVxAH4AFkwACHBhc3N3b3JkcQB+ABZMAAhwb3N0Q29kZXEAfgAWTAAIdXNlck5hbWVxAH4AFnhwAAAAAAAAAAJ0AAVhZG1pbnQAAzEwMnQAATF0AAUxMDIwMXQABWFkbWlueHgAdwEBcQB+ABB4eHg=');
INSERT INTO `s_session` VALUES ('7a702bd7-27c3-4c55-89a0-24d344b0f8ba', '127.0.0.1', '1800000', '2019-02-15 00:50:11', '2019-02-15 01:50:12', '2', 'admin', 'admin', 'rO0ABXNyACpvcmcuYXBhY2hlLnNoaXJvLnNlc3Npb24ubWd0LlNpbXBsZVNlc3Npb26dHKG41YxibgMAAHhwdwIA23QAJDdhNzAyYmQ3LTI3YzMtNGM1NS04OWEwLTI0ZDM0NGIwZjhiYXNyAA5qYXZhLnV0aWwuRGF0ZWhqgQFLWXQZAwAAeHB3CAAAAWjs6mhUeHNxAH4AA3cIAAABaO0hWSp4dxkAAAAAABt3QAAPMDowOjA6MDowOjA6MDoxc3IAEWphdmEudXRpbC5IYXNoTWFwBQfawcMWYNEDAAJGAApsb2FkRmFjdG9ySQAJdGhyZXNob2xkeHA/QAAAAAAADHcIAAAAEAAAAAJ0AFBvcmcuYXBhY2hlLnNoaXJvLnN1YmplY3Quc3VwcG9ydC5EZWZhdWx0U3ViamVjdENvbnRleHRfQVVUSEVOVElDQVRFRF9TRVNTSU9OX0tFWXNyABFqYXZhLmxhbmcuQm9vbGVhbs0gcoDVnPruAgABWgAFdmFsdWV4cAF0AE1vcmcuYXBhY2hlLnNoaXJvLnN1YmplY3Quc3VwcG9ydC5EZWZhdWx0U3ViamVjdENvbnRleHRfUFJJTkNJUEFMU19TRVNTSU9OX0tFWXNyADJvcmcuYXBhY2hlLnNoaXJvLnN1YmplY3QuU2ltcGxlUHJpbmNpcGFsQ29sbGVjdGlvbqh/WCXGowhKAwABTAAPcmVhbG1QcmluY2lwYWxzdAAPTGphdmEvdXRpbC9NYXA7eHBzcgAXamF2YS51dGlsLkxpbmtlZEhhc2hNYXA0wE5cEGzA+wIAAVoAC2FjY2Vzc09yZGVyeHEAfgAGP0AAAAAAAAx3CAAAABAAAAABdAAMTXlTaGlyb1JlYW1sc3IAF2phdmEudXRpbC5MaW5rZWRIYXNoU2V02GzXWpXdKh4CAAB4cgARamF2YS51dGlsLkhhc2hTZXS6RIWVlri3NAMAAHhwdwwAAAACP0AAAAAAAAFzcgAfY29tLnRzLm1vZHVsZS5zeXN0ZW0ubW9kZWwuVXNlcgAAAAAAAAABAgAHSQAGaXNTdG9wSQAGdXNlcklkTAAHYWNjb3VudHQAEkxqYXZhL2xhbmcvU3RyaW5nO0wAB29yZ0NvZGVxAH4AFkwACHBhc3N3b3JkcQB+ABZMAAhwb3N0Q29kZXEAfgAWTAAIdXNlck5hbWVxAH4AFnhwAAAAAAAAAAJ0AAVhZG1pbnQAAzEwMnQAATF0AAUxMDIwMXQABWFkbWlueHgAdwEBcQB+ABB4eHg=');
INSERT INTO `s_session` VALUES ('7b63e133-c45c-4883-b1ae-dad097ba1426', '127.0.0.1', '1800000', '2019-01-21 16:03:02', '2019-01-21 16:03:02', null, null, null, 'rO0ABXNyACpvcmcuYXBhY2hlLnNoaXJvLnNlc3Npb24ubWd0LlNpbXBsZVNlc3Npb26dHKG41YxibgMAAHhwdwIA23QAJDdiNjNlMTMzLWM0NWMtNDg4My1iMWFlLWRhZDA5N2JhMTQyNnNyAA5qYXZhLnV0aWwuRGF0ZWhqgQFLWXQZAwAAeHB3CAAAAWhvbypZeHEAfgAEdxkAAAAAABt3QAAPMDowOjA6MDowOjA6MDoxc3IAEWphdmEudXRpbC5IYXNoTWFwBQfawcMWYNEDAAJGAApsb2FkRmFjdG9ySQAJdGhyZXNob2xkeHA/QAAAAAAADHcIAAAAEAAAAAF0ABFzaGlyb1NhdmVkUmVxdWVzdHNyACZvcmcuYXBhY2hlLnNoaXJvLndlYi51dGlsLlNhdmVkUmVxdWVzdK/OPK15gsq6AgADTAAGbWV0aG9kdAASTGphdmEvbGFuZy9TdHJpbmc7TAALcXVlcnlTdHJpbmdxAH4ACUwACnJlcXVlc3RVUklxAH4ACXhwdAADR0VUcHQAEy9tdmNfc2hpcm8vaW5kZXguZG94eA==');
INSERT INTO `s_session` VALUES ('7c506b47-ec2b-4727-9567-5a1c0e29deb9', '127.0.0.1', '1800000', '2019-01-21 15:58:46', '2019-01-21 15:58:46', null, null, null, 'rO0ABXNyACpvcmcuYXBhY2hlLnNoaXJvLnNlc3Npb24ubWd0LlNpbXBsZVNlc3Npb26dHKG41YxibgMAAHhwdwIAW3QAJDdjNTA2YjQ3LWVjMmItNDcyNy05NTY3LTVhMWMwZTI5ZGViOXNyAA5qYXZhLnV0aWwuRGF0ZWhqgQFLWXQZAwAAeHB3CAAAAWhvaz/UeHEAfgAEdxkAAAAAABt3QAAPMDowOjA6MDowOjA6MDoxeA==');
INSERT INTO `s_session` VALUES ('805e4511-415f-476b-a684-3d523bb49fca', '127.0.0.1', '1800000', '2019-02-20 00:05:29', '2019-02-20 00:10:17', '2', 'admin', 'admin', 'rO0ABXNyACpvcmcuYXBhY2hlLnNoaXJvLnNlc3Npb24ubWd0LlNpbXBsZVNlc3Npb26dHKG41YxibgMAAHhwdwIA23QAJDgwNWU0NTExLTQxNWYtNDc2Yi1hNjg0LTNkNTIzYmI0OWZjYXNyAA5qYXZhLnV0aWwuRGF0ZWhqgQFLWXQZAwAAeHB3CAAAAWkGgUUweHNxAH4AA3cIAAABaQaFqmp4dxkAAAAAABt3QAAPMDowOjA6MDowOjA6MDoxc3IAEWphdmEudXRpbC5IYXNoTWFwBQfawcMWYNEDAAJGAApsb2FkRmFjdG9ySQAJdGhyZXNob2xkeHA/QAAAAAAADHcIAAAAEAAAAAN0AAdraWNrb3V0c3IAEWphdmEubGFuZy5Cb29sZWFuzSBygNWc+u4CAAFaAAV2YWx1ZXhwAXQAUG9yZy5hcGFjaGUuc2hpcm8uc3ViamVjdC5zdXBwb3J0LkRlZmF1bHRTdWJqZWN0Q29udGV4dF9BVVRIRU5USUNBVEVEX1NFU1NJT05fS0VZcQB+AAp0AE1vcmcuYXBhY2hlLnNoaXJvLnN1YmplY3Quc3VwcG9ydC5EZWZhdWx0U3ViamVjdENvbnRleHRfUFJJTkNJUEFMU19TRVNTSU9OX0tFWXNyADJvcmcuYXBhY2hlLnNoaXJvLnN1YmplY3QuU2ltcGxlUHJpbmNpcGFsQ29sbGVjdGlvbqh/WCXGowhKAwABTAAPcmVhbG1QcmluY2lwYWxzdAAPTGphdmEvdXRpbC9NYXA7eHBzcgAXamF2YS51dGlsLkxpbmtlZEhhc2hNYXA0wE5cEGzA+wIAAVoAC2FjY2Vzc09yZGVyeHEAfgAGP0AAAAAAAAx3CAAAABAAAAABdAAMTXlTaGlyb1JlYW1sc3IAF2phdmEudXRpbC5MaW5rZWRIYXNoU2V02GzXWpXdKh4CAAB4cgARamF2YS51dGlsLkhhc2hTZXS6RIWVlri3NAMAAHhwdwwAAAAQP0AAAAAAAAFzcgAfY29tLnRzLm1vZHVsZS5zeXN0ZW0ubW9kZWwuVXNlcgAAAAAAAAABAgAHSQAGaXNTdG9wSQAGdXNlcklkTAAHYWNjb3VudHQAEkxqYXZhL2xhbmcvU3RyaW5nO0wAB29yZ0NvZGVxAH4AF0wACHBhc3N3b3JkcQB+ABdMAAhwb3N0Q29kZXEAfgAXTAAIdXNlck5hbWVxAH4AF3hwAAAAAAAAAAJ0AAVhZG1pbnQAAzEwMnQAATF0AAUxMDIwMXQABWFkbWlueHgAdwEBcQB+ABF4eHg=');
INSERT INTO `s_session` VALUES ('80fa90cc-a932-4c4d-9f43-641d338612ee', '127.0.0.1', '1800000', '2019-01-21 15:59:03', '2019-01-21 15:59:03', null, null, null, 'rO0ABXNyACpvcmcuYXBhY2hlLnNoaXJvLnNlc3Npb24ubWd0LlNpbXBsZVNlc3Npb26dHKG41YxibgMAAHhwdwIA23QAJDgwZmE5MGNjLWE5MzItNGM0ZC05ZjQzLTY0MWQzMzg2MTJlZXNyAA5qYXZhLnV0aWwuRGF0ZWhqgQFLWXQZAwAAeHB3CAAAAWhva4L7eHEAfgAEdxkAAAAAABt3QAAPMDowOjA6MDowOjA6MDoxc3IAEWphdmEudXRpbC5IYXNoTWFwBQfawcMWYNEDAAJGAApsb2FkRmFjdG9ySQAJdGhyZXNob2xkeHA/QAAAAAAADHcIAAAAEAAAAAF0ABFzaGlyb1NhdmVkUmVxdWVzdHNyACZvcmcuYXBhY2hlLnNoaXJvLndlYi51dGlsLlNhdmVkUmVxdWVzdK/OPK15gsq6AgADTAAGbWV0aG9kdAASTGphdmEvbGFuZy9TdHJpbmc7TAALcXVlcnlTdHJpbmdxAH4ACUwACnJlcXVlc3RVUklxAH4ACXhwdAADR0VUcHQAQy9tdmNfc2hpcm8vaW5kZXguZG87SlNFU1NJT05JRD04YTcyMmQ1Mi1kMjE0LTQwYTAtODk1YS0yMzBhYWU4MzgyN2V4eA==');
INSERT INTO `s_session` VALUES ('83490f18-5662-48d9-a01a-1a06f8f159eb', '127.0.0.1', '1800000', '2019-01-21 14:16:24', '2019-01-21 14:16:24', null, null, null, 'rO0ABXNyACpvcmcuYXBhY2hlLnNoaXJvLnNlc3Npb24ubWd0LlNpbXBsZVNlc3Npb26dHKG41YxibgMAAHhwdwIAW3QAJDgzNDkwZjE4LTU2NjItNDhkOS1hMDFhLTFhMDZmOGYxNTllYnNyAA5qYXZhLnV0aWwuRGF0ZWhqgQFLWXQZAwAAeHB3CAAAAWhvDYfMeHEAfgAEdxkAAAAAABt3QAAPMDowOjA6MDowOjA6MDoxeA==');
INSERT INTO `s_session` VALUES ('84abe66b-dace-4e5e-9506-fa780469a95f', '127.0.0.1', '1800000', '2019-01-21 16:06:22', '2019-01-21 16:06:22', '2', 'admin', 'admin', 'rO0ABXNyACpvcmcuYXBhY2hlLnNoaXJvLnNlc3Npb24ubWd0LlNpbXBsZVNlc3Npb26dHKG41YxibgMAAHhwdwIA23QAJDg0YWJlNjZiLWRhY2UtNGU1ZS05NTA2LWZhNzgwNDY5YTk1ZnNyAA5qYXZhLnV0aWwuRGF0ZWhqgQFLWXQZAwAAeHB3CAAAAWhvcjb5eHEAfgAEdxkAAAAAABt3QAAPMDowOjA6MDowOjA6MDoxc3IAEWphdmEudXRpbC5IYXNoTWFwBQfawcMWYNEDAAJGAApsb2FkRmFjdG9ySQAJdGhyZXNob2xkeHA/QAAAAAAADHcIAAAAEAAAAAJ0AFBvcmcuYXBhY2hlLnNoaXJvLnN1YmplY3Quc3VwcG9ydC5EZWZhdWx0U3ViamVjdENvbnRleHRfQVVUSEVOVElDQVRFRF9TRVNTSU9OX0tFWXNyABFqYXZhLmxhbmcuQm9vbGVhbs0gcoDVnPruAgABWgAFdmFsdWV4cAF0AE1vcmcuYXBhY2hlLnNoaXJvLnN1YmplY3Quc3VwcG9ydC5EZWZhdWx0U3ViamVjdENvbnRleHRfUFJJTkNJUEFMU19TRVNTSU9OX0tFWXNyADJvcmcuYXBhY2hlLnNoaXJvLnN1YmplY3QuU2ltcGxlUHJpbmNpcGFsQ29sbGVjdGlvbqh/WCXGowhKAwABTAAPcmVhbG1QcmluY2lwYWxzdAAPTGphdmEvdXRpbC9NYXA7eHBzcgAXamF2YS51dGlsLkxpbmtlZEhhc2hNYXA0wE5cEGzA+wIAAVoAC2FjY2Vzc09yZGVyeHEAfgAFP0AAAAAAAAx3CAAAABAAAAABdAAMTXlTaGlyb1JlYW1sc3IAF2phdmEudXRpbC5MaW5rZWRIYXNoU2V02GzXWpXdKh4CAAB4cgARamF2YS51dGlsLkhhc2hTZXS6RIWVlri3NAMAAHhwdwwAAAAQP0AAAAAAAAFzcgAfY29tLnRzLm1vZHVsZS5zeXN0ZW0ubW9kZWwuVXNlcgAAAAAAAAABAgAHSQAGaXNTdG9wSQAGdXNlcklkTAAHYWNjb3VudHQAEkxqYXZhL2xhbmcvU3RyaW5nO0wAB29yZ0NvZGVxAH4AFUwACHBhc3N3b3JkcQB+ABVMAAhwb3N0Q29kZXEAfgAVTAAIdXNlck5hbWVxAH4AFXhwAAAAAAAAAAJ0AAVhZG1pbnQAAzEwMnQAATF0AAUxMDIwMXQABWFkbWlueHgAdwEBcQB+AA94eHg=');
INSERT INTO `s_session` VALUES ('8a500248-3597-4a13-b0ac-99e9c9da1050', '127.0.0.1', '1800000', '2019-02-13 16:24:39', '2019-02-13 16:27:43', '1', '测试', '123', 'rO0ABXNyACpvcmcuYXBhY2hlLnNoaXJvLnNlc3Npb24ubWd0LlNpbXBsZVNlc3Npb26dHKG41YxibgMAAHhwdwIA23QAJDhhNTAwMjQ4LTM1OTctNGExMy1iMGFjLTk5ZTljOWRhMTA1MHNyAA5qYXZhLnV0aWwuRGF0ZWhqgQFLWXQZAwAAeHB3CAAAAWjl9TfOeHNxAH4AA3cIAAABaOX4B054dxkAAAAAABt3QAAPMDowOjA6MDowOjA6MDoxc3IAEWphdmEudXRpbC5IYXNoTWFwBQfawcMWYNEDAAJGAApsb2FkRmFjdG9ySQAJdGhyZXNob2xkeHA/QAAAAAAADHcIAAAAEAAAAAJ0AFBvcmcuYXBhY2hlLnNoaXJvLnN1YmplY3Quc3VwcG9ydC5EZWZhdWx0U3ViamVjdENvbnRleHRfQVVUSEVOVElDQVRFRF9TRVNTSU9OX0tFWXNyABFqYXZhLmxhbmcuQm9vbGVhbs0gcoDVnPruAgABWgAFdmFsdWV4cAF0AE1vcmcuYXBhY2hlLnNoaXJvLnN1YmplY3Quc3VwcG9ydC5EZWZhdWx0U3ViamVjdENvbnRleHRfUFJJTkNJUEFMU19TRVNTSU9OX0tFWXNyADJvcmcuYXBhY2hlLnNoaXJvLnN1YmplY3QuU2ltcGxlUHJpbmNpcGFsQ29sbGVjdGlvbqh/WCXGowhKAwABTAAPcmVhbG1QcmluY2lwYWxzdAAPTGphdmEvdXRpbC9NYXA7eHBzcgAXamF2YS51dGlsLkxpbmtlZEhhc2hNYXA0wE5cEGzA+wIAAVoAC2FjY2Vzc09yZGVyeHEAfgAGP0AAAAAAAAx3CAAAABAAAAABdAAMTXlTaGlyb1JlYW1sc3IAF2phdmEudXRpbC5MaW5rZWRIYXNoU2V02GzXWpXdKh4CAAB4cgARamF2YS51dGlsLkhhc2hTZXS6RIWVlri3NAMAAHhwdwwAAAAQP0AAAAAAAAFzcgAfY29tLnRzLm1vZHVsZS5zeXN0ZW0ubW9kZWwuVXNlcgAAAAAAAAABAgAHSQAGaXNTdG9wSQAGdXNlcklkTAAHYWNjb3VudHQAEkxqYXZhL2xhbmcvU3RyaW5nO0wAB29yZ0NvZGVxAH4AFkwACHBhc3N3b3JkcQB+ABZMAAhwb3N0Q29kZXEAfgAWTAAIdXNlck5hbWVxAH4AFnhwAAAAAAAAAAF0AAMxMjN0AAMxMDF0AAMxMjN0AAUxMDEwMXQABua1i+ivlXh4AHcBAXEAfgAQeHh4');
INSERT INTO `s_session` VALUES ('8a722d52-d214-40a0-895a-230aae83827e', '127.0.0.1', '1800000', '2019-01-21 15:59:03', '2019-01-21 15:59:03', '2', 'admin', 'admin', 'rO0ABXNyACpvcmcuYXBhY2hlLnNoaXJvLnNlc3Npb24ubWd0LlNpbXBsZVNlc3Npb26dHKG41YxibgMAAHhwdwIA23QAJDhhNzIyZDUyLWQyMTQtNDBhMC04OTVhLTIzMGFhZTgzODI3ZXNyAA5qYXZhLnV0aWwuRGF0ZWhqgQFLWXQZAwAAeHB3CAAAAWhva4LfeHEAfgAEdxkAAAAAABt3QAAPMDowOjA6MDowOjA6MDoxc3IAEWphdmEudXRpbC5IYXNoTWFwBQfawcMWYNEDAAJGAApsb2FkRmFjdG9ySQAJdGhyZXNob2xkeHA/QAAAAAAADHcIAAAAEAAAAAJ0AFBvcmcuYXBhY2hlLnNoaXJvLnN1YmplY3Quc3VwcG9ydC5EZWZhdWx0U3ViamVjdENvbnRleHRfQVVUSEVOVElDQVRFRF9TRVNTSU9OX0tFWXNyABFqYXZhLmxhbmcuQm9vbGVhbs0gcoDVnPruAgABWgAFdmFsdWV4cAF0AE1vcmcuYXBhY2hlLnNoaXJvLnN1YmplY3Quc3VwcG9ydC5EZWZhdWx0U3ViamVjdENvbnRleHRfUFJJTkNJUEFMU19TRVNTSU9OX0tFWXNyADJvcmcuYXBhY2hlLnNoaXJvLnN1YmplY3QuU2ltcGxlUHJpbmNpcGFsQ29sbGVjdGlvbqh/WCXGowhKAwABTAAPcmVhbG1QcmluY2lwYWxzdAAPTGphdmEvdXRpbC9NYXA7eHBzcgAXamF2YS51dGlsLkxpbmtlZEhhc2hNYXA0wE5cEGzA+wIAAVoAC2FjY2Vzc09yZGVyeHEAfgAFP0AAAAAAAAx3CAAAABAAAAABdAAMTXlTaGlyb1JlYW1sc3IAF2phdmEudXRpbC5MaW5rZWRIYXNoU2V02GzXWpXdKh4CAAB4cgARamF2YS51dGlsLkhhc2hTZXS6RIWVlri3NAMAAHhwdwwAAAAQP0AAAAAAAAFzcgAfY29tLnRzLm1vZHVsZS5zeXN0ZW0ubW9kZWwuVXNlcgAAAAAAAAABAgAHSQAGaXNTdG9wSQAGdXNlcklkTAAHYWNjb3VudHQAEkxqYXZhL2xhbmcvU3RyaW5nO0wAB29yZ0NvZGVxAH4AFUwACHBhc3N3b3JkcQB+ABVMAAhwb3N0Q29kZXEAfgAVTAAIdXNlck5hbWVxAH4AFXhwAAAAAAAAAAJ0AAVhZG1pbnQAAzEwMnQAATF0AAUxMDIwMXQABWFkbWlueHgAdwEBcQB+AA94eHg=');
INSERT INTO `s_session` VALUES ('8f396815-d05b-44e2-a6ef-384f978d3485', '127.0.0.1', '1800000', '2019-01-21 14:05:56', '2019-01-21 14:15:40', '1', '测试', '123', 'rO0ABXNyACpvcmcuYXBhY2hlLnNoaXJvLnNlc3Npb24ubWd0LlNpbXBsZVNlc3Npb26dHKG41YxibgMAAHhwdwIA23QAJDhmMzk2ODE1LWQwNWItNDRlMi1hNmVmLTM4NGY5NzhkMzQ4NXNyAA5qYXZhLnV0aWwuRGF0ZWhqgQFLWXQZAwAAeHB3CAAAAWhvA/TfeHNxAH4AA3cIAAABaG8M3g94dxkAAAAAABt3QAAPMDowOjA6MDowOjA6MDoxc3IAEWphdmEudXRpbC5IYXNoTWFwBQfawcMWYNEDAAJGAApsb2FkRmFjdG9ySQAJdGhyZXNob2xkeHA/QAAAAAAADHcIAAAAEAAAAAN0AAdraWNrb3V0c3IAEWphdmEubGFuZy5Cb29sZWFuzSBygNWc+u4CAAFaAAV2YWx1ZXhwAXQAUG9yZy5hcGFjaGUuc2hpcm8uc3ViamVjdC5zdXBwb3J0LkRlZmF1bHRTdWJqZWN0Q29udGV4dF9BVVRIRU5USUNBVEVEX1NFU1NJT05fS0VZcQB+AAp0AE1vcmcuYXBhY2hlLnNoaXJvLnN1YmplY3Quc3VwcG9ydC5EZWZhdWx0U3ViamVjdENvbnRleHRfUFJJTkNJUEFMU19TRVNTSU9OX0tFWXNyADJvcmcuYXBhY2hlLnNoaXJvLnN1YmplY3QuU2ltcGxlUHJpbmNpcGFsQ29sbGVjdGlvbqh/WCXGowhKAwABTAAPcmVhbG1QcmluY2lwYWxzdAAPTGphdmEvdXRpbC9NYXA7eHBzcgAXamF2YS51dGlsLkxpbmtlZEhhc2hNYXA0wE5cEGzA+wIAAVoAC2FjY2Vzc09yZGVyeHEAfgAGP0AAAAAAAAx3CAAAABAAAAABdAAMTXlTaGlyb1JlYW1sc3IAF2phdmEudXRpbC5MaW5rZWRIYXNoU2V02GzXWpXdKh4CAAB4cgARamF2YS51dGlsLkhhc2hTZXS6RIWVlri3NAMAAHhwdwwAAAAQP0AAAAAAAAFzcgAfY29tLnRzLm1vZHVsZS5zeXN0ZW0ubW9kZWwuVXNlcgAAAAAAAAABAgAHSQAGaXNTdG9wSQAGdXNlcklkTAAHYWNjb3VudHQAEkxqYXZhL2xhbmcvU3RyaW5nO0wAB29yZ0NvZGVxAH4AF0wACHBhc3N3b3JkcQB+ABdMAAhwb3N0Q29kZXEAfgAXTAAIdXNlck5hbWVxAH4AF3hwAAAAAAAAAAF0AAMxMjN0AAMxMDF0AAMxMjN0AAUxMDEwMXQABua1i+ivlXh4AHcBAXEAfgAReHh4');
INSERT INTO `s_session` VALUES ('92c36c0c-46a5-4d9f-92fb-90d11946b06a', '127.0.0.1', '1800000', '2019-03-05 16:24:08', '2019-03-05 16:29:26', '2', 'admin', 'admin', 'rO0ABXNyACpvcmcuYXBhY2hlLnNoaXJvLnNlc3Npb24ubWd0LlNpbXBsZVNlc3Npb26dHKG41YxibgMAAHhwdwIA23QAJDkyYzM2YzBjLTQ2YTUtNGQ5Zi05MmZiLTkwZDExOTQ2YjA2YXNyAA5qYXZhLnV0aWwuRGF0ZWhqgQFLWXQZAwAAeHB3CAAAAWlM8+4neHNxAH4AA3cIAAABaUz4xx14dxkAAAAAABt3QAAPMDowOjA6MDowOjA6MDoxc3IAEWphdmEudXRpbC5IYXNoTWFwBQfawcMWYNEDAAJGAApsb2FkRmFjdG9ySQAJdGhyZXNob2xkeHA/QAAAAAAADHcIAAAAEAAAAAJ0AFBvcmcuYXBhY2hlLnNoaXJvLnN1YmplY3Quc3VwcG9ydC5EZWZhdWx0U3ViamVjdENvbnRleHRfQVVUSEVOVElDQVRFRF9TRVNTSU9OX0tFWXNyABFqYXZhLmxhbmcuQm9vbGVhbs0gcoDVnPruAgABWgAFdmFsdWV4cAF0AE1vcmcuYXBhY2hlLnNoaXJvLnN1YmplY3Quc3VwcG9ydC5EZWZhdWx0U3ViamVjdENvbnRleHRfUFJJTkNJUEFMU19TRVNTSU9OX0tFWXNyADJvcmcuYXBhY2hlLnNoaXJvLnN1YmplY3QuU2ltcGxlUHJpbmNpcGFsQ29sbGVjdGlvbqh/WCXGowhKAwABTAAPcmVhbG1QcmluY2lwYWxzdAAPTGphdmEvdXRpbC9NYXA7eHBzcgAXamF2YS51dGlsLkxpbmtlZEhhc2hNYXA0wE5cEGzA+wIAAVoAC2FjY2Vzc09yZGVyeHEAfgAGP0AAAAAAAAx3CAAAABAAAAABdAAMTXlTaGlyb1JlYW1sc3IAF2phdmEudXRpbC5MaW5rZWRIYXNoU2V02GzXWpXdKh4CAAB4cgARamF2YS51dGlsLkhhc2hTZXS6RIWVlri3NAMAAHhwdwwAAAACP0AAAAAAAAFzcgAfY29tLnRzLm1vZHVsZS5zeXN0ZW0ubW9kZWwuVXNlcgAAAAAAAAABAgAHSQAGaXNTdG9wSQAGdXNlcklkTAAHYWNjb3VudHQAEkxqYXZhL2xhbmcvU3RyaW5nO0wAB29yZ0NvZGVxAH4AFkwACHBhc3N3b3JkcQB+ABZMAAhwb3N0Q29kZXEAfgAWTAAIdXNlck5hbWVxAH4AFnhwAAAAAAAAAAJ0AAVhZG1pbnQAAzEwMnQAATF0AAUxMDIwMXQABWFkbWlueHgAdwEBcQB+ABB4eHg=');
INSERT INTO `s_session` VALUES ('996a69bb-d823-4075-aa29-e337ec53308c', '127.0.0.1', '1800000', '2019-03-27 23:25:09', '2019-03-27 23:25:14', '2', 'admin', 'admin', 'rO0ABXNyACpvcmcuYXBhY2hlLnNoaXJvLnNlc3Npb24ubWd0LlNpbXBsZVNlc3Npb26dHKG41YxibgMAAHhwdwIA23QAJDk5NmE2OWJiLWQ4MjMtNDA3NS1hYTI5LWUzMzdlYzUzMzA4Y3NyAA5qYXZhLnV0aWwuRGF0ZWhqgQFLWXQZAwAAeHB3CAAAAWm/wUkDeHNxAH4AA3cIAAABab/BXOV4dxkAAAAAABt3QAAPMDowOjA6MDowOjA6MDoxc3IAEWphdmEudXRpbC5IYXNoTWFwBQfawcMWYNEDAAJGAApsb2FkRmFjdG9ySQAJdGhyZXNob2xkeHA/QAAAAAAADHcIAAAAEAAAAAJ0AFBvcmcuYXBhY2hlLnNoaXJvLnN1YmplY3Quc3VwcG9ydC5EZWZhdWx0U3ViamVjdENvbnRleHRfQVVUSEVOVElDQVRFRF9TRVNTSU9OX0tFWXNyABFqYXZhLmxhbmcuQm9vbGVhbs0gcoDVnPruAgABWgAFdmFsdWV4cAF0AE1vcmcuYXBhY2hlLnNoaXJvLnN1YmplY3Quc3VwcG9ydC5EZWZhdWx0U3ViamVjdENvbnRleHRfUFJJTkNJUEFMU19TRVNTSU9OX0tFWXNyADJvcmcuYXBhY2hlLnNoaXJvLnN1YmplY3QuU2ltcGxlUHJpbmNpcGFsQ29sbGVjdGlvbqh/WCXGowhKAwABTAAPcmVhbG1QcmluY2lwYWxzdAAPTGphdmEvdXRpbC9NYXA7eHBzcgAXamF2YS51dGlsLkxpbmtlZEhhc2hNYXA0wE5cEGzA+wIAAVoAC2FjY2Vzc09yZGVyeHEAfgAGP0AAAAAAAAx3CAAAABAAAAABdAAMTXlTaGlyb1JlYW1sc3IAF2phdmEudXRpbC5MaW5rZWRIYXNoU2V02GzXWpXdKh4CAAB4cgARamF2YS51dGlsLkhhc2hTZXS6RIWVlri3NAMAAHhwdwwAAAAQP0AAAAAAAAFzcgAfY29tLnRzLm1vZHVsZS5zeXN0ZW0ubW9kZWwuVXNlcgAAAAAAAAABAgAHSQAGaXNTdG9wSQAGdXNlcklkTAAHYWNjb3VudHQAEkxqYXZhL2xhbmcvU3RyaW5nO0wAB29yZ0NvZGVxAH4AFkwACHBhc3N3b3JkcQB+ABZMAAhwb3N0Q29kZXEAfgAWTAAIdXNlck5hbWVxAH4AFnhwAAAAAAAAAAJ0AAVhZG1pbnQAAzEwMnQAATF0AAUxMDIwMXQABWFkbWlueHgAdwEBcQB+ABB4eHg=');
INSERT INTO `s_session` VALUES ('99fad381-8922-40d7-bcf7-2723a7c47df9', '127.0.0.1', '1800000', '2019-01-21 16:06:34', '2019-01-21 16:06:34', null, null, null, 'rO0ABXNyACpvcmcuYXBhY2hlLnNoaXJvLnNlc3Npb24ubWd0LlNpbXBsZVNlc3Npb26dHKG41YxibgMAAHhwdwIA23QAJDk5ZmFkMzgxLTg5MjItNDBkNy1iY2Y3LTI3MjNhN2M0N2RmOXNyAA5qYXZhLnV0aWwuRGF0ZWhqgQFLWXQZAwAAeHB3CAAAAWhvcmN1eHEAfgAEdxkAAAAAABt3QAAPMDowOjA6MDowOjA6MDoxc3IAEWphdmEudXRpbC5IYXNoTWFwBQfawcMWYNEDAAJGAApsb2FkRmFjdG9ySQAJdGhyZXNob2xkeHA/QAAAAAAADHcIAAAAEAAAAAF0ABFzaGlyb1NhdmVkUmVxdWVzdHNyACZvcmcuYXBhY2hlLnNoaXJvLndlYi51dGlsLlNhdmVkUmVxdWVzdK/OPK15gsq6AgADTAAGbWV0aG9kdAASTGphdmEvbGFuZy9TdHJpbmc7TAALcXVlcnlTdHJpbmdxAH4ACUwACnJlcXVlc3RVUklxAH4ACXhwdAADR0VUcHQAQy9tdmNfc2hpcm8vaW5kZXguZG87SlNFU1NJT05JRD02N2FhZDc4MC01OGZmLTQzZGMtODdkOS02MjJjY2I5NWZmOTF4eA==');
INSERT INTO `s_session` VALUES ('9aec0a8b-aa46-4462-b84d-a76167c87904', '127.0.0.1', '1800000', '2019-02-12 13:06:26', '2019-02-12 13:06:26', null, null, null, 'rO0ABXNyACpvcmcuYXBhY2hlLnNoaXJvLnNlc3Npb24ubWd0LlNpbXBsZVNlc3Npb26dHKG41YxibgMAAHhwdwIAW3QAJDlhZWMwYThiLWFhNDYtNDQ2Mi1iODRkLWE3NjE2N2M4NzkwNHNyAA5qYXZhLnV0aWwuRGF0ZWhqgQFLWXQZAwAAeHB3CAAAAWjgGWHEeHEAfgAEdxkAAAAAABt3QAAPMDowOjA6MDowOjA6MDoxeA==');
INSERT INTO `s_session` VALUES ('9b7bc43b-4fff-4ce6-aa1c-e4643c7eba0d', '127.0.0.1', '1800000', '2019-06-11 21:24:55', '2019-06-11 21:26:41', '2', 'admin', 'admin', 'rO0ABXNyACpvcmcuYXBhY2hlLnNoaXJvLnNlc3Npb24ubWd0LlNpbXBsZVNlc3Npb26dHKG41YxibgMAAHhwdwIA23QAJDliN2JjNDNiLTRmZmYtNGNlNi1hYTFjLWU0NjQzYzdlYmEwZHNyAA5qYXZhLnV0aWwuRGF0ZWhqgQFLWXQZAwAAeHB3CAAAAWtGtoTueHNxAH4AA3cIAAABa0a4JSB4dxkAAAAAABt3QAAPMDowOjA6MDowOjA6MDoxc3IAEWphdmEudXRpbC5IYXNoTWFwBQfawcMWYNEDAAJGAApsb2FkRmFjdG9ySQAJdGhyZXNob2xkeHA/QAAAAAAADHcIAAAAEAAAAAJ0AFBvcmcuYXBhY2hlLnNoaXJvLnN1YmplY3Quc3VwcG9ydC5EZWZhdWx0U3ViamVjdENvbnRleHRfQVVUSEVOVElDQVRFRF9TRVNTSU9OX0tFWXNyABFqYXZhLmxhbmcuQm9vbGVhbs0gcoDVnPruAgABWgAFdmFsdWV4cAF0AE1vcmcuYXBhY2hlLnNoaXJvLnN1YmplY3Quc3VwcG9ydC5EZWZhdWx0U3ViamVjdENvbnRleHRfUFJJTkNJUEFMU19TRVNTSU9OX0tFWXNyADJvcmcuYXBhY2hlLnNoaXJvLnN1YmplY3QuU2ltcGxlUHJpbmNpcGFsQ29sbGVjdGlvbqh/WCXGowhKAwABTAAPcmVhbG1QcmluY2lwYWxzdAAPTGphdmEvdXRpbC9NYXA7eHBzcgAXamF2YS51dGlsLkxpbmtlZEhhc2hNYXA0wE5cEGzA+wIAAVoAC2FjY2Vzc09yZGVyeHEAfgAGP0AAAAAAAAx3CAAAABAAAAABdAAMTXlTaGlyb1JlYW1sc3IAF2phdmEudXRpbC5MaW5rZWRIYXNoU2V02GzXWpXdKh4CAAB4cgARamF2YS51dGlsLkhhc2hTZXS6RIWVlri3NAMAAHhwdwwAAAAQP0AAAAAAAAFzcgAfY29tLnRzLm1vZHVsZS5zeXN0ZW0ubW9kZWwuVXNlcgAAAAAAAAABAgAHSQAGaXNTdG9wSQAGdXNlcklkTAAHYWNjb3VudHQAEkxqYXZhL2xhbmcvU3RyaW5nO0wAB29yZ0NvZGVxAH4AFkwACHBhc3N3b3JkcQB+ABZMAAhwb3N0Q29kZXEAfgAWTAAIdXNlck5hbWVxAH4AFnhwAAAAAAAAAAJ0AAVhZG1pbnQAAzEwMnQAATF0AAUxMDIwMXQABWFkbWlueHgAdwEBcQB+ABB4eHg=');
INSERT INTO `s_session` VALUES ('9fbaafee-81d2-40d2-8bc7-52e7d2ce3b6a', '127.0.0.1', '1800000', '2019-01-21 16:06:34', '2019-01-21 16:06:34', null, null, null, 'rO0ABXNyACpvcmcuYXBhY2hlLnNoaXJvLnNlc3Npb24ubWd0LlNpbXBsZVNlc3Npb26dHKG41YxibgMAAHhwdwIAW3QAJDlmYmFhZmVlLTgxZDItNDBkMi04YmM3LTUyZTdkMmNlM2I2YXNyAA5qYXZhLnV0aWwuRGF0ZWhqgQFLWXQZAwAAeHB3CAAAAWhvcmOBeHEAfgAEdxkAAAAAABt3QAAPMDowOjA6MDowOjA6MDoxeA==');
INSERT INTO `s_session` VALUES ('9fd15ebb-30ce-4cbd-aefd-7d05abd4679b', '127.0.0.1', '1800000', '2019-01-21 17:22:04', '2019-01-21 17:22:13', '2', 'admin', 'admin', 'rO0ABXNyACpvcmcuYXBhY2hlLnNoaXJvLnNlc3Npb24ubWd0LlNpbXBsZVNlc3Npb26dHKG41YxibgMAAHhwdwIA23QAJDlmZDE1ZWJiLTMwY2UtNGNiZC1hZWZkLTdkMDVhYmQ0Njc5YnNyAA5qYXZhLnV0aWwuRGF0ZWhqgQFLWXQZAwAAeHB3CAAAAWhvt4QIeHNxAH4AA3cIAAABaG+3p+94dxkAAAAAABt3QAAPMDowOjA6MDowOjA6MDoxc3IAEWphdmEudXRpbC5IYXNoTWFwBQfawcMWYNEDAAJGAApsb2FkRmFjdG9ySQAJdGhyZXNob2xkeHA/QAAAAAAADHcIAAAAEAAAAAJ0AFBvcmcuYXBhY2hlLnNoaXJvLnN1YmplY3Quc3VwcG9ydC5EZWZhdWx0U3ViamVjdENvbnRleHRfQVVUSEVOVElDQVRFRF9TRVNTSU9OX0tFWXNyABFqYXZhLmxhbmcuQm9vbGVhbs0gcoDVnPruAgABWgAFdmFsdWV4cAF0AE1vcmcuYXBhY2hlLnNoaXJvLnN1YmplY3Quc3VwcG9ydC5EZWZhdWx0U3ViamVjdENvbnRleHRfUFJJTkNJUEFMU19TRVNTSU9OX0tFWXNyADJvcmcuYXBhY2hlLnNoaXJvLnN1YmplY3QuU2ltcGxlUHJpbmNpcGFsQ29sbGVjdGlvbqh/WCXGowhKAwABTAAPcmVhbG1QcmluY2lwYWxzdAAPTGphdmEvdXRpbC9NYXA7eHBzcgAXamF2YS51dGlsLkxpbmtlZEhhc2hNYXA0wE5cEGzA+wIAAVoAC2FjY2Vzc09yZGVyeHEAfgAGP0AAAAAAAAx3CAAAABAAAAABdAAMTXlTaGlyb1JlYW1sc3IAF2phdmEudXRpbC5MaW5rZWRIYXNoU2V02GzXWpXdKh4CAAB4cgARamF2YS51dGlsLkhhc2hTZXS6RIWVlri3NAMAAHhwdwwAAAAQP0AAAAAAAAFzcgAfY29tLnRzLm1vZHVsZS5zeXN0ZW0ubW9kZWwuVXNlcgAAAAAAAAABAgAHSQAGaXNTdG9wSQAGdXNlcklkTAAHYWNjb3VudHQAEkxqYXZhL2xhbmcvU3RyaW5nO0wAB29yZ0NvZGVxAH4AFkwACHBhc3N3b3JkcQB+ABZMAAhwb3N0Q29kZXEAfgAWTAAIdXNlck5hbWVxAH4AFnhwAAAAAAAAAAJ0AAVhZG1pbnQAAzEwMnQAATF0AAUxMDIwMXQABWFkbWlueHgAdwEBcQB+ABB4eHg=');
INSERT INTO `s_session` VALUES ('a02a0c4a-b142-4825-9410-85625b9c20bb', '127.0.0.1', '1800000', '2019-01-21 15:59:49', '2019-01-21 15:59:49', null, null, null, 'rO0ABXNyACpvcmcuYXBhY2hlLnNoaXJvLnNlc3Npb24ubWd0LlNpbXBsZVNlc3Npb26dHKG41YxibgMAAHhwdwIA23QAJGEwMmEwYzRhLWIxNDItNDgyNS05NDEwLTg1NjI1YjljMjBiYnNyAA5qYXZhLnV0aWwuRGF0ZWhqgQFLWXQZAwAAeHB3CAAAAWhvbDaSeHEAfgAEdxkAAAAAABt3QAAPMDowOjA6MDowOjA6MDoxc3IAEWphdmEudXRpbC5IYXNoTWFwBQfawcMWYNEDAAJGAApsb2FkRmFjdG9ySQAJdGhyZXNob2xkeHA/QAAAAAAADHcIAAAAEAAAAAF0ABFzaGlyb1NhdmVkUmVxdWVzdHNyACZvcmcuYXBhY2hlLnNoaXJvLndlYi51dGlsLlNhdmVkUmVxdWVzdK/OPK15gsq6AgADTAAGbWV0aG9kdAASTGphdmEvbGFuZy9TdHJpbmc7TAALcXVlcnlTdHJpbmdxAH4ACUwACnJlcXVlc3RVUklxAH4ACXhwdAADR0VUcHQAQy9tdmNfc2hpcm8vaW5kZXguZG87SlNFU1NJT05JRD0zNTExNzExYy1mZmJhLTRiNDktYmVhMS0wNTkzYjg2ZDExNzV4eA==');
INSERT INTO `s_session` VALUES ('a042903a-9a68-4da1-8d1f-a2cfb33f0707', '127.0.0.1', '1800000', '2019-01-21 16:03:23', '2019-01-21 16:03:23', null, null, null, 'rO0ABXNyACpvcmcuYXBhY2hlLnNoaXJvLnNlc3Npb24ubWd0LlNpbXBsZVNlc3Npb26dHKG41YxibgMAAHhwdwIAW3QAJGEwNDI5MDNhLTlhNjgtNGRhMS04ZDFmLWEyY2ZiMzNmMDcwN3NyAA5qYXZhLnV0aWwuRGF0ZWhqgQFLWXQZAwAAeHB3CAAAAWhvb3kFeHEAfgAEdxkAAAAAABt3QAAPMDowOjA6MDowOjA6MDoxeA==');
INSERT INTO `s_session` VALUES ('b3a0ffff-02cf-4512-b467-51f6beb72bb2', '127.0.0.1', '1800000', '2019-02-17 20:40:09', '2019-02-17 21:05:11', '2', 'admin', 'admin', 'rO0ABXNyACpvcmcuYXBhY2hlLnNoaXJvLnNlc3Npb24ubWd0LlNpbXBsZVNlc3Npb26dHKG41YxibgMAAHhwdwIA23QAJGIzYTBmZmZmLTAyY2YtNDUxMi1iNDY3LTUxZjZiZWI3MmJiMnNyAA5qYXZhLnV0aWwuRGF0ZWhqgQFLWXQZAwAAeHB3CAAAAWj7eJJzeHNxAH4AA3cIAAABaPuPfLB4dxkAAAAAABt3QAAPMDowOjA6MDowOjA6MDoxc3IAEWphdmEudXRpbC5IYXNoTWFwBQfawcMWYNEDAAJGAApsb2FkRmFjdG9ySQAJdGhyZXNob2xkeHA/QAAAAAAADHcIAAAAEAAAAAN0AAdraWNrb3V0c3IAEWphdmEubGFuZy5Cb29sZWFuzSBygNWc+u4CAAFaAAV2YWx1ZXhwAXQAUG9yZy5hcGFjaGUuc2hpcm8uc3ViamVjdC5zdXBwb3J0LkRlZmF1bHRTdWJqZWN0Q29udGV4dF9BVVRIRU5USUNBVEVEX1NFU1NJT05fS0VZcQB+AAp0AE1vcmcuYXBhY2hlLnNoaXJvLnN1YmplY3Quc3VwcG9ydC5EZWZhdWx0U3ViamVjdENvbnRleHRfUFJJTkNJUEFMU19TRVNTSU9OX0tFWXNyADJvcmcuYXBhY2hlLnNoaXJvLnN1YmplY3QuU2ltcGxlUHJpbmNpcGFsQ29sbGVjdGlvbqh/WCXGowhKAwABTAAPcmVhbG1QcmluY2lwYWxzdAAPTGphdmEvdXRpbC9NYXA7eHBzcgAXamF2YS51dGlsLkxpbmtlZEhhc2hNYXA0wE5cEGzA+wIAAVoAC2FjY2Vzc09yZGVyeHEAfgAGP0AAAAAAAAx3CAAAABAAAAABdAAMTXlTaGlyb1JlYW1sc3IAF2phdmEudXRpbC5MaW5rZWRIYXNoU2V02GzXWpXdKh4CAAB4cgARamF2YS51dGlsLkhhc2hTZXS6RIWVlri3NAMAAHhwdwwAAAAQP0AAAAAAAAFzcgAfY29tLnRzLm1vZHVsZS5zeXN0ZW0ubW9kZWwuVXNlcgAAAAAAAAABAgAHSQAGaXNTdG9wSQAGdXNlcklkTAAHYWNjb3VudHQAEkxqYXZhL2xhbmcvU3RyaW5nO0wAB29yZ0NvZGVxAH4AF0wACHBhc3N3b3JkcQB+ABdMAAhwb3N0Q29kZXEAfgAXTAAIdXNlck5hbWVxAH4AF3hwAAAAAAAAAAJ0AAVhZG1pbnQAAzEwMnQAATF0AAUxMDIwMXQABWFkbWlueHgAdwEBcQB+ABF4eHg=');
INSERT INTO `s_session` VALUES ('b3cce241-9b4d-4603-8106-2eb75fe334eb', '127.0.0.1', '1800000', '2019-01-21 16:06:16', '2019-01-21 16:06:16', null, null, null, 'rO0ABXNyACpvcmcuYXBhY2hlLnNoaXJvLnNlc3Npb24ubWd0LlNpbXBsZVNlc3Npb26dHKG41YxibgMAAHhwdwIAW3QAJGIzY2NlMjQxLTliNGQtNDYwMy04MTA2LTJlYjc1ZmUzMzRlYnNyAA5qYXZhLnV0aWwuRGF0ZWhqgQFLWXQZAwAAeHB3CAAAAWhvch8ZeHEAfgAEdxkAAAAAABt3QAAPMDowOjA6MDowOjA6MDoxeA==');
INSERT INTO `s_session` VALUES ('b4cf6642-25e2-4626-916a-43c572a142e7', '127.0.0.1', '1800000', '2019-02-13 17:41:41', '2019-02-13 17:41:47', '1', '测试', '123', 'rO0ABXNyACpvcmcuYXBhY2hlLnNoaXJvLnNlc3Npb24ubWd0LlNpbXBsZVNlc3Npb26dHKG41YxibgMAAHhwdwIA23QAJGI0Y2Y2NjQyLTI1ZTItNDYyNi05MTZhLTQzYzU3MmExNDJlN3NyAA5qYXZhLnV0aWwuRGF0ZWhqgQFLWXQZAwAAeHB3CAAAAWjmO7/LeHNxAH4AA3cIAAABaOY710d4dxkAAAAAABt3QAAPMDowOjA6MDowOjA6MDoxc3IAEWphdmEudXRpbC5IYXNoTWFwBQfawcMWYNEDAAJGAApsb2FkRmFjdG9ySQAJdGhyZXNob2xkeHA/QAAAAAAADHcIAAAAEAAAAAJ0AFBvcmcuYXBhY2hlLnNoaXJvLnN1YmplY3Quc3VwcG9ydC5EZWZhdWx0U3ViamVjdENvbnRleHRfQVVUSEVOVElDQVRFRF9TRVNTSU9OX0tFWXNyABFqYXZhLmxhbmcuQm9vbGVhbs0gcoDVnPruAgABWgAFdmFsdWV4cAF0AE1vcmcuYXBhY2hlLnNoaXJvLnN1YmplY3Quc3VwcG9ydC5EZWZhdWx0U3ViamVjdENvbnRleHRfUFJJTkNJUEFMU19TRVNTSU9OX0tFWXNyADJvcmcuYXBhY2hlLnNoaXJvLnN1YmplY3QuU2ltcGxlUHJpbmNpcGFsQ29sbGVjdGlvbqh/WCXGowhKAwABTAAPcmVhbG1QcmluY2lwYWxzdAAPTGphdmEvdXRpbC9NYXA7eHBzcgAXamF2YS51dGlsLkxpbmtlZEhhc2hNYXA0wE5cEGzA+wIAAVoAC2FjY2Vzc09yZGVyeHEAfgAGP0AAAAAAAAx3CAAAABAAAAABdAAMTXlTaGlyb1JlYW1sc3IAF2phdmEudXRpbC5MaW5rZWRIYXNoU2V02GzXWpXdKh4CAAB4cgARamF2YS51dGlsLkhhc2hTZXS6RIWVlri3NAMAAHhwdwwAAAAQP0AAAAAAAAFzcgAfY29tLnRzLm1vZHVsZS5zeXN0ZW0ubW9kZWwuVXNlcgAAAAAAAAABAgAHSQAGaXNTdG9wSQAGdXNlcklkTAAHYWNjb3VudHQAEkxqYXZhL2xhbmcvU3RyaW5nO0wAB29yZ0NvZGVxAH4AFkwACHBhc3N3b3JkcQB+ABZMAAhwb3N0Q29kZXEAfgAWTAAIdXNlck5hbWVxAH4AFnhwAAAAAAAAAAF0AAMxMjN0AAMxMDF0AAMxMjN0AAUxMDEwMXQABua1i+ivlXh4AHcBAXEAfgAQeHh4');
INSERT INTO `s_session` VALUES ('b5b6c4e5-9570-45b1-8b29-ca8f78a6e0c9', '127.0.0.1', '1800000', '2019-01-21 13:54:23', '2019-01-21 14:04:05', '2', 'admin', 'admin', 'rO0ABXNyACpvcmcuYXBhY2hlLnNoaXJvLnNlc3Npb24ubWd0LlNpbXBsZVNlc3Npb26dHKG41YxibgMAAHhwdwIA23QAJGI1YjZjNGU1LTk1NzAtNDViMS04YjI5LWNhOGY3OGE2ZTBjOXNyAA5qYXZhLnV0aWwuRGF0ZWhqgQFLWXQZAwAAeHB3CAAAAWhu+WBReHNxAH4AA3cIAAABaG8CQCR4dxkAAAAAABt3QAAPMDowOjA6MDowOjA6MDoxc3IAEWphdmEudXRpbC5IYXNoTWFwBQfawcMWYNEDAAJGAApsb2FkRmFjdG9ySQAJdGhyZXNob2xkeHA/QAAAAAAADHcIAAAAEAAAAAN0AAdraWNrb3V0c3IAEWphdmEubGFuZy5Cb29sZWFuzSBygNWc+u4CAAFaAAV2YWx1ZXhwAXQAUG9yZy5hcGFjaGUuc2hpcm8uc3ViamVjdC5zdXBwb3J0LkRlZmF1bHRTdWJqZWN0Q29udGV4dF9BVVRIRU5USUNBVEVEX1NFU1NJT05fS0VZc3EAfgAJAXQATW9yZy5hcGFjaGUuc2hpcm8uc3ViamVjdC5zdXBwb3J0LkRlZmF1bHRTdWJqZWN0Q29udGV4dF9QUklOQ0lQQUxTX1NFU1NJT05fS0VZc3IAMm9yZy5hcGFjaGUuc2hpcm8uc3ViamVjdC5TaW1wbGVQcmluY2lwYWxDb2xsZWN0aW9uqH9YJcajCEoDAAFMAA9yZWFsbVByaW5jaXBhbHN0AA9MamF2YS91dGlsL01hcDt4cHNyABdqYXZhLnV0aWwuTGlua2VkSGFzaE1hcDTATlwQbMD7AgABWgALYWNjZXNzT3JkZXJ4cQB+AAY/QAAAAAAADHcIAAAAEAAAAAF0AAxNeVNoaXJvUmVhbWxzcgAXamF2YS51dGlsLkxpbmtlZEhhc2hTZXTYbNdald0qHgIAAHhyABFqYXZhLnV0aWwuSGFzaFNldLpEhZWWuLc0AwAAeHB3DAAAAAI/QAAAAAAAAXNyAB9jb20udHMubW9kdWxlLnN5c3RlbS5tb2RlbC5Vc2VyAAAAAAAAAAECAAdJAAZpc1N0b3BJAAZ1c2VySWRMAAdhY2NvdW50dAASTGphdmEvbGFuZy9TdHJpbmc7TAAHb3JnQ29kZXEAfgAYTAAIcGFzc3dvcmRxAH4AGEwACHBvc3RDb2RlcQB+ABhMAAh1c2VyTmFtZXEAfgAYeHAAAAAAAAAAAnQABWFkbWludAADMTAydAABMXQABTEwMjAxdAAFYWRtaW54eAB3AQFxAH4AEnh4eA==');
INSERT INTO `s_session` VALUES ('beb5430d-d369-47b7-ac7f-6edc132ba666', '127.0.0.1', '1800000', '2019-01-21 16:06:06', '2019-01-21 16:06:06', null, null, null, 'rO0ABXNyACpvcmcuYXBhY2hlLnNoaXJvLnNlc3Npb24ubWd0LlNpbXBsZVNlc3Npb26dHKG41YxibgMAAHhwdwIAW3QAJGJlYjU0MzBkLWQzNjktNDdiNy1hYzdmLTZlZGMxMzJiYTY2NnNyAA5qYXZhLnV0aWwuRGF0ZWhqgQFLWXQZAwAAeHB3CAAAAWhvcfi7eHEAfgAEdxkAAAAAABt3QAAPMDowOjA6MDowOjA6MDoxeA==');
INSERT INTO `s_session` VALUES ('c41b6636-8934-48c4-ab46-29e5078f0a1f', '127.0.0.1', '1800000', '2019-03-13 18:22:11', '2019-03-13 18:22:11', null, null, null, 'rO0ABXNyACpvcmcuYXBhY2hlLnNoaXJvLnNlc3Npb24ubWd0LlNpbXBsZVNlc3Npb26dHKG41YxibgMAAHhwdwIAW3QAJGM0MWI2NjM2LTg5MzQtNDhjNC1hYjQ2LTI5ZTUwNzhmMGExZnNyAA5qYXZhLnV0aWwuRGF0ZWhqgQFLWXQZAwAAeHB3CAAAAWl2kuJaeHEAfgAEdxkAAAAAABt3QAAPMDowOjA6MDowOjA6MDoxeA==');
INSERT INTO `s_session` VALUES ('d01176ae-2c0f-4205-bea0-516c677b09dc', '127.0.0.1', '1800000', '2019-01-21 13:53:11', '2019-01-21 13:53:11', null, null, null, 'rO0ABXNyACpvcmcuYXBhY2hlLnNoaXJvLnNlc3Npb24ubWd0LlNpbXBsZVNlc3Npb26dHKG41YxibgMAAHhwdwIAW3QAJGQwMTE3NmFlLTJjMGYtNDIwNS1iZWEwLTUxNmM2NzdiMDlkY3NyAA5qYXZhLnV0aWwuRGF0ZWhqgQFLWXQZAwAAeHB3CAAAAWhu+EXreHNxAH4AA3cIAAABaG74Rn94dxkAAAAAABt3QAAPMDowOjA6MDowOjA6MDoxeA==');
INSERT INTO `s_session` VALUES ('d475b4ec-de92-40c5-b162-4741d47d755b', '127.0.0.1', '1800000', '2019-01-21 16:02:31', '2019-01-21 16:02:31', null, null, null, 'rO0ABXNyACpvcmcuYXBhY2hlLnNoaXJvLnNlc3Npb24ubWd0LlNpbXBsZVNlc3Npb26dHKG41YxibgMAAHhwdwIAW3QAJGQ0NzViNGVjLWRlOTItNDBjNS1iMTYyLTQ3NDFkNDdkNzU1YnNyAA5qYXZhLnV0aWwuRGF0ZWhqgQFLWXQZAwAAeHB3CAAAAWhvbq+ueHEAfgAEdxkAAAAAABt3QAAPMDowOjA6MDowOjA6MDoxeA==');
INSERT INTO `s_session` VALUES ('da3fe705-5015-4067-a663-ab99722f9222', '127.0.0.1', '1800000', '2019-01-21 16:06:22', '2019-01-21 16:06:22', null, null, null, 'rO0ABXNyACpvcmcuYXBhY2hlLnNoaXJvLnNlc3Npb24ubWd0LlNpbXBsZVNlc3Npb26dHKG41YxibgMAAHhwdwIA23QAJGRhM2ZlNzA1LTUwMTUtNDA2Ny1hNjYzLWFiOTk3MjJmOTIyMnNyAA5qYXZhLnV0aWwuRGF0ZWhqgQFLWXQZAwAAeHB3CAAAAWhvcjcZeHEAfgAEdxkAAAAAABt3QAAPMDowOjA6MDowOjA6MDoxc3IAEWphdmEudXRpbC5IYXNoTWFwBQfawcMWYNEDAAJGAApsb2FkRmFjdG9ySQAJdGhyZXNob2xkeHA/QAAAAAAADHcIAAAAEAAAAAF0ABFzaGlyb1NhdmVkUmVxdWVzdHNyACZvcmcuYXBhY2hlLnNoaXJvLndlYi51dGlsLlNhdmVkUmVxdWVzdK/OPK15gsq6AgADTAAGbWV0aG9kdAASTGphdmEvbGFuZy9TdHJpbmc7TAALcXVlcnlTdHJpbmdxAH4ACUwACnJlcXVlc3RVUklxAH4ACXhwdAADR0VUcHQAQy9tdmNfc2hpcm8vaW5kZXguZG87SlNFU1NJT05JRD04NGFiZTY2Yi1kYWNlLTRlNWUtOTUwNi1mYTc4MDQ2OWE5NWZ4eA==');
INSERT INTO `s_session` VALUES ('dea02c9d-9985-462a-a76f-67d1a21ffe28', '127.0.0.1', '1800000', '2019-06-12 19:58:04', '2019-06-12 20:14:32', '2', 'admin', 'admin', 'rO0ABXNyACpvcmcuYXBhY2hlLnNoaXJvLnNlc3Npb24ubWd0LlNpbXBsZVNlc3Npb26dHKG41YxibgMAAHhwdwIA23QAJGRlYTAyYzlkLTk5ODUtNDYyYS1hNzZmLTY3ZDFhMjFmZmUyOHNyAA5qYXZhLnV0aWwuRGF0ZWhqgQFLWXQZAwAAeHB3CAAAAWtLjV1deHNxAH4AA3cIAAABa0uccsR4dxkAAAAAABt3QAAPMDowOjA6MDowOjA6MDoxc3IAEWphdmEudXRpbC5IYXNoTWFwBQfawcMWYNEDAAJGAApsb2FkRmFjdG9ySQAJdGhyZXNob2xkeHA/QAAAAAAADHcIAAAAEAAAAAJ0AFBvcmcuYXBhY2hlLnNoaXJvLnN1YmplY3Quc3VwcG9ydC5EZWZhdWx0U3ViamVjdENvbnRleHRfQVVUSEVOVElDQVRFRF9TRVNTSU9OX0tFWXNyABFqYXZhLmxhbmcuQm9vbGVhbs0gcoDVnPruAgABWgAFdmFsdWV4cAF0AE1vcmcuYXBhY2hlLnNoaXJvLnN1YmplY3Quc3VwcG9ydC5EZWZhdWx0U3ViamVjdENvbnRleHRfUFJJTkNJUEFMU19TRVNTSU9OX0tFWXNyADJvcmcuYXBhY2hlLnNoaXJvLnN1YmplY3QuU2ltcGxlUHJpbmNpcGFsQ29sbGVjdGlvbqh/WCXGowhKAwABTAAPcmVhbG1QcmluY2lwYWxzdAAPTGphdmEvdXRpbC9NYXA7eHBzcgAXamF2YS51dGlsLkxpbmtlZEhhc2hNYXA0wE5cEGzA+wIAAVoAC2FjY2Vzc09yZGVyeHEAfgAGP0AAAAAAAAx3CAAAABAAAAABdAAMTXlTaGlyb1JlYW1sc3IAF2phdmEudXRpbC5MaW5rZWRIYXNoU2V02GzXWpXdKh4CAAB4cgARamF2YS51dGlsLkhhc2hTZXS6RIWVlri3NAMAAHhwdwwAAAAQP0AAAAAAAAFzcgAfY29tLnRzLm1vZHVsZS5zeXN0ZW0ubW9kZWwuVXNlcgAAAAAAAAABAgAHSQAGaXNTdG9wSQAGdXNlcklkTAAHYWNjb3VudHQAEkxqYXZhL2xhbmcvU3RyaW5nO0wAB29yZ0NvZGVxAH4AFkwACHBhc3N3b3JkcQB+ABZMAAhwb3N0Q29kZXEAfgAWTAAIdXNlck5hbWVxAH4AFnhwAAAAAAAAAAJ0AAVhZG1pbnQAAzEwMnQAATF0AAUxMDIwMXQABWFkbWlueHgAdwEBcQB+ABB4eHg=');
INSERT INTO `s_session` VALUES ('df92377f-4033-46cc-945d-c535dc9a0337', '127.0.0.1', '1800000', '2019-01-21 14:27:08', '2019-01-21 14:27:08', null, null, null, 'rO0ABXNyACpvcmcuYXBhY2hlLnNoaXJvLnNlc3Npb24ubWd0LlNpbXBsZVNlc3Npb26dHKG41YxibgMAAHhwdwIAW3QAJGRmOTIzNzdmLTQwMzMtNDZjYy05NDVkLWM1MzVkYzlhMDMzN3NyAA5qYXZhLnV0aWwuRGF0ZWhqgQFLWXQZAwAAeHB3CAAAAWhvF1qneHEAfgAEdxkAAAAAABt3QAAPMDowOjA6MDowOjA6MDoxeA==');
INSERT INTO `s_session` VALUES ('e180564a-58df-4cc0-8574-4d28d45967fb', '127.0.0.1', '1800000', '2019-02-20 00:10:27', '2019-02-20 00:37:14', '2', 'admin', 'admin', 'rO0ABXNyACpvcmcuYXBhY2hlLnNoaXJvLnNlc3Npb24ubWd0LlNpbXBsZVNlc3Npb26dHKG41YxibgMAAHhwdwIA23QAJGUxODA1NjRhLTU4ZGYtNGNjMC04NTc0LTRkMjhkNDU5NjdmYnNyAA5qYXZhLnV0aWwuRGF0ZWhqgQFLWXQZAwAAeHB3CAAAAWkGhdE5eHNxAH4AA3cIAAABaQaeWFB4dxkAAAAAABt3QAAPMDowOjA6MDowOjA6MDoxc3IAEWphdmEudXRpbC5IYXNoTWFwBQfawcMWYNEDAAJGAApsb2FkRmFjdG9ySQAJdGhyZXNob2xkeHA/QAAAAAAADHcIAAAAEAAAAAJ0AFBvcmcuYXBhY2hlLnNoaXJvLnN1YmplY3Quc3VwcG9ydC5EZWZhdWx0U3ViamVjdENvbnRleHRfQVVUSEVOVElDQVRFRF9TRVNTSU9OX0tFWXNyABFqYXZhLmxhbmcuQm9vbGVhbs0gcoDVnPruAgABWgAFdmFsdWV4cAF0AE1vcmcuYXBhY2hlLnNoaXJvLnN1YmplY3Quc3VwcG9ydC5EZWZhdWx0U3ViamVjdENvbnRleHRfUFJJTkNJUEFMU19TRVNTSU9OX0tFWXNyADJvcmcuYXBhY2hlLnNoaXJvLnN1YmplY3QuU2ltcGxlUHJpbmNpcGFsQ29sbGVjdGlvbqh/WCXGowhKAwABTAAPcmVhbG1QcmluY2lwYWxzdAAPTGphdmEvdXRpbC9NYXA7eHBzcgAXamF2YS51dGlsLkxpbmtlZEhhc2hNYXA0wE5cEGzA+wIAAVoAC2FjY2Vzc09yZGVyeHEAfgAGP0AAAAAAAAx3CAAAABAAAAABdAAMTXlTaGlyb1JlYW1sc3IAF2phdmEudXRpbC5MaW5rZWRIYXNoU2V02GzXWpXdKh4CAAB4cgARamF2YS51dGlsLkhhc2hTZXS6RIWVlri3NAMAAHhwdwwAAAAQP0AAAAAAAAFzcgAfY29tLnRzLm1vZHVsZS5zeXN0ZW0ubW9kZWwuVXNlcgAAAAAAAAABAgAHSQAGaXNTdG9wSQAGdXNlcklkTAAHYWNjb3VudHQAEkxqYXZhL2xhbmcvU3RyaW5nO0wAB29yZ0NvZGVxAH4AFkwACHBhc3N3b3JkcQB+ABZMAAhwb3N0Q29kZXEAfgAWTAAIdXNlck5hbWVxAH4AFnhwAAAAAAAAAAJ0AAVhZG1pbnQAAzEwMnQAATF0AAUxMDIwMXQABWFkbWlueHgAdwEBcQB+ABB4eHg=');
INSERT INTO `s_session` VALUES ('e1a76aed-6c19-4ca6-a481-a3a8caf301cf', '127.0.0.1', '1800000', '2019-01-21 16:02:31', '2019-01-21 16:02:31', '2', 'admin', 'admin', 'rO0ABXNyACpvcmcuYXBhY2hlLnNoaXJvLnNlc3Npb24ubWd0LlNpbXBsZVNlc3Npb26dHKG41YxibgMAAHhwdwIA23QAJGUxYTc2YWVkLTZjMTktNGNhNi1hNDgxLWEzYThjYWYzMDFjZnNyAA5qYXZhLnV0aWwuRGF0ZWhqgQFLWXQZAwAAeHB3CAAAAWhvbq+AeHEAfgAEdxkAAAAAABt3QAAPMDowOjA6MDowOjA6MDoxc3IAEWphdmEudXRpbC5IYXNoTWFwBQfawcMWYNEDAAJGAApsb2FkRmFjdG9ySQAJdGhyZXNob2xkeHA/QAAAAAAADHcIAAAAEAAAAAJ0AFBvcmcuYXBhY2hlLnNoaXJvLnN1YmplY3Quc3VwcG9ydC5EZWZhdWx0U3ViamVjdENvbnRleHRfQVVUSEVOVElDQVRFRF9TRVNTSU9OX0tFWXNyABFqYXZhLmxhbmcuQm9vbGVhbs0gcoDVnPruAgABWgAFdmFsdWV4cAF0AE1vcmcuYXBhY2hlLnNoaXJvLnN1YmplY3Quc3VwcG9ydC5EZWZhdWx0U3ViamVjdENvbnRleHRfUFJJTkNJUEFMU19TRVNTSU9OX0tFWXNyADJvcmcuYXBhY2hlLnNoaXJvLnN1YmplY3QuU2ltcGxlUHJpbmNpcGFsQ29sbGVjdGlvbqh/WCXGowhKAwABTAAPcmVhbG1QcmluY2lwYWxzdAAPTGphdmEvdXRpbC9NYXA7eHBzcgAXamF2YS51dGlsLkxpbmtlZEhhc2hNYXA0wE5cEGzA+wIAAVoAC2FjY2Vzc09yZGVyeHEAfgAFP0AAAAAAAAx3CAAAABAAAAABdAAMTXlTaGlyb1JlYW1sc3IAF2phdmEudXRpbC5MaW5rZWRIYXNoU2V02GzXWpXdKh4CAAB4cgARamF2YS51dGlsLkhhc2hTZXS6RIWVlri3NAMAAHhwdwwAAAAQP0AAAAAAAAFzcgAfY29tLnRzLm1vZHVsZS5zeXN0ZW0ubW9kZWwuVXNlcgAAAAAAAAABAgAHSQAGaXNTdG9wSQAGdXNlcklkTAAHYWNjb3VudHQAEkxqYXZhL2xhbmcvU3RyaW5nO0wAB29yZ0NvZGVxAH4AFUwACHBhc3N3b3JkcQB+ABVMAAhwb3N0Q29kZXEAfgAVTAAIdXNlck5hbWVxAH4AFXhwAAAAAAAAAAJ0AAVhZG1pbnQAAzEwMnQAATF0AAUxMDIwMXQABWFkbWlueHgAdwEBcQB+AA94eHg=');
INSERT INTO `s_session` VALUES ('e1c58b61-fab7-4ff1-94d3-44dead86891f', '127.0.0.1', '1800000', '2019-02-17 23:58:49', '2019-02-18 00:08:09', '2', 'admin', 'admin', 'rO0ABXNyACpvcmcuYXBhY2hlLnNoaXJvLnNlc3Npb24ubWd0LlNpbXBsZVNlc3Npb26dHKG41YxibgMAAHhwdwIA23QAJGUxYzU4YjYxLWZhYjctNGZmMS05NGQzLTQ0ZGVhZDg2ODkxZnNyAA5qYXZhLnV0aWwuRGF0ZWhqgQFLWXQZAwAAeHB3CAAAAWj8LnO/eHNxAH4AA3cIAAABaPw2/jd4dxkAAAAAABt3QAAPMDowOjA6MDowOjA6MDoxc3IAEWphdmEudXRpbC5IYXNoTWFwBQfawcMWYNEDAAJGAApsb2FkRmFjdG9ySQAJdGhyZXNob2xkeHA/QAAAAAAADHcIAAAAEAAAAAJ0AFBvcmcuYXBhY2hlLnNoaXJvLnN1YmplY3Quc3VwcG9ydC5EZWZhdWx0U3ViamVjdENvbnRleHRfQVVUSEVOVElDQVRFRF9TRVNTSU9OX0tFWXNyABFqYXZhLmxhbmcuQm9vbGVhbs0gcoDVnPruAgABWgAFdmFsdWV4cAF0AE1vcmcuYXBhY2hlLnNoaXJvLnN1YmplY3Quc3VwcG9ydC5EZWZhdWx0U3ViamVjdENvbnRleHRfUFJJTkNJUEFMU19TRVNTSU9OX0tFWXNyADJvcmcuYXBhY2hlLnNoaXJvLnN1YmplY3QuU2ltcGxlUHJpbmNpcGFsQ29sbGVjdGlvbqh/WCXGowhKAwABTAAPcmVhbG1QcmluY2lwYWxzdAAPTGphdmEvdXRpbC9NYXA7eHBzcgAXamF2YS51dGlsLkxpbmtlZEhhc2hNYXA0wE5cEGzA+wIAAVoAC2FjY2Vzc09yZGVyeHEAfgAGP0AAAAAAAAx3CAAAABAAAAABdAAMTXlTaGlyb1JlYW1sc3IAF2phdmEudXRpbC5MaW5rZWRIYXNoU2V02GzXWpXdKh4CAAB4cgARamF2YS51dGlsLkhhc2hTZXS6RIWVlri3NAMAAHhwdwwAAAACP0AAAAAAAAFzcgAfY29tLnRzLm1vZHVsZS5zeXN0ZW0ubW9kZWwuVXNlcgAAAAAAAAABAgAHSQAGaXNTdG9wSQAGdXNlcklkTAAHYWNjb3VudHQAEkxqYXZhL2xhbmcvU3RyaW5nO0wAB29yZ0NvZGVxAH4AFkwACHBhc3N3b3JkcQB+ABZMAAhwb3N0Q29kZXEAfgAWTAAIdXNlck5hbWVxAH4AFnhwAAAAAAAAAAJ0AAVhZG1pbnQAAzEwMnQAATF0AAUxMDIwMXQABWFkbWlueHgAdwEBcQB+ABB4eHg=');
INSERT INTO `s_session` VALUES ('e2c24c7c-3ad0-4749-828b-45f4abff6fa2', '127.0.0.1', '1800000', '2019-02-01 22:45:07', '2019-02-01 23:02:50', '2', 'admin', 'admin', 'rO0ABXNyACpvcmcuYXBhY2hlLnNoaXJvLnNlc3Npb24ubWd0LlNpbXBsZVNlc3Npb26dHKG41YxibgMAAHhwdwIA23QAJGUyYzI0YzdjLTNhZDAtNDc0OS04MjhiLTQ1ZjRhYmZmNmZhMnNyAA5qYXZhLnV0aWwuRGF0ZWhqgQFLWXQZAwAAeHB3CAAAAWiphTtgeHNxAH4AA3cIAAABaKmVc4p4dxMAAAAAABt3QAAJMTI3LjAuMC4xc3IAEWphdmEudXRpbC5IYXNoTWFwBQfawcMWYNEDAAJGAApsb2FkRmFjdG9ySQAJdGhyZXNob2xkeHA/QAAAAAAADHcIAAAAEAAAAAJ0AFBvcmcuYXBhY2hlLnNoaXJvLnN1YmplY3Quc3VwcG9ydC5EZWZhdWx0U3ViamVjdENvbnRleHRfQVVUSEVOVElDQVRFRF9TRVNTSU9OX0tFWXNyABFqYXZhLmxhbmcuQm9vbGVhbs0gcoDVnPruAgABWgAFdmFsdWV4cAF0AE1vcmcuYXBhY2hlLnNoaXJvLnN1YmplY3Quc3VwcG9ydC5EZWZhdWx0U3ViamVjdENvbnRleHRfUFJJTkNJUEFMU19TRVNTSU9OX0tFWXNyADJvcmcuYXBhY2hlLnNoaXJvLnN1YmplY3QuU2ltcGxlUHJpbmNpcGFsQ29sbGVjdGlvbqh/WCXGowhKAwABTAAPcmVhbG1QcmluY2lwYWxzdAAPTGphdmEvdXRpbC9NYXA7eHBzcgAXamF2YS51dGlsLkxpbmtlZEhhc2hNYXA0wE5cEGzA+wIAAVoAC2FjY2Vzc09yZGVyeHEAfgAGP0AAAAAAAAx3CAAAABAAAAABdAAMTXlTaGlyb1JlYW1sc3IAF2phdmEudXRpbC5MaW5rZWRIYXNoU2V02GzXWpXdKh4CAAB4cgARamF2YS51dGlsLkhhc2hTZXS6RIWVlri3NAMAAHhwdwwAAAAQP0AAAAAAAAFzcgAfY29tLnRzLm1vZHVsZS5zeXN0ZW0ubW9kZWwuVXNlcgAAAAAAAAABAgAHSQAGaXNTdG9wSQAGdXNlcklkTAAHYWNjb3VudHQAEkxqYXZhL2xhbmcvU3RyaW5nO0wAB29yZ0NvZGVxAH4AFkwACHBhc3N3b3JkcQB+ABZMAAhwb3N0Q29kZXEAfgAWTAAIdXNlck5hbWVxAH4AFnhwAAAAAAAAAAJ0AAVhZG1pbnQAAzEwMnQAATF0AAUxMDIwMXQABWFkbWlueHgAdwEBcQB+ABB4eHg=');
INSERT INTO `s_session` VALUES ('e481a1ed-aa33-4969-8645-430ec211614f', '127.0.0.1', '1800000', '2019-02-14 00:15:29', '2019-02-14 01:35:55', '2', 'admin', 'admin', 'rO0ABXNyACpvcmcuYXBhY2hlLnNoaXJvLnNlc3Npb24ubWd0LlNpbXBsZVNlc3Npb26dHKG41YxibgMAAHhwdwIA23QAJGU0ODFhMWVkLWFhMzMtNDk2OS04NjQ1LTQzMGVjMjExNjE0ZnNyAA5qYXZhLnV0aWwuRGF0ZWhqgQFLWXQZAwAAeHB3CAAAAWjnpEUCeHNxAH4AA3cIAAABaOft6Y14dxkAAAAAABt3QAAPMDowOjA6MDowOjA6MDoxc3IAEWphdmEudXRpbC5IYXNoTWFwBQfawcMWYNEDAAJGAApsb2FkRmFjdG9ySQAJdGhyZXNob2xkeHA/QAAAAAAADHcIAAAAEAAAAAJ0AFBvcmcuYXBhY2hlLnNoaXJvLnN1YmplY3Quc3VwcG9ydC5EZWZhdWx0U3ViamVjdENvbnRleHRfQVVUSEVOVElDQVRFRF9TRVNTSU9OX0tFWXNyABFqYXZhLmxhbmcuQm9vbGVhbs0gcoDVnPruAgABWgAFdmFsdWV4cAF0AE1vcmcuYXBhY2hlLnNoaXJvLnN1YmplY3Quc3VwcG9ydC5EZWZhdWx0U3ViamVjdENvbnRleHRfUFJJTkNJUEFMU19TRVNTSU9OX0tFWXNyADJvcmcuYXBhY2hlLnNoaXJvLnN1YmplY3QuU2ltcGxlUHJpbmNpcGFsQ29sbGVjdGlvbqh/WCXGowhKAwABTAAPcmVhbG1QcmluY2lwYWxzdAAPTGphdmEvdXRpbC9NYXA7eHBzcgAXamF2YS51dGlsLkxpbmtlZEhhc2hNYXA0wE5cEGzA+wIAAVoAC2FjY2Vzc09yZGVyeHEAfgAGP0AAAAAAAAx3CAAAABAAAAABdAAMTXlTaGlyb1JlYW1sc3IAF2phdmEudXRpbC5MaW5rZWRIYXNoU2V02GzXWpXdKh4CAAB4cgARamF2YS51dGlsLkhhc2hTZXS6RIWVlri3NAMAAHhwdwwAAAACP0AAAAAAAAFzcgAfY29tLnRzLm1vZHVsZS5zeXN0ZW0ubW9kZWwuVXNlcgAAAAAAAAABAgAHSQAGaXNTdG9wSQAGdXNlcklkTAAHYWNjb3VudHQAEkxqYXZhL2xhbmcvU3RyaW5nO0wAB29yZ0NvZGVxAH4AFkwACHBhc3N3b3JkcQB+ABZMAAhwb3N0Q29kZXEAfgAWTAAIdXNlck5hbWVxAH4AFnhwAAAAAAAAAAJ0AAVhZG1pbnQAAzEwMnQAATF0AAUxMDIwMXQABWFkbWlueHgAdwEBcQB+ABB4eHg=');
INSERT INTO `s_session` VALUES ('eb17af6b-529f-4610-87fa-55d59c75431e', '127.0.0.1', '1800000', '2019-01-21 16:02:24', '2019-01-21 16:02:24', null, null, null, 'rO0ABXNyACpvcmcuYXBhY2hlLnNoaXJvLnNlc3Npb24ubWd0LlNpbXBsZVNlc3Npb26dHKG41YxibgMAAHhwdwIAW3QAJGViMTdhZjZiLTUyOWYtNDYxMC04N2ZhLTU1ZDU5Yzc1NDMxZXNyAA5qYXZhLnV0aWwuRGF0ZWhqgQFLWXQZAwAAeHB3CAAAAWhvbpTReHEAfgAEdxkAAAAAABt3QAAPMDowOjA6MDowOjA6MDoxeA==');
INSERT INTO `s_session` VALUES ('ffe8ff41-4321-4f36-bf02-99cef91ae9c8', '127.0.0.1', '1800000', '2019-01-21 16:02:52', '2019-01-21 16:02:52', null, null, null, 'rO0ABXNyACpvcmcuYXBhY2hlLnNoaXJvLnNlc3Npb24ubWd0LlNpbXBsZVNlc3Npb26dHKG41YxibgMAAHhwdwIAW3QAJGZmZThmZjQxLTQzMjEtNGYzNi1iZjAyLTk5Y2VmOTFhZTljOHNyAA5qYXZhLnV0aWwuRGF0ZWhqgQFLWXQZAwAAeHB3CAAAAWhvbwI7eHEAfgAEdxkAAAAAABt3QAAPMDowOjA6MDowOjA6MDoxeA==');

-- ----------------------------
-- Table structure for s_session_log
-- ----------------------------
DROP TABLE IF EXISTS `s_session_log`;
CREATE TABLE `s_session_log` (
  `id` bigint(20) NOT NULL AUTO_INCREMENT COMMENT '主键',
  `sessionId` varchar(64) NOT NULL,
  `hostIp` varchar(64) DEFAULT NULL COMMENT '主机ip',
  `timeout` mediumtext COMMENT 'session超时时间',
  `startTime` varchar(64) DEFAULT NULL COMMENT '开始登录时间',
  `lastTime` varchar(64) DEFAULT NULL COMMENT '最后登陆时间',
  `onlineTime` varchar(64) DEFAULT NULL COMMENT '在线时间(分钟)',
  `userId` int(11) DEFAULT NULL COMMENT '用户id',
  `userName` varchar(64) DEFAULT NULL COMMENT '用户名称',
  `loginName` varchar(64) DEFAULT NULL COMMENT '用户名称',
  `session` varchar(2000) DEFAULT NULL COMMENT '序列化的session',
  `md5` varchar(100) NOT NULL COMMENT '排重字段（sessionid+hostIp+userId+starTime）',
  PRIMARY KEY (`id`),
  UNIQUE KEY `md5` (`md5`) USING BTREE
) ENGINE=InnoDB AUTO_INCREMENT=124 DEFAULT CHARSET=utf8 COMMENT='登陆日志';

-- ----------------------------
-- Records of s_session_log
-- ----------------------------
INSERT INTO `s_session_log` VALUES ('2', '3a6d9e2e-5cdf-4e6a-bd5c-09d50867e46b', '127.0.0.1', '1800000', '2019-01-16 20:36:11', '2019-01-16 20:47:13', '11分2秒', '2', 'admin', 'admin', 'rO0ABXNyACpvcmcuYXBhY2hlLnNoaXJvLnNlc3Npb24ubWd0LlNpbXBsZVNlc3Npb26dHKG41YxibgMAAHhwdwIA23QAJDNhNmQ5ZTJlLTVjZGYtNGU2YS1iZDVjLTA5ZDUwODY3ZTQ2YnNyAA5qYXZhLnV0aWwuRGF0ZWhqgQFLWXQZAwAAeHB3CAAAAWhWqXDHeHNxAH4AA3cIAAABaFazivJ4dxkAAAAAABt3QAAPMDowOjA6MDowOjA6MDoxc3IAEWphdmEudXRpbC5IYXNoTWFwBQfawcMWYNEDAAJGAApsb2FkRmFjdG9ySQAJdGhyZXNob2xkeHA/QAAAAAAADHcIAAAAEAAAAAJ0ABFzaGlyb1NhdmVkUmVxdWVzdHNyACZvcmcuYXBhY2hlLnNoaXJvLndlYi51dGlsLlNhdmVkUmVxdWVzdK/OPK15gsq6AgADTAAGbWV0aG9kdAASTGphdmEvbGFuZy9TdHJpbmc7TAALcXVlcnlTdHJpbmdxAH4ACkwACnJlcXVlc3RVUklxAH4ACnhwdAADR0VUcHQAEy9tdmNfc2hpcm8vaW5kZXguZG90AE1vcmcuYXBhY2hlLnNoaXJvLnN1YmplY3Quc3VwcG9ydC5EZWZhdWx0U3ViamVjdENvbnRleHRfUFJJTkNJUEFMU19TRVNTSU9OX0tFWXNyADJvcmcuYXBhY2hlLnNoaXJvLnN1YmplY3QuU2ltcGxlUHJpbmNpcGFsQ29sbGVjdGlvbqh/WCXGowhKAwABTAAPcmVhbG1QcmluY2lwYWxzdAAPTGphdmEvdXRpbC9NYXA7eHBzcgAXamF2YS51dGlsLkxpbmtlZEhhc2hNYXA0wE5cEGzA+wIAAVoAC2FjY2Vzc09yZGVyeHEAfgAGP0AAAAAAAAx3CAAAABAAAAABdAAMTXlTaGlyb1JlYW1sc3IAF2phdmEudXRpbC5MaW5rZWRIYXNoU2V02GzXWpXdKh4CAAB4cgARamF2YS51dGlsLkhhc2hTZXS6RIWVlri3NAMAAHhwdwwAAAACP0AAAAAAAAFzcgAfY29tLnRzLm1vZHVsZS5zeXN0ZW0ubW9kZWwuVXNlcgAAAAAAAAABAgAHSQAGaXNTdG9wSQAGdXNlcklkTAAHYWNjb3VudHEAfgAKTAAHb3JnQ29kZXEAfgAKTAAIcGFzc3dvcmRxAH4ACkwACHBvc3RDb2RlcQB+AApMAAh1c2VyTmFtZXEAfgAKeHAAAAAAAAAAAnQABWFkbWludAADMTAydAABMXQABTEwMjAxdAAFYWRtaW54eAB3AQFxAH4AE3h4eA==', '2oUGP+kfmZThaTpNCGKO1A==');
INSERT INTO `s_session_log` VALUES ('3', '4e7918ce-17a8-4a28-99cd-78dd95efd0be', '127.0.0.1', '1800000', '2019-01-16 20:51:14', '2019-01-16 20:52:59', '1分45秒', '2', 'admin', 'admin', 'rO0ABXNyACpvcmcuYXBhY2hlLnNoaXJvLnNlc3Npb24ubWd0LlNpbXBsZVNlc3Npb26dHKG41YxibgMAAHhwdwIA23QAJDRlNzkxOGNlLTE3YTgtNGEyOC05OWNkLTc4ZGQ5NWVmZDBiZXNyAA5qYXZhLnV0aWwuRGF0ZWhqgQFLWXQZAwAAeHB3CAAAAWhWtzcteHNxAH4AA3cIAAABaFa40P54dxkAAAAAABt3QAAPMDowOjA6MDowOjA6MDoxc3IAEWphdmEudXRpbC5IYXNoTWFwBQfawcMWYNEDAAJGAApsb2FkRmFjdG9ySQAJdGhyZXNob2xkeHA/QAAAAAAADHcIAAAAEAAAAAF0AE1vcmcuYXBhY2hlLnNoaXJvLnN1YmplY3Quc3VwcG9ydC5EZWZhdWx0U3ViamVjdENvbnRleHRfUFJJTkNJUEFMU19TRVNTSU9OX0tFWXNyADJvcmcuYXBhY2hlLnNoaXJvLnN1YmplY3QuU2ltcGxlUHJpbmNpcGFsQ29sbGVjdGlvbqh/WCXGowhKAwABTAAPcmVhbG1QcmluY2lwYWxzdAAPTGphdmEvdXRpbC9NYXA7eHBzcgAXamF2YS51dGlsLkxpbmtlZEhhc2hNYXA0wE5cEGzA+wIAAVoAC2FjY2Vzc09yZGVyeHEAfgAGP0AAAAAAAAx3CAAAABAAAAABdAAMTXlTaGlyb1JlYW1sc3IAF2phdmEudXRpbC5MaW5rZWRIYXNoU2V02GzXWpXdKh4CAAB4cgARamF2YS51dGlsLkhhc2hTZXS6RIWVlri3NAMAAHhwdwwAAAAQP0AAAAAAAAFzcgAfY29tLnRzLm1vZHVsZS5zeXN0ZW0ubW9kZWwuVXNlcgAAAAAAAAABAgAHSQAGaXNTdG9wSQAGdXNlcklkTAAHYWNjb3VudHQAEkxqYXZhL2xhbmcvU3RyaW5nO0wAB29yZ0NvZGVxAH4AE0wACHBhc3N3b3JkcQB+ABNMAAhwb3N0Q29kZXEAfgATTAAIdXNlck5hbWVxAH4AE3hwAAAAAAAAAAJ0AAVhZG1pbnQAAzEwMnQAATF0AAUxMDIwMXQABWFkbWlueHgAdwEBcQB+AA14eHg=', 'dtWq9IXweY1zO8oD/MGGuA==');
INSERT INTO `s_session_log` VALUES ('4', '9e3fa83e-1bf8-41e8-bd36-fcf2bfb02e20', '127.0.0.1', '1800000', '2019-01-16 20:53:07', '2019-01-16 22:57:17', '2小时4分10秒', '2', 'admin', 'admin', 'rO0ABXNyACpvcmcuYXBhY2hlLnNoaXJvLnNlc3Npb24ubWd0LlNpbXBsZVNlc3Npb26dHKG41YxibgMAAHhwdwIA23QAJDllM2ZhODNlLTFiZjgtNDFlOC1iZDM2LWZjZjJiZmIwMmUyMHNyAA5qYXZhLnV0aWwuRGF0ZWhqgQFLWXQZAwAAeHB3CAAAAWhWuO9peHNxAH4AA3cIAAABaFcqnV54dxkAAAAAABt3QAAPMDowOjA6MDowOjA6MDoxc3IAEWphdmEudXRpbC5IYXNoTWFwBQfawcMWYNEDAAJGAApsb2FkRmFjdG9ySQAJdGhyZXNob2xkeHA/QAAAAAAADHcIAAAAEAAAAAF0AE1vcmcuYXBhY2hlLnNoaXJvLnN1YmplY3Quc3VwcG9ydC5EZWZhdWx0U3ViamVjdENvbnRleHRfUFJJTkNJUEFMU19TRVNTSU9OX0tFWXNyADJvcmcuYXBhY2hlLnNoaXJvLnN1YmplY3QuU2ltcGxlUHJpbmNpcGFsQ29sbGVjdGlvbqh/WCXGowhKAwABTAAPcmVhbG1QcmluY2lwYWxzdAAPTGphdmEvdXRpbC9NYXA7eHBzcgAXamF2YS51dGlsLkxpbmtlZEhhc2hNYXA0wE5cEGzA+wIAAVoAC2FjY2Vzc09yZGVyeHEAfgAGP0AAAAAAAAx3CAAAABAAAAABdAAMTXlTaGlyb1JlYW1sc3IAF2phdmEudXRpbC5MaW5rZWRIYXNoU2V02GzXWpXdKh4CAAB4cgARamF2YS51dGlsLkhhc2hTZXS6RIWVlri3NAMAAHhwdwwAAAACP0AAAAAAAAFzcgAfY29tLnRzLm1vZHVsZS5zeXN0ZW0ubW9kZWwuVXNlcgAAAAAAAAABAgAHSQAGaXNTdG9wSQAGdXNlcklkTAAHYWNjb3VudHQAEkxqYXZhL2xhbmcvU3RyaW5nO0wAB29yZ0NvZGVxAH4AE0wACHBhc3N3b3JkcQB+ABNMAAhwb3N0Q29kZXEAfgATTAAIdXNlck5hbWVxAH4AE3hwAAAAAAAAAAJ0AAVhZG1pbnQAAzEwMnQAATF0AAUxMDIwMXQABWFkbWlueHgAdwEBcQB+AA14eHg=', 'dbIuoTaDZ1/DfW5yeyo5og==');
INSERT INTO `s_session_log` VALUES ('5', '50d8adf5-4353-44be-9e8a-73756cd5adb0', '127.0.0.1', '1800000', '2019-01-16 22:57:17', '2019-01-16 23:00:55', '3分38秒', '1', '测试', '123', 'rO0ABXNyACpvcmcuYXBhY2hlLnNoaXJvLnNlc3Npb24ubWd0LlNpbXBsZVNlc3Npb26dHKG41YxibgMAAHhwdwIA23QAJDUwZDhhZGY1LTQzNTMtNDRiZS05ZThhLTczNzU2Y2Q1YWRiMHNyAA5qYXZhLnV0aWwuRGF0ZWhqgQFLWXQZAwAAeHB3CAAAAWhXKp3OeHNxAH4AA3cIAAABaFct8v94dxkAAAAAABt3QAAPMDowOjA6MDowOjA6MDoxc3IAEWphdmEudXRpbC5IYXNoTWFwBQfawcMWYNEDAAJGAApsb2FkRmFjdG9ySQAJdGhyZXNob2xkeHA/QAAAAAAADHcIAAAAEAAAAAF0AE1vcmcuYXBhY2hlLnNoaXJvLnN1YmplY3Quc3VwcG9ydC5EZWZhdWx0U3ViamVjdENvbnRleHRfUFJJTkNJUEFMU19TRVNTSU9OX0tFWXNyADJvcmcuYXBhY2hlLnNoaXJvLnN1YmplY3QuU2ltcGxlUHJpbmNpcGFsQ29sbGVjdGlvbqh/WCXGowhKAwABTAAPcmVhbG1QcmluY2lwYWxzdAAPTGphdmEvdXRpbC9NYXA7eHBzcgAXamF2YS51dGlsLkxpbmtlZEhhc2hNYXA0wE5cEGzA+wIAAVoAC2FjY2Vzc09yZGVyeHEAfgAGP0AAAAAAAAx3CAAAABAAAAABdAAMTXlTaGlyb1JlYW1sc3IAF2phdmEudXRpbC5MaW5rZWRIYXNoU2V02GzXWpXdKh4CAAB4cgARamF2YS51dGlsLkhhc2hTZXS6RIWVlri3NAMAAHhwdwwAAAACP0AAAAAAAAFzcgAfY29tLnRzLm1vZHVsZS5zeXN0ZW0ubW9kZWwuVXNlcgAAAAAAAAABAgAHSQAGaXNTdG9wSQAGdXNlcklkTAAHYWNjb3VudHQAEkxqYXZhL2xhbmcvU3RyaW5nO0wAB29yZ0NvZGVxAH4AE0wACHBhc3N3b3JkcQB+ABNMAAhwb3N0Q29kZXEAfgATTAAIdXNlck5hbWVxAH4AE3hwAAAAAAAAAAF0AAMxMjN0AAMxMDF0AAMxMjN0AAUxMDEwMXQABua1i+ivlXh4AHcBAXEAfgANeHh4', 'r0wdNe1eQ9mjvuwPI5ANjA==');
INSERT INTO `s_session_log` VALUES ('6', '78da14ec-9938-4355-be2e-77e463a77d10', '127.0.0.1', '1800000', '2019-01-16 23:00:55', '2019-01-16 23:09:17', '8分22秒', '1', '测试', '123', 'rO0ABXNyACpvcmcuYXBhY2hlLnNoaXJvLnNlc3Npb24ubWd0LlNpbXBsZVNlc3Npb26dHKG41YxibgMAAHhwdwIA23QAJDc4ZGExNGVjLTk5MzgtNDM1NS1iZTJlLTc3ZTQ2M2E3N2QxMHNyAA5qYXZhLnV0aWwuRGF0ZWhqgQFLWXQZAwAAeHB3CAAAAWhXLfMkeHNxAH4AA3cIAAABaFc1msF4dxkAAAAAABt3QAAPMDowOjA6MDowOjA6MDoxc3IAEWphdmEudXRpbC5IYXNoTWFwBQfawcMWYNEDAAJGAApsb2FkRmFjdG9ySQAJdGhyZXNob2xkeHA/QAAAAAAADHcIAAAAEAAAAAF0AE1vcmcuYXBhY2hlLnNoaXJvLnN1YmplY3Quc3VwcG9ydC5EZWZhdWx0U3ViamVjdENvbnRleHRfUFJJTkNJUEFMU19TRVNTSU9OX0tFWXNyADJvcmcuYXBhY2hlLnNoaXJvLnN1YmplY3QuU2ltcGxlUHJpbmNpcGFsQ29sbGVjdGlvbqh/WCXGowhKAwABTAAPcmVhbG1QcmluY2lwYWxzdAAPTGphdmEvdXRpbC9NYXA7eHBzcgAXamF2YS51dGlsLkxpbmtlZEhhc2hNYXA0wE5cEGzA+wIAAVoAC2FjY2Vzc09yZGVyeHEAfgAGP0AAAAAAAAx3CAAAABAAAAABdAAMTXlTaGlyb1JlYW1sc3IAF2phdmEudXRpbC5MaW5rZWRIYXNoU2V02GzXWpXdKh4CAAB4cgARamF2YS51dGlsLkhhc2hTZXS6RIWVlri3NAMAAHhwdwwAAAACP0AAAAAAAAFzcgAfY29tLnRzLm1vZHVsZS5zeXN0ZW0ubW9kZWwuVXNlcgAAAAAAAAABAgAHSQAGaXNTdG9wSQAGdXNlcklkTAAHYWNjb3VudHQAEkxqYXZhL2xhbmcvU3RyaW5nO0wAB29yZ0NvZGVxAH4AE0wACHBhc3N3b3JkcQB+ABNMAAhwb3N0Q29kZXEAfgATTAAIdXNlck5hbWVxAH4AE3hwAAAAAAAAAAF0AAMxMjN0AAMxMDF0AAMxMjN0AAUxMDEwMXQABua1i+ivlXh4AHcBAXEAfgANeHh4', 'A4MMjt/QDfPpiAdkz5Djhg==');
INSERT INTO `s_session_log` VALUES ('7', '16676c6a-d64f-4b6a-b0a2-0af016e0d238', '127.0.0.1', '1800000', '2019-01-16 23:09:17', '2019-01-16 23:13:26', '4分9秒', '2', 'admin', 'admin', 'rO0ABXNyACpvcmcuYXBhY2hlLnNoaXJvLnNlc3Npb24ubWd0LlNpbXBsZVNlc3Npb26dHKG41YxibgMAAHhwdwIA23QAJDE2Njc2YzZhLWQ2NGYtNGI2YS1iMGEyLTBhZjAxNmUwZDIzOHNyAA5qYXZhLnV0aWwuRGF0ZWhqgQFLWXQZAwAAeHB3CAAAAWhXNZrjeHNxAH4AA3cIAAABaFc5aVR4dxkAAAAAABt3QAAPMDowOjA6MDowOjA6MDoxc3IAEWphdmEudXRpbC5IYXNoTWFwBQfawcMWYNEDAAJGAApsb2FkRmFjdG9ySQAJdGhyZXNob2xkeHA/QAAAAAAADHcIAAAAEAAAAAF0AE1vcmcuYXBhY2hlLnNoaXJvLnN1YmplY3Quc3VwcG9ydC5EZWZhdWx0U3ViamVjdENvbnRleHRfUFJJTkNJUEFMU19TRVNTSU9OX0tFWXNyADJvcmcuYXBhY2hlLnNoaXJvLnN1YmplY3QuU2ltcGxlUHJpbmNpcGFsQ29sbGVjdGlvbqh/WCXGowhKAwABTAAPcmVhbG1QcmluY2lwYWxzdAAPTGphdmEvdXRpbC9NYXA7eHBzcgAXamF2YS51dGlsLkxpbmtlZEhhc2hNYXA0wE5cEGzA+wIAAVoAC2FjY2Vzc09yZGVyeHEAfgAGP0AAAAAAAAx3CAAAABAAAAABdAAMTXlTaGlyb1JlYW1sc3IAF2phdmEudXRpbC5MaW5rZWRIYXNoU2V02GzXWpXdKh4CAAB4cgARamF2YS51dGlsLkhhc2hTZXS6RIWVlri3NAMAAHhwdwwAAAACP0AAAAAAAAFzcgAfY29tLnRzLm1vZHVsZS5zeXN0ZW0ubW9kZWwuVXNlcgAAAAAAAAABAgAHSQAGaXNTdG9wSQAGdXNlcklkTAAHYWNjb3VudHQAEkxqYXZhL2xhbmcvU3RyaW5nO0wAB29yZ0NvZGVxAH4AE0wACHBhc3N3b3JkcQB+ABNMAAhwb3N0Q29kZXEAfgATTAAIdXNlck5hbWVxAH4AE3hwAAAAAAAAAAJ0AAVhZG1pbnQAAzEwMnQAATF0AAUxMDIwMXQABWFkbWlueHgAdwEBcQB+AA14eHg=', 'dC3jRSK5FtmGs/LJEteROw==');
INSERT INTO `s_session_log` VALUES ('8', 'e08fed4e-b22d-4928-a02c-d3fb6cee8a54', '127.0.0.1', '1800000', '2019-01-16 23:13:26', '2019-01-16 23:23:21', '9分55秒', '1', '测试', '123', 'rO0ABXNyACpvcmcuYXBhY2hlLnNoaXJvLnNlc3Npb24ubWd0LlNpbXBsZVNlc3Npb26dHKG41YxibgMAAHhwdwIA23QAJGUwOGZlZDRlLWIyMmQtNDkyOC1hMDJjLWQzZmI2Y2VlOGE1NHNyAA5qYXZhLnV0aWwuRGF0ZWhqgQFLWXQZAwAAeHB3CAAAAWhXOWl6eHNxAH4AA3cIAAABaFdCfBF4dxkAAAAAABt3QAAPMDowOjA6MDowOjA6MDoxc3IAEWphdmEudXRpbC5IYXNoTWFwBQfawcMWYNEDAAJGAApsb2FkRmFjdG9ySQAJdGhyZXNob2xkeHA/QAAAAAAADHcIAAAAEAAAAAF0AE1vcmcuYXBhY2hlLnNoaXJvLnN1YmplY3Quc3VwcG9ydC5EZWZhdWx0U3ViamVjdENvbnRleHRfUFJJTkNJUEFMU19TRVNTSU9OX0tFWXNyADJvcmcuYXBhY2hlLnNoaXJvLnN1YmplY3QuU2ltcGxlUHJpbmNpcGFsQ29sbGVjdGlvbqh/WCXGowhKAwABTAAPcmVhbG1QcmluY2lwYWxzdAAPTGphdmEvdXRpbC9NYXA7eHBzcgAXamF2YS51dGlsLkxpbmtlZEhhc2hNYXA0wE5cEGzA+wIAAVoAC2FjY2Vzc09yZGVyeHEAfgAGP0AAAAAAAAx3CAAAABAAAAABdAAMTXlTaGlyb1JlYW1sc3IAF2phdmEudXRpbC5MaW5rZWRIYXNoU2V02GzXWpXdKh4CAAB4cgARamF2YS51dGlsLkhhc2hTZXS6RIWVlri3NAMAAHhwdwwAAAAQP0AAAAAAAAFzcgAfY29tLnRzLm1vZHVsZS5zeXN0ZW0ubW9kZWwuVXNlcgAAAAAAAAABAgAHSQAGaXNTdG9wSQAGdXNlcklkTAAHYWNjb3VudHQAEkxqYXZhL2xhbmcvU3RyaW5nO0wAB29yZ0NvZGVxAH4AE0wACHBhc3N3b3JkcQB+ABNMAAhwb3N0Q29kZXEAfgATTAAIdXNlck5hbWVxAH4AE3hwAAAAAAAAAAF0AAMxMjN0AAMxMDF0AAMxMjN0AAUxMDEwMXQABua1i+ivlXh4AHcBAXEAfgANeHh4', 'Xn2Tkkiyf+BOmWPzHM+7IQ==');
INSERT INTO `s_session_log` VALUES ('9', 'e67f1610-50d2-4041-959f-ca2ffbc624c3', '127.0.0.1', '1800000', '2019-01-16 23:23:21', '2019-01-16 23:44:48', '21分27秒', '2', 'admin', 'admin', 'rO0ABXNyACpvcmcuYXBhY2hlLnNoaXJvLnNlc3Npb24ubWd0LlNpbXBsZVNlc3Npb26dHKG41YxibgMAAHhwdwIA23QAJGU2N2YxNjEwLTUwZDItNDA0MS05NTlmLWNhMmZmYmM2MjRjM3NyAA5qYXZhLnV0aWwuRGF0ZWhqgQFLWXQZAwAAeHB3CAAAAWhXQnwweHNxAH4AA3cIAAABaFdWHr54dxkAAAAAABt3QAAPMDowOjA6MDowOjA6MDoxc3IAEWphdmEudXRpbC5IYXNoTWFwBQfawcMWYNEDAAJGAApsb2FkRmFjdG9ySQAJdGhyZXNob2xkeHA/QAAAAAAADHcIAAAAEAAAAAJ0AAdraWNrb3V0c3IAEWphdmEubGFuZy5Cb29sZWFuzSBygNWc+u4CAAFaAAV2YWx1ZXhwAXQATW9yZy5hcGFjaGUuc2hpcm8uc3ViamVjdC5zdXBwb3J0LkRlZmF1bHRTdWJqZWN0Q29udGV4dF9QUklOQ0lQQUxTX1NFU1NJT05fS0VZc3IAMm9yZy5hcGFjaGUuc2hpcm8uc3ViamVjdC5TaW1wbGVQcmluY2lwYWxDb2xsZWN0aW9uqH9YJcajCEoDAAFMAA9yZWFsbVByaW5jaXBhbHN0AA9MamF2YS91dGlsL01hcDt4cHNyABdqYXZhLnV0aWwuTGlua2VkSGFzaE1hcDTATlwQbMD7AgABWgALYWNjZXNzT3JkZXJ4cQB+AAY/QAAAAAAADHcIAAAAEAAAAAF0AAxNeVNoaXJvUmVhbWxzcgAXamF2YS51dGlsLkxpbmtlZEhhc2hTZXTYbNdald0qHgIAAHhyABFqYXZhLnV0aWwuSGFzaFNldLpEhZWWuLc0AwAAeHB3DAAAAAI/QAAAAAAAAXNyAB9jb20udHMubW9kdWxlLnN5c3RlbS5tb2RlbC5Vc2VyAAAAAAAAAAECAAdJAAZpc1N0b3BJAAZ1c2VySWRMAAdhY2NvdW50dAASTGphdmEvbGFuZy9TdHJpbmc7TAAHb3JnQ29kZXEAfgAWTAAIcGFzc3dvcmRxAH4AFkwACHBvc3RDb2RlcQB+ABZMAAh1c2VyTmFtZXEAfgAWeHAAAAAAAAAAAnQABWFkbWludAADMTAydAABMXQABTEwMjAxdAAFYWRtaW54eAB3AQFxAH4AEHh4eA==', 'zYQDh4CApvXq0p/G76vn5w==');
INSERT INTO `s_session_log` VALUES ('10', '7a4c400c-cece-4947-bfc2-26430ca808b5', '192.168.2.102', '1800000', '2019-01-16 23:40:48', '2019-01-16 23:44:29', '3分41秒', '1', '测试', '123', 'rO0ABXNyACpvcmcuYXBhY2hlLnNoaXJvLnNlc3Npb24ubWd0LlNpbXBsZVNlc3Npb26dHKG41YxibgMAAHhwdwIA23QAJDdhNGM0MDBjLWNlY2UtNDk0Ny1iZmMyLTI2NDMwY2E4MDhiNXNyAA5qYXZhLnV0aWwuRGF0ZWhqgQFLWXQZAwAAeHB3CAAAAWhXUncueHNxAH4AA3cIAAABaFdV06V4dxcAAAAAABt3QAANMTkyLjE2OC4yLjEwMnNyABFqYXZhLnV0aWwuSGFzaE1hcAUH2sHDFmDRAwACRgAKbG9hZEZhY3RvckkACXRocmVzaG9sZHhwP0AAAAAAAAx3CAAAABAAAAABdABNb3JnLmFwYWNoZS5zaGlyby5zdWJqZWN0LnN1cHBvcnQuRGVmYXVsdFN1YmplY3RDb250ZXh0X1BSSU5DSVBBTFNfU0VTU0lPTl9LRVlzcgAyb3JnLmFwYWNoZS5zaGlyby5zdWJqZWN0LlNpbXBsZVByaW5jaXBhbENvbGxlY3Rpb26of1glxqMISgMAAUwAD3JlYWxtUHJpbmNpcGFsc3QAD0xqYXZhL3V0aWwvTWFwO3hwc3IAF2phdmEudXRpbC5MaW5rZWRIYXNoTWFwNMBOXBBswPsCAAFaAAthY2Nlc3NPcmRlcnhxAH4ABj9AAAAAAAAMdwgAAAAQAAAAAXQADE15U2hpcm9SZWFtbHNyABdqYXZhLnV0aWwuTGlua2VkSGFzaFNldNhs11qV3SoeAgAAeHIAEWphdmEudXRpbC5IYXNoU2V0ukSFlZa4tzQDAAB4cHcMAAAAED9AAAAAAAABc3IAH2NvbS50cy5tb2R1bGUuc3lzdGVtLm1vZGVsLlVzZXIAAAAAAAAAAQIAB0kABmlzU3RvcEkABnVzZXJJZEwAB2FjY291bnR0ABJMamF2YS9sYW5nL1N0cmluZztMAAdvcmdDb2RlcQB+ABNMAAhwYXNzd29yZHEAfgATTAAIcG9zdENvZGVxAH4AE0wACHVzZXJOYW1lcQB+ABN4cAAAAAAAAAABdAADMTIzdAADMTAxdAADMTIzdAAFMTAxMDF0AAbmtYvor5V4eAB3AQFxAH4ADXh4eA==', 'vRecAr9W9+KkvZutwbTjPw==');
INSERT INTO `s_session_log` VALUES ('11', 'ec782541-c9c7-481c-903a-bd89425c7334', '192.168.2.102', '1800000', '2019-01-16 23:44:29', '2019-01-16 23:44:58', '0分29秒', '2', 'admin', 'admin', 'rO0ABXNyACpvcmcuYXBhY2hlLnNoaXJvLnNlc3Npb24ubWd0LlNpbXBsZVNlc3Npb26dHKG41YxibgMAAHhwdwIA23QAJGVjNzgyNTQxLWM5YzctNDgxYy05MDNhLWJkODk0MjVjNzMzNHNyAA5qYXZhLnV0aWwuRGF0ZWhqgQFLWXQZAwAAeHB3CAAAAWhXVdO9eHNxAH4AA3cIAAABaFdWRvB4dxcAAAAAABt3QAANMTkyLjE2OC4yLjEwMnNyABFqYXZhLnV0aWwuSGFzaE1hcAUH2sHDFmDRAwACRgAKbG9hZEZhY3RvckkACXRocmVzaG9sZHhwP0AAAAAAAAx3CAAAABAAAAACdAAHa2lja291dHNyABFqYXZhLmxhbmcuQm9vbGVhbs0gcoDVnPruAgABWgAFdmFsdWV4cAF0AE1vcmcuYXBhY2hlLnNoaXJvLnN1YmplY3Quc3VwcG9ydC5EZWZhdWx0U3ViamVjdENvbnRleHRfUFJJTkNJUEFMU19TRVNTSU9OX0tFWXNyADJvcmcuYXBhY2hlLnNoaXJvLnN1YmplY3QuU2ltcGxlUHJpbmNpcGFsQ29sbGVjdGlvbqh/WCXGowhKAwABTAAPcmVhbG1QcmluY2lwYWxzdAAPTGphdmEvdXRpbC9NYXA7eHBzcgAXamF2YS51dGlsLkxpbmtlZEhhc2hNYXA0wE5cEGzA+wIAAVoAC2FjY2Vzc09yZGVyeHEAfgAGP0AAAAAAAAx3CAAAABAAAAABdAAMTXlTaGlyb1JlYW1sc3IAF2phdmEudXRpbC5MaW5rZWRIYXNoU2V02GzXWpXdKh4CAAB4cgARamF2YS51dGlsLkhhc2hTZXS6RIWVlri3NAMAAHhwdwwAAAAQP0AAAAAAAAFzcgAfY29tLnRzLm1vZHVsZS5zeXN0ZW0ubW9kZWwuVXNlcgAAAAAAAAABAgAHSQAGaXNTdG9wSQAGdXNlcklkTAAHYWNjb3VudHQAEkxqYXZhL2xhbmcvU3RyaW5nO0wAB29yZ0NvZGVxAH4AFkwACHBhc3N3b3JkcQB+ABZMAAhwb3N0Q29kZXEAfgAWTAAIdXNlck5hbWVxAH4AFnhwAAAAAAAAAAJ0AAVhZG1pbnQAAzEwMnQAATF0AAUxMDIwMXQABWFkbWlueHgAdwEBcQB+ABB4eHg=', 'E/Zd42OUMnD+Gy8z5eRkOA==');
INSERT INTO `s_session_log` VALUES ('12', 'a0d9f598-e1b2-4cb2-a51a-058b24ebb393', '127.0.0.1', '1800000', '2019-01-16 23:44:48', '2019-01-17 00:04:58', '20分10秒', '2', 'admin', 'admin', 'rO0ABXNyACpvcmcuYXBhY2hlLnNoaXJvLnNlc3Npb24ubWd0LlNpbXBsZVNlc3Npb26dHKG41YxibgMAAHhwdwIA23QAJGEwZDlmNTk4LWUxYjItNGNiMi1hNTFhLTA1OGIyNGViYjM5M3NyAA5qYXZhLnV0aWwuRGF0ZWhqgQFLWXQZAwAAeHB3CAAAAWhXVh7LeHNxAH4AA3cIAAABaFdol6p4dxkAAAAAABt3QAAPMDowOjA6MDowOjA6MDoxc3IAEWphdmEudXRpbC5IYXNoTWFwBQfawcMWYNEDAAJGAApsb2FkRmFjdG9ySQAJdGhyZXNob2xkeHA/QAAAAAAADHcIAAAAEAAAAAF0AE1vcmcuYXBhY2hlLnNoaXJvLnN1YmplY3Quc3VwcG9ydC5EZWZhdWx0U3ViamVjdENvbnRleHRfUFJJTkNJUEFMU19TRVNTSU9OX0tFWXNyADJvcmcuYXBhY2hlLnNoaXJvLnN1YmplY3QuU2ltcGxlUHJpbmNpcGFsQ29sbGVjdGlvbqh/WCXGowhKAwABTAAPcmVhbG1QcmluY2lwYWxzdAAPTGphdmEvdXRpbC9NYXA7eHBzcgAXamF2YS51dGlsLkxpbmtlZEhhc2hNYXA0wE5cEGzA+wIAAVoAC2FjY2Vzc09yZGVyeHEAfgAGP0AAAAAAAAx3CAAAABAAAAABdAAMTXlTaGlyb1JlYW1sc3IAF2phdmEudXRpbC5MaW5rZWRIYXNoU2V02GzXWpXdKh4CAAB4cgARamF2YS51dGlsLkhhc2hTZXS6RIWVlri3NAMAAHhwdwwAAAACP0AAAAAAAAFzcgAfY29tLnRzLm1vZHVsZS5zeXN0ZW0ubW9kZWwuVXNlcgAAAAAAAAABAgAHSQAGaXNTdG9wSQAGdXNlcklkTAAHYWNjb3VudHQAEkxqYXZhL2xhbmcvU3RyaW5nO0wAB29yZ0NvZGVxAH4AE0wACHBhc3N3b3JkcQB+ABNMAAhwb3N0Q29kZXEAfgATTAAIdXNlck5hbWVxAH4AE3hwAAAAAAAAAAJ0AAVhZG1pbnQAAzEwMnQAATF0AAUxMDIwMXQABWFkbWlueHgAdwEBcQB+AA14eHg=', 'qOS3mzlEqI2u+z4khbqZGQ==');
INSERT INTO `s_session_log` VALUES ('13', 'c079096a-2262-4fd0-959a-ce22c1a4f549', '127.0.0.1', '1800000', '2019-01-17 00:05:06', '2019-01-17 00:08:38', '3分32秒', '2', 'admin', 'admin', 'rO0ABXNyACpvcmcuYXBhY2hlLnNoaXJvLnNlc3Npb24ubWd0LlNpbXBsZVNlc3Npb26dHKG41YxibgMAAHhwdwIA23QAJGMwNzkwOTZhLTIyNjItNGZkMC05NTlhLWNlMjJjMWE0ZjU0OXNyAA5qYXZhLnV0aWwuRGF0ZWhqgQFLWXQZAwAAeHB3CAAAAWhXaLVeeHNxAH4AA3cIAAABaFdr8x94dxkAAAAAABt3QAAPMDowOjA6MDowOjA6MDoxc3IAEWphdmEudXRpbC5IYXNoTWFwBQfawcMWYNEDAAJGAApsb2FkRmFjdG9ySQAJdGhyZXNob2xkeHA/QAAAAAAADHcIAAAAEAAAAAJ0AAdraWNrb3V0c3IAEWphdmEubGFuZy5Cb29sZWFuzSBygNWc+u4CAAFaAAV2YWx1ZXhwAXQATW9yZy5hcGFjaGUuc2hpcm8uc3ViamVjdC5zdXBwb3J0LkRlZmF1bHRTdWJqZWN0Q29udGV4dF9QUklOQ0lQQUxTX1NFU1NJT05fS0VZc3IAMm9yZy5hcGFjaGUuc2hpcm8uc3ViamVjdC5TaW1wbGVQcmluY2lwYWxDb2xsZWN0aW9uqH9YJcajCEoDAAFMAA9yZWFsbVByaW5jaXBhbHN0AA9MamF2YS91dGlsL01hcDt4cHNyABdqYXZhLnV0aWwuTGlua2VkSGFzaE1hcDTATlwQbMD7AgABWgALYWNjZXNzT3JkZXJ4cQB+AAY/QAAAAAAADHcIAAAAEAAAAAF0AAxNeVNoaXJvUmVhbWxzcgAXamF2YS51dGlsLkxpbmtlZEhhc2hTZXTYbNdald0qHgIAAHhyABFqYXZhLnV0aWwuSGFzaFNldLpEhZWWuLc0AwAAeHB3DAAAABA/QAAAAAAAAXNyAB9jb20udHMubW9kdWxlLnN5c3RlbS5tb2RlbC5Vc2VyAAAAAAAAAAECAAdJAAZpc1N0b3BJAAZ1c2VySWRMAAdhY2NvdW50dAASTGphdmEvbGFuZy9TdHJpbmc7TAAHb3JnQ29kZXEAfgAWTAAIcGFzc3dvcmRxAH4AFkwACHBvc3RDb2RlcQB+ABZMAAh1c2VyTmFtZXEAfgAWeHAAAAAAAAAAAnQABWFkbWludAADMTAydAABMXQABTEwMjAxdAAFYWRtaW54eAB3AQFxAH4AEHh4eA==', 'hXjKUOJpyzVS1cgOMUELIA==');
INSERT INTO `s_session_log` VALUES ('14', '0b44cf62-68ee-4382-bae6-22a470d41740', '192.168.2.102', '1800000', '2019-01-16 23:44:58', '2019-01-17 00:07:39', '22分41秒', '1', '测试', '123', 'rO0ABXNyACpvcmcuYXBhY2hlLnNoaXJvLnNlc3Npb24ubWd0LlNpbXBsZVNlc3Npb26dHKG41YxibgMAAHhwdwIA23QAJDBiNDRjZjYyLTY4ZWUtNDM4Mi1iYWU2LTIyYTQ3MGQ0MTc0MHNyAA5qYXZhLnV0aWwuRGF0ZWhqgQFLWXQZAwAAeHB3CAAAAWhXVkcGeHNxAH4AA3cIAAABaFdrC+B4dxcAAAAAABt3QAANMTkyLjE2OC4yLjEwMnNyABFqYXZhLnV0aWwuSGFzaE1hcAUH2sHDFmDRAwACRgAKbG9hZEZhY3RvckkACXRocmVzaG9sZHhwP0AAAAAAAAx3CAAAABAAAAABdABNb3JnLmFwYWNoZS5zaGlyby5zdWJqZWN0LnN1cHBvcnQuRGVmYXVsdFN1YmplY3RDb250ZXh0X1BSSU5DSVBBTFNfU0VTU0lPTl9LRVlzcgAyb3JnLmFwYWNoZS5zaGlyby5zdWJqZWN0LlNpbXBsZVByaW5jaXBhbENvbGxlY3Rpb26of1glxqMISgMAAUwAD3JlYWxtUHJpbmNpcGFsc3QAD0xqYXZhL3V0aWwvTWFwO3hwc3IAF2phdmEudXRpbC5MaW5rZWRIYXNoTWFwNMBOXBBswPsCAAFaAAthY2Nlc3NPcmRlcnhxAH4ABj9AAAAAAAAMdwgAAAAQAAAAAXQADE15U2hpcm9SZWFtbHNyABdqYXZhLnV0aWwuTGlua2VkSGFzaFNldNhs11qV3SoeAgAAeHIAEWphdmEudXRpbC5IYXNoU2V0ukSFlZa4tzQDAAB4cHcMAAAAED9AAAAAAAABc3IAH2NvbS50cy5tb2R1bGUuc3lzdGVtLm1vZGVsLlVzZXIAAAAAAAAAAQIAB0kABmlzU3RvcEkABnVzZXJJZEwAB2FjY291bnR0ABJMamF2YS9sYW5nL1N0cmluZztMAAdvcmdDb2RlcQB+ABNMAAhwYXNzd29yZHEAfgATTAAIcG9zdENvZGVxAH4AE0wACHVzZXJOYW1lcQB+ABN4cAAAAAAAAAABdAADMTIzdAADMTAxdAADMTIzdAAFMTAxMDF0AAbmtYvor5V4eAB3AQFxAH4ADXh4eA==', 'dA9hOZwlGsjuXz1tUpZSWw==');
INSERT INTO `s_session_log` VALUES ('15', 'c20caf5e-be01-4730-8fa8-e4417002553b', '192.168.2.102', '1800000', '2019-01-17 00:08:10', '2019-01-17 00:09:13', '1分3秒', '2', 'admin', 'admin', 'rO0ABXNyACpvcmcuYXBhY2hlLnNoaXJvLnNlc3Npb24ubWd0LlNpbXBsZVNlc3Npb26dHKG41YxibgMAAHhwdwIA23QAJGMyMGNhZjVlLWJlMDEtNDczMC04ZmE4LWU0NDE3MDAyNTUzYnNyAA5qYXZhLnV0aWwuRGF0ZWhqgQFLWXQZAwAAeHB3CAAAAWhXa4L5eHNxAH4AA3cIAAABaFdselx4dxcAAAAAABt3QAANMTkyLjE2OC4yLjEwMnNyABFqYXZhLnV0aWwuSGFzaE1hcAUH2sHDFmDRAwACRgAKbG9hZEZhY3RvckkACXRocmVzaG9sZHhwP0AAAAAAAAx3CAAAABAAAAABdABNb3JnLmFwYWNoZS5zaGlyby5zdWJqZWN0LnN1cHBvcnQuRGVmYXVsdFN1YmplY3RDb250ZXh0X1BSSU5DSVBBTFNfU0VTU0lPTl9LRVlzcgAyb3JnLmFwYWNoZS5zaGlyby5zdWJqZWN0LlNpbXBsZVByaW5jaXBhbENvbGxlY3Rpb26of1glxqMISgMAAUwAD3JlYWxtUHJpbmNpcGFsc3QAD0xqYXZhL3V0aWwvTWFwO3hwc3IAF2phdmEudXRpbC5MaW5rZWRIYXNoTWFwNMBOXBBswPsCAAFaAAthY2Nlc3NPcmRlcnhxAH4ABj9AAAAAAAAMdwgAAAAQAAAAAXQADE15U2hpcm9SZWFtbHNyABdqYXZhLnV0aWwuTGlua2VkSGFzaFNldNhs11qV3SoeAgAAeHIAEWphdmEudXRpbC5IYXNoU2V0ukSFlZa4tzQDAAB4cHcMAAAAED9AAAAAAAABc3IAH2NvbS50cy5tb2R1bGUuc3lzdGVtLm1vZGVsLlVzZXIAAAAAAAAAAQIAB0kABmlzU3RvcEkABnVzZXJJZEwAB2FjY291bnR0ABJMamF2YS9sYW5nL1N0cmluZztMAAdvcmdDb2RlcQB+ABNMAAhwYXNzd29yZHEAfgATTAAIcG9zdENvZGVxAH4AE0wACHVzZXJOYW1lcQB+ABN4cAAAAAAAAAACdAAFYWRtaW50AAMxMDJ0AAExdAAFMTAyMDF0AAVhZG1pbnh4AHcBAXEAfgANeHh4', 'RpyEI9pPFqt07Ys/u82sJw==');
INSERT INTO `s_session_log` VALUES ('16', '5b4fe410-c04d-4b6e-8517-0769c4c8b114', '127.0.0.1', '1800000', '2019-01-17 00:08:38', '2019-01-17 00:13:02', '4分24秒', '2', 'admin', 'admin', 'rO0ABXNyACpvcmcuYXBhY2hlLnNoaXJvLnNlc3Npb24ubWd0LlNpbXBsZVNlc3Npb26dHKG41YxibgMAAHhwdwIA23QAJDViNGZlNDEwLWMwNGQtNGI2ZS04NTE3LTA3NjljNGM4YjExNHNyAA5qYXZhLnV0aWwuRGF0ZWhqgQFLWXQZAwAAeHB3CAAAAWhXa/MseHNxAH4AA3cIAAABaFdv+HZ4dxkAAAAAABt3QAAPMDowOjA6MDowOjA6MDoxc3IAEWphdmEudXRpbC5IYXNoTWFwBQfawcMWYNEDAAJGAApsb2FkRmFjdG9ySQAJdGhyZXNob2xkeHA/QAAAAAAADHcIAAAAEAAAAAJ0AAdraWNrb3V0c3IAEWphdmEubGFuZy5Cb29sZWFuzSBygNWc+u4CAAFaAAV2YWx1ZXhwAXQATW9yZy5hcGFjaGUuc2hpcm8uc3ViamVjdC5zdXBwb3J0LkRlZmF1bHRTdWJqZWN0Q29udGV4dF9QUklOQ0lQQUxTX1NFU1NJT05fS0VZc3IAMm9yZy5hcGFjaGUuc2hpcm8uc3ViamVjdC5TaW1wbGVQcmluY2lwYWxDb2xsZWN0aW9uqH9YJcajCEoDAAFMAA9yZWFsbVByaW5jaXBhbHN0AA9MamF2YS91dGlsL01hcDt4cHNyABdqYXZhLnV0aWwuTGlua2VkSGFzaE1hcDTATlwQbMD7AgABWgALYWNjZXNzT3JkZXJ4cQB+AAY/QAAAAAAADHcIAAAAEAAAAAF0AAxNeVNoaXJvUmVhbWxzcgAXamF2YS51dGlsLkxpbmtlZEhhc2hTZXTYbNdald0qHgIAAHhyABFqYXZhLnV0aWwuSGFzaFNldLpEhZWWuLc0AwAAeHB3DAAAABA/QAAAAAAAAXNyAB9jb20udHMubW9kdWxlLnN5c3RlbS5tb2RlbC5Vc2VyAAAAAAAAAAECAAdJAAZpc1N0b3BJAAZ1c2VySWRMAAdhY2NvdW50dAASTGphdmEvbGFuZy9TdHJpbmc7TAAHb3JnQ29kZXEAfgAWTAAIcGFzc3dvcmRxAH4AFkwACHBvc3RDb2RlcQB+ABZMAAh1c2VyTmFtZXEAfgAWeHAAAAAAAAAAAnQABWFkbWludAADMTAydAABMXQABTEwMjAxdAAFYWRtaW54eAB3AQFxAH4AEHh4eA==', 'iiVseS4epHjmXaauxDyuuQ==');
INSERT INTO `s_session_log` VALUES ('17', '77ac56d0-a82d-4ddb-b4d3-425e23645f13', '192.168.2.102', '1800000', '2019-01-17 00:09:13', '2019-01-17 00:13:11', '3分58秒', '2', 'admin', 'admin', 'rO0ABXNyACpvcmcuYXBhY2hlLnNoaXJvLnNlc3Npb24ubWd0LlNpbXBsZVNlc3Npb26dHKG41YxibgMAAHhwdwIA23QAJDc3YWM1NmQwLWE4MmQtNGRkYi1iNGQzLTQyNWUyMzY0NWYxM3NyAA5qYXZhLnV0aWwuRGF0ZWhqgQFLWXQZAwAAeHB3CAAAAWhXbHp0eHNxAH4AA3cIAAABaFdwG3l4dxcAAAAAABt3QAANMTkyLjE2OC4yLjEwMnNyABFqYXZhLnV0aWwuSGFzaE1hcAUH2sHDFmDRAwACRgAKbG9hZEZhY3RvckkACXRocmVzaG9sZHhwP0AAAAAAAAx3CAAAABAAAAACdAAHa2lja291dHNyABFqYXZhLmxhbmcuQm9vbGVhbs0gcoDVnPruAgABWgAFdmFsdWV4cAF0AE1vcmcuYXBhY2hlLnNoaXJvLnN1YmplY3Quc3VwcG9ydC5EZWZhdWx0U3ViamVjdENvbnRleHRfUFJJTkNJUEFMU19TRVNTSU9OX0tFWXNyADJvcmcuYXBhY2hlLnNoaXJvLnN1YmplY3QuU2ltcGxlUHJpbmNpcGFsQ29sbGVjdGlvbqh/WCXGowhKAwABTAAPcmVhbG1QcmluY2lwYWxzdAAPTGphdmEvdXRpbC9NYXA7eHBzcgAXamF2YS51dGlsLkxpbmtlZEhhc2hNYXA0wE5cEGzA+wIAAVoAC2FjY2Vzc09yZGVyeHEAfgAGP0AAAAAAAAx3CAAAABAAAAABdAAMTXlTaGlyb1JlYW1sc3IAF2phdmEudXRpbC5MaW5rZWRIYXNoU2V02GzXWpXdKh4CAAB4cgARamF2YS51dGlsLkhhc2hTZXS6RIWVlri3NAMAAHhwdwwAAAAQP0AAAAAAAAFzcgAfY29tLnRzLm1vZHVsZS5zeXN0ZW0ubW9kZWwuVXNlcgAAAAAAAAABAgAHSQAGaXNTdG9wSQAGdXNlcklkTAAHYWNjb3VudHQAEkxqYXZhL2xhbmcvU3RyaW5nO0wAB29yZ0NvZGVxAH4AFkwACHBhc3N3b3JkcQB+ABZMAAhwb3N0Q29kZXEAfgAWTAAIdXNlck5hbWVxAH4AFnhwAAAAAAAAAAJ0AAVhZG1pbnQAAzEwMnQAATF0AAUxMDIwMXQABWFkbWlueHgAdwEBcQB+ABB4eHg=', 'k7UtkngJ7HIeK5OCHxJc7A==');
INSERT INTO `s_session_log` VALUES ('18', '5121b6ba-0001-4143-b85a-c4662c275285', '127.0.0.1', '1800000', '2019-01-17 00:13:02', '2019-01-17 00:16:27', '3分25秒', '2', 'admin', 'admin', 'rO0ABXNyACpvcmcuYXBhY2hlLnNoaXJvLnNlc3Npb24ubWd0LlNpbXBsZVNlc3Npb26dHKG41YxibgMAAHhwdwIA23QAJDUxMjFiNmJhLTAwMDEtNDE0My1iODVhLWM0NjYyYzI3NTI4NXNyAA5qYXZhLnV0aWwuRGF0ZWhqgQFLWXQZAwAAeHB3CAAAAWhXb/iMeHNxAH4AA3cIAAABaFdzGWh4dxkAAAAAABt3QAAPMDowOjA6MDowOjA6MDoxc3IAEWphdmEudXRpbC5IYXNoTWFwBQfawcMWYNEDAAJGAApsb2FkRmFjdG9ySQAJdGhyZXNob2xkeHA/QAAAAAAADHcIAAAAEAAAAAJ0AAdraWNrb3V0c3IAEWphdmEubGFuZy5Cb29sZWFuzSBygNWc+u4CAAFaAAV2YWx1ZXhwAXQATW9yZy5hcGFjaGUuc2hpcm8uc3ViamVjdC5zdXBwb3J0LkRlZmF1bHRTdWJqZWN0Q29udGV4dF9QUklOQ0lQQUxTX1NFU1NJT05fS0VZc3IAMm9yZy5hcGFjaGUuc2hpcm8uc3ViamVjdC5TaW1wbGVQcmluY2lwYWxDb2xsZWN0aW9uqH9YJcajCEoDAAFMAA9yZWFsbVByaW5jaXBhbHN0AA9MamF2YS91dGlsL01hcDt4cHNyABdqYXZhLnV0aWwuTGlua2VkSGFzaE1hcDTATlwQbMD7AgABWgALYWNjZXNzT3JkZXJ4cQB+AAY/QAAAAAAADHcIAAAAEAAAAAF0AAxNeVNoaXJvUmVhbWxzcgAXamF2YS51dGlsLkxpbmtlZEhhc2hTZXTYbNdald0qHgIAAHhyABFqYXZhLnV0aWwuSGFzaFNldLpEhZWWuLc0AwAAeHB3DAAAABA/QAAAAAAAAXNyAB9jb20udHMubW9kdWxlLnN5c3RlbS5tb2RlbC5Vc2VyAAAAAAAAAAECAAdJAAZpc1N0b3BJAAZ1c2VySWRMAAdhY2NvdW50dAASTGphdmEvbGFuZy9TdHJpbmc7TAAHb3JnQ29kZXEAfgAWTAAIcGFzc3dvcmRxAH4AFkwACHBvc3RDb2RlcQB+ABZMAAh1c2VyTmFtZXEAfgAWeHAAAAAAAAAAAnQABWFkbWludAADMTAydAABMXQABTEwMjAxdAAFYWRtaW54eAB3AQFxAH4AEHh4eA==', 'F7H/xkNEet3QQX9zDbxpkg==');
INSERT INTO `s_session_log` VALUES ('19', '12064e45-4435-489f-bd83-1651f2b1b42a', '192.168.2.102', '1800000', '2019-01-17 00:13:11', '2019-01-17 00:16:07', '2分56秒', '2', 'admin', 'admin', 'rO0ABXNyACpvcmcuYXBhY2hlLnNoaXJvLnNlc3Npb24ubWd0LlNpbXBsZVNlc3Npb26dHKG41YxibgMAAHhwdwIA23QAJDEyMDY0ZTQ1LTQ0MzUtNDg5Zi1iZDgzLTE2NTFmMmIxYjQyYXNyAA5qYXZhLnV0aWwuRGF0ZWhqgQFLWXQZAwAAeHB3CAAAAWhXcBuMeHNxAH4AA3cIAAABaFdyyoN4dxcAAAAAABt3QAANMTkyLjE2OC4yLjEwMnNyABFqYXZhLnV0aWwuSGFzaE1hcAUH2sHDFmDRAwACRgAKbG9hZEZhY3RvckkACXRocmVzaG9sZHhwP0AAAAAAAAx3CAAAABAAAAABdABNb3JnLmFwYWNoZS5zaGlyby5zdWJqZWN0LnN1cHBvcnQuRGVmYXVsdFN1YmplY3RDb250ZXh0X1BSSU5DSVBBTFNfU0VTU0lPTl9LRVlzcgAyb3JnLmFwYWNoZS5zaGlyby5zdWJqZWN0LlNpbXBsZVByaW5jaXBhbENvbGxlY3Rpb26of1glxqMISgMAAUwAD3JlYWxtUHJpbmNpcGFsc3QAD0xqYXZhL3V0aWwvTWFwO3hwc3IAF2phdmEudXRpbC5MaW5rZWRIYXNoTWFwNMBOXBBswPsCAAFaAAthY2Nlc3NPcmRlcnhxAH4ABj9AAAAAAAAMdwgAAAAQAAAAAXQADE15U2hpcm9SZWFtbHNyABdqYXZhLnV0aWwuTGlua2VkSGFzaFNldNhs11qV3SoeAgAAeHIAEWphdmEudXRpbC5IYXNoU2V0ukSFlZa4tzQDAAB4cHcMAAAAED9AAAAAAAABc3IAH2NvbS50cy5tb2R1bGUuc3lzdGVtLm1vZGVsLlVzZXIAAAAAAAAAAQIAB0kABmlzU3RvcEkABnVzZXJJZEwAB2FjY291bnR0ABJMamF2YS9sYW5nL1N0cmluZztMAAdvcmdDb2RlcQB+ABNMAAhwYXNzd29yZHEAfgATTAAIcG9zdENvZGVxAH4AE0wACHVzZXJOYW1lcQB+ABN4cAAAAAAAAAACdAAFYWRtaW50AAMxMDJ0AAExdAAFMTAyMDF0AAVhZG1pbnh4AHcBAXEAfgANeHh4', 'Ay9Ot+Z9LACzXQHdBL9A4w==');
INSERT INTO `s_session_log` VALUES ('20', 'b285573a-f9f2-4dcb-ab95-962c301d659b', '192.168.1.109', '1800000', '2019-01-17 08:51:04', '2019-01-17 08:52:19', '1分15秒', '1', '测试', '123', 'rO0ABXNyACpvcmcuYXBhY2hlLnNoaXJvLnNlc3Npb24ubWd0LlNpbXBsZVNlc3Npb26dHKG41YxibgMAAHhwdwIA23QAJGIyODU1NzNhLWY5ZjItNGRjYi1hYjk1LTk2MmMzMDFkNjU5YnNyAA5qYXZhLnV0aWwuRGF0ZWhqgQFLWXQZAwAAeHB3CAAAAWhZSkBdeHNxAH4AA3cIAAABaFlLZFt4dxcAAAAAABt3QAANMTkyLjE2OC4xLjEwOXNyABFqYXZhLnV0aWwuSGFzaE1hcAUH2sHDFmDRAwACRgAKbG9hZEZhY3RvckkACXRocmVzaG9sZHhwP0AAAAAAAAx3CAAAABAAAAABdABNb3JnLmFwYWNoZS5zaGlyby5zdWJqZWN0LnN1cHBvcnQuRGVmYXVsdFN1YmplY3RDb250ZXh0X1BSSU5DSVBBTFNfU0VTU0lPTl9LRVlzcgAyb3JnLmFwYWNoZS5zaGlyby5zdWJqZWN0LlNpbXBsZVByaW5jaXBhbENvbGxlY3Rpb26of1glxqMISgMAAUwAD3JlYWxtUHJpbmNpcGFsc3QAD0xqYXZhL3V0aWwvTWFwO3hwc3IAF2phdmEudXRpbC5MaW5rZWRIYXNoTWFwNMBOXBBswPsCAAFaAAthY2Nlc3NPcmRlcnhxAH4ABj9AAAAAAAAMdwgAAAAQAAAAAXQADE15U2hpcm9SZWFtbHNyABdqYXZhLnV0aWwuTGlua2VkSGFzaFNldNhs11qV3SoeAgAAeHIAEWphdmEudXRpbC5IYXNoU2V0ukSFlZa4tzQDAAB4cHcMAAAAED9AAAAAAAABc3IAH2NvbS50cy5tb2R1bGUuc3lzdGVtLm1vZGVsLlVzZXIAAAAAAAAAAQIAB0kABmlzU3RvcEkABnVzZXJJZEwAB2FjY291bnR0ABJMamF2YS9sYW5nL1N0cmluZztMAAdvcmdDb2RlcQB+ABNMAAhwYXNzd29yZHEAfgATTAAIcG9zdENvZGVxAH4AE0wACHVzZXJOYW1lcQB+ABN4cAAAAAAAAAABdAADMTIzdAADMTAxdAADMTIzdAAFMTAxMDF0AAbmtYvor5V4eAB3AQFxAH4ADXh4eA==', 'faYWTESz0EKwTNpz27lS+w==');
INSERT INTO `s_session_log` VALUES ('21', '94bdf52d-bc7c-4c21-bf92-8c5a940df286', '192.168.1.109', '1800000', '2019-01-17 08:52:19', '2019-01-17 08:52:34', '0分15秒', '2', 'admin', 'admin', 'rO0ABXNyACpvcmcuYXBhY2hlLnNoaXJvLnNlc3Npb24ubWd0LlNpbXBsZVNlc3Npb26dHKG41YxibgMAAHhwdwIA23QAJDk0YmRmNTJkLWJjN2MtNGMyMS1iZjkyLThjNWE5NDBkZjI4NnNyAA5qYXZhLnV0aWwuRGF0ZWhqgQFLWXQZAwAAeHB3CAAAAWhZS2R+eHNxAH4AA3cIAAABaFlLn4t4dxcAAAAAABt3QAANMTkyLjE2OC4xLjEwOXNyABFqYXZhLnV0aWwuSGFzaE1hcAUH2sHDFmDRAwACRgAKbG9hZEZhY3RvckkACXRocmVzaG9sZHhwP0AAAAAAAAx3CAAAABAAAAACdAAHa2lja291dHNyABFqYXZhLmxhbmcuQm9vbGVhbs0gcoDVnPruAgABWgAFdmFsdWV4cAF0AE1vcmcuYXBhY2hlLnNoaXJvLnN1YmplY3Quc3VwcG9ydC5EZWZhdWx0U3ViamVjdENvbnRleHRfUFJJTkNJUEFMU19TRVNTSU9OX0tFWXNyADJvcmcuYXBhY2hlLnNoaXJvLnN1YmplY3QuU2ltcGxlUHJpbmNpcGFsQ29sbGVjdGlvbqh/WCXGowhKAwABTAAPcmVhbG1QcmluY2lwYWxzdAAPTGphdmEvdXRpbC9NYXA7eHBzcgAXamF2YS51dGlsLkxpbmtlZEhhc2hNYXA0wE5cEGzA+wIAAVoAC2FjY2Vzc09yZGVyeHEAfgAGP0AAAAAAAAx3CAAAABAAAAABdAAMTXlTaGlyb1JlYW1sc3IAF2phdmEudXRpbC5MaW5rZWRIYXNoU2V02GzXWpXdKh4CAAB4cgARamF2YS51dGlsLkhhc2hTZXS6RIWVlri3NAMAAHhwdwwAAAAQP0AAAAAAAAFzcgAfY29tLnRzLm1vZHVsZS5zeXN0ZW0ubW9kZWwuVXNlcgAAAAAAAAABAgAHSQAGaXNTdG9wSQAGdXNlcklkTAAHYWNjb3VudHQAEkxqYXZhL2xhbmcvU3RyaW5nO0wAB29yZ0NvZGVxAH4AFkwACHBhc3N3b3JkcQB+ABZMAAhwb3N0Q29kZXEAfgAWTAAIdXNlck5hbWVxAH4AFnhwAAAAAAAAAAJ0AAVhZG1pbnQAAzEwMnQAATF0AAUxMDIwMXQABWFkbWlueHgAdwEBcQB+ABB4eHg=', 'gNwoA6HisN/O/TAbLzABjw==');
INSERT INTO `s_session_log` VALUES ('22', 'a203dbb9-11be-48ba-be4b-92acf6d6faf8', '127.0.0.1', '1800000', '2019-01-17 08:49:27', '2019-01-17 08:52:43', '3分16秒', '2', 'admin', 'admin', 'rO0ABXNyACpvcmcuYXBhY2hlLnNoaXJvLnNlc3Npb24ubWd0LlNpbXBsZVNlc3Npb26dHKG41YxibgMAAHhwdwIA23QAJGEyMDNkYmI5LTExYmUtNDhiYS1iZTRiLTkyYWNmNmQ2ZmFmOHNyAA5qYXZhLnV0aWwuRGF0ZWhqgQFLWXQZAwAAeHB3CAAAAWhZSMQGeHNxAH4AA3cIAAABaFlLwYN4dxkAAAAAABt3QAAPMDowOjA6MDowOjA6MDoxc3IAEWphdmEudXRpbC5IYXNoTWFwBQfawcMWYNEDAAJGAApsb2FkRmFjdG9ySQAJdGhyZXNob2xkeHA/QAAAAAAADHcIAAAAEAAAAAJ0AAdraWNrb3V0c3IAEWphdmEubGFuZy5Cb29sZWFuzSBygNWc+u4CAAFaAAV2YWx1ZXhwAXQATW9yZy5hcGFjaGUuc2hpcm8uc3ViamVjdC5zdXBwb3J0LkRlZmF1bHRTdWJqZWN0Q29udGV4dF9QUklOQ0lQQUxTX1NFU1NJT05fS0VZc3IAMm9yZy5hcGFjaGUuc2hpcm8uc3ViamVjdC5TaW1wbGVQcmluY2lwYWxDb2xsZWN0aW9uqH9YJcajCEoDAAFMAA9yZWFsbVByaW5jaXBhbHN0AA9MamF2YS91dGlsL01hcDt4cHNyABdqYXZhLnV0aWwuTGlua2VkSGFzaE1hcDTATlwQbMD7AgABWgALYWNjZXNzT3JkZXJ4cQB+AAY/QAAAAAAADHcIAAAAEAAAAAF0AAxNeVNoaXJvUmVhbWxzcgAXamF2YS51dGlsLkxpbmtlZEhhc2hTZXTYbNdald0qHgIAAHhyABFqYXZhLnV0aWwuSGFzaFNldLpEhZWWuLc0AwAAeHB3DAAAABA/QAAAAAAAAXNyAB9jb20udHMubW9kdWxlLnN5c3RlbS5tb2RlbC5Vc2VyAAAAAAAAAAECAAdJAAZpc1N0b3BJAAZ1c2VySWRMAAdhY2NvdW50dAASTGphdmEvbGFuZy9TdHJpbmc7TAAHb3JnQ29kZXEAfgAWTAAIcGFzc3dvcmRxAH4AFkwACHBvc3RDb2RlcQB+ABZMAAh1c2VyTmFtZXEAfgAWeHAAAAAAAAAAAnQABWFkbWludAADMTAydAABMXQABTEwMjAxdAAFYWRtaW54eAB3AQFxAH4AEHh4eA==', 'EtYC+2+BLy+MRG18PbxXsA==');
INSERT INTO `s_session_log` VALUES ('23', 'ebe76c5e-82e2-47c8-8f47-ba2ef706d978', '192.168.1.109', '1800000', '2019-01-17 08:52:34', '2019-01-17 08:53:23', '0分49秒', '2', 'admin', 'admin', 'rO0ABXNyACpvcmcuYXBhY2hlLnNoaXJvLnNlc3Npb24ubWd0LlNpbXBsZVNlc3Npb26dHKG41YxibgMAAHhwdwIA23QAJGViZTc2YzVlLTgyZTItNDdjOC04ZjQ3LWJhMmVmNzA2ZDk3OHNyAA5qYXZhLnV0aWwuRGF0ZWhqgQFLWXQZAwAAeHB3CAAAAWhZS5+YeHNxAH4AA3cIAAABaFlMXf94dxcAAAAAABt3QAANMTkyLjE2OC4xLjEwOXNyABFqYXZhLnV0aWwuSGFzaE1hcAUH2sHDFmDRAwACRgAKbG9hZEZhY3RvckkACXRocmVzaG9sZHhwP0AAAAAAAAx3CAAAABAAAAABdABNb3JnLmFwYWNoZS5zaGlyby5zdWJqZWN0LnN1cHBvcnQuRGVmYXVsdFN1YmplY3RDb250ZXh0X1BSSU5DSVBBTFNfU0VTU0lPTl9LRVlzcgAyb3JnLmFwYWNoZS5zaGlyby5zdWJqZWN0LlNpbXBsZVByaW5jaXBhbENvbGxlY3Rpb26of1glxqMISgMAAUwAD3JlYWxtUHJpbmNpcGFsc3QAD0xqYXZhL3V0aWwvTWFwO3hwc3IAF2phdmEudXRpbC5MaW5rZWRIYXNoTWFwNMBOXBBswPsCAAFaAAthY2Nlc3NPcmRlcnhxAH4ABj9AAAAAAAAMdwgAAAAQAAAAAXQADE15U2hpcm9SZWFtbHNyABdqYXZhLnV0aWwuTGlua2VkSGFzaFNldNhs11qV3SoeAgAAeHIAEWphdmEudXRpbC5IYXNoU2V0ukSFlZa4tzQDAAB4cHcMAAAAED9AAAAAAAABc3IAH2NvbS50cy5tb2R1bGUuc3lzdGVtLm1vZGVsLlVzZXIAAAAAAAAAAQIAB0kABmlzU3RvcEkABnVzZXJJZEwAB2FjY291bnR0ABJMamF2YS9sYW5nL1N0cmluZztMAAdvcmdDb2RlcQB+ABNMAAhwYXNzd29yZHEAfgATTAAIcG9zdENvZGVxAH4AE0wACHVzZXJOYW1lcQB+ABN4cAAAAAAAAAACdAAFYWRtaW50AAMxMDJ0AAExdAAFMTAyMDF0AAVhZG1pbnh4AHcBAXEAfgANeHh4', 'J2NWvtHcdfJWUdP1XJnh/g==');
INSERT INTO `s_session_log` VALUES ('24', '52dc0ad7-324d-42c5-a9e6-dfb330f54f31', '127.0.0.1', '1800000', '2019-01-17 08:52:43', '2019-01-17 09:18:04', '25分21秒', '2', 'admin', 'admin', 'rO0ABXNyACpvcmcuYXBhY2hlLnNoaXJvLnNlc3Npb24ubWd0LlNpbXBsZVNlc3Npb26dHKG41YxibgMAAHhwdwIA23QAJDUyZGMwYWQ3LTMyNGQtNDJjNS1hOWU2LWRmYjMzMGY1NGYzMXNyAA5qYXZhLnV0aWwuRGF0ZWhqgQFLWXQZAwAAeHB3CAAAAWhZS8GVeHNxAH4AA3cIAAABaFli9814dxkAAAAAABt3QAAPMDowOjA6MDowOjA6MDoxc3IAEWphdmEudXRpbC5IYXNoTWFwBQfawcMWYNEDAAJGAApsb2FkRmFjdG9ySQAJdGhyZXNob2xkeHA/QAAAAAAADHcIAAAAEAAAAAF0AE1vcmcuYXBhY2hlLnNoaXJvLnN1YmplY3Quc3VwcG9ydC5EZWZhdWx0U3ViamVjdENvbnRleHRfUFJJTkNJUEFMU19TRVNTSU9OX0tFWXNyADJvcmcuYXBhY2hlLnNoaXJvLnN1YmplY3QuU2ltcGxlUHJpbmNpcGFsQ29sbGVjdGlvbqh/WCXGowhKAwABTAAPcmVhbG1QcmluY2lwYWxzdAAPTGphdmEvdXRpbC9NYXA7eHBzcgAXamF2YS51dGlsLkxpbmtlZEhhc2hNYXA0wE5cEGzA+wIAAVoAC2FjY2Vzc09yZGVyeHEAfgAGP0AAAAAAAAx3CAAAABAAAAABdAAMTXlTaGlyb1JlYW1sc3IAF2phdmEudXRpbC5MaW5rZWRIYXNoU2V02GzXWpXdKh4CAAB4cgARamF2YS51dGlsLkhhc2hTZXS6RIWVlri3NAMAAHhwdwwAAAACP0AAAAAAAAFzcgAfY29tLnRzLm1vZHVsZS5zeXN0ZW0ubW9kZWwuVXNlcgAAAAAAAAABAgAHSQAGaXNTdG9wSQAGdXNlcklkTAAHYWNjb3VudHQAEkxqYXZhL2xhbmcvU3RyaW5nO0wAB29yZ0NvZGVxAH4AE0wACHBhc3N3b3JkcQB+ABNMAAhwb3N0Q29kZXEAfgATTAAIdXNlck5hbWVxAH4AE3hwAAAAAAAAAAJ0AAVhZG1pbnQAAzEwMnQAATF0AAUxMDIwMXQABWFkbWlueHgAdwEBcQB+AA14eHg=', 'qnQh13EqgazcX7Jw75WxFQ==');
INSERT INTO `s_session_log` VALUES ('25', '08852b02-239c-4efe-a361-7e10758cdbdd', '127.0.0.1', '1800000', '2019-01-17 09:18:04', '2019-01-17 09:30:49', '12分45秒', '2', 'admin', 'admin', 'rO0ABXNyACpvcmcuYXBhY2hlLnNoaXJvLnNlc3Npb24ubWd0LlNpbXBsZVNlc3Npb26dHKG41YxibgMAAHhwdwIA23QAJDA4ODUyYjAyLTIzOWMtNGVmZS1hMzYxLTdlMTA3NThjZGJkZHNyAA5qYXZhLnV0aWwuRGF0ZWhqgQFLWXQZAwAAeHB3CAAAAWhZYvfeeHNxAH4AA3cIAAABaFluotB4dxkAAAAAABt3QAAPMDowOjA6MDowOjA6MDoxc3IAEWphdmEudXRpbC5IYXNoTWFwBQfawcMWYNEDAAJGAApsb2FkRmFjdG9ySQAJdGhyZXNob2xkeHA/QAAAAAAADHcIAAAAEAAAAAF0AE1vcmcuYXBhY2hlLnNoaXJvLnN1YmplY3Quc3VwcG9ydC5EZWZhdWx0U3ViamVjdENvbnRleHRfUFJJTkNJUEFMU19TRVNTSU9OX0tFWXNyADJvcmcuYXBhY2hlLnNoaXJvLnN1YmplY3QuU2ltcGxlUHJpbmNpcGFsQ29sbGVjdGlvbqh/WCXGowhKAwABTAAPcmVhbG1QcmluY2lwYWxzdAAPTGphdmEvdXRpbC9NYXA7eHBzcgAXamF2YS51dGlsLkxpbmtlZEhhc2hNYXA0wE5cEGzA+wIAAVoAC2FjY2Vzc09yZGVyeHEAfgAGP0AAAAAAAAx3CAAAABAAAAABdAAMTXlTaGlyb1JlYW1sc3IAF2phdmEudXRpbC5MaW5rZWRIYXNoU2V02GzXWpXdKh4CAAB4cgARamF2YS51dGlsLkhhc2hTZXS6RIWVlri3NAMAAHhwdwwAAAAQP0AAAAAAAAFzcgAfY29tLnRzLm1vZHVsZS5zeXN0ZW0ubW9kZWwuVXNlcgAAAAAAAAABAgAHSQAGaXNTdG9wSQAGdXNlcklkTAAHYWNjb3VudHQAEkxqYXZhL2xhbmcvU3RyaW5nO0wAB29yZ0NvZGVxAH4AE0wACHBhc3N3b3JkcQB+ABNMAAhwb3N0Q29kZXEAfgATTAAIdXNlck5hbWVxAH4AE3hwAAAAAAAAAAJ0AAVhZG1pbnQAAzEwMnQAATF0AAUxMDIwMXQABWFkbWlueHgAdwEBcQB+AA14eHg=', 'qXs/hpHIFeD+CZvw95LLFA==');
INSERT INTO `s_session_log` VALUES ('26', '4223b539-d475-4d78-af18-4601758fa258', '127.0.0.1', '1800000', '2019-01-17 09:30:49', '2019-01-17 09:45:20', '14分31秒', '2', 'admin', 'admin', 'rO0ABXNyACpvcmcuYXBhY2hlLnNoaXJvLnNlc3Npb24ubWd0LlNpbXBsZVNlc3Npb26dHKG41YxibgMAAHhwdwIA23QAJDQyMjNiNTM5LWQ0NzUtNGQ3OC1hZjE4LTQ2MDE3NThmYTI1OHNyAA5qYXZhLnV0aWwuRGF0ZWhqgQFLWXQZAwAAeHB3CAAAAWhZbqLneHNxAH4AA3cIAAABaFl764V4dxkAAAAAABt3QAAPMDowOjA6MDowOjA6MDoxc3IAEWphdmEudXRpbC5IYXNoTWFwBQfawcMWYNEDAAJGAApsb2FkRmFjdG9ySQAJdGhyZXNob2xkeHA/QAAAAAAADHcIAAAAEAAAAAJ0AFBvcmcuYXBhY2hlLnNoaXJvLnN1YmplY3Quc3VwcG9ydC5EZWZhdWx0U3ViamVjdENvbnRleHRfQVVUSEVOVElDQVRFRF9TRVNTSU9OX0tFWXNyABFqYXZhLmxhbmcuQm9vbGVhbs0gcoDVnPruAgABWgAFdmFsdWV4cAF0AE1vcmcuYXBhY2hlLnNoaXJvLnN1YmplY3Quc3VwcG9ydC5EZWZhdWx0U3ViamVjdENvbnRleHRfUFJJTkNJUEFMU19TRVNTSU9OX0tFWXNyADJvcmcuYXBhY2hlLnNoaXJvLnN1YmplY3QuU2ltcGxlUHJpbmNpcGFsQ29sbGVjdGlvbqh/WCXGowhKAwABTAAPcmVhbG1QcmluY2lwYWxzdAAPTGphdmEvdXRpbC9NYXA7eHBzcgAXamF2YS51dGlsLkxpbmtlZEhhc2hNYXA0wE5cEGzA+wIAAVoAC2FjY2Vzc09yZGVyeHEAfgAGP0AAAAAAAAx3CAAAABAAAAABdAAMTXlTaGlyb1JlYW1sc3IAF2phdmEudXRpbC5MaW5rZWRIYXNoU2V02GzXWpXdKh4CAAB4cgARamF2YS51dGlsLkhhc2hTZXS6RIWVlri3NAMAAHhwdwwAAAAQP0AAAAAAAAFzcgAfY29tLnRzLm1vZHVsZS5zeXN0ZW0ubW9kZWwuVXNlcgAAAAAAAAABAgAHSQAGaXNTdG9wSQAGdXNlcklkTAAHYWNjb3VudHQAEkxqYXZhL2xhbmcvU3RyaW5nO0wAB29yZ0NvZGVxAH4AFkwACHBhc3N3b3JkcQB+ABZMAAhwb3N0Q29kZXEAfgAWTAAIdXNlck5hbWVxAH4AFnhwAAAAAAAAAAJ0AAVhZG1pbnQAAzEwMnQAATF0AAUxMDIwMXQABWFkbWlueHgAdwEBcQB+ABB4eHg=', 'JEiC7+xbVYP906QpSkG/VA==');
INSERT INTO `s_session_log` VALUES ('27', 'e99a57aa-ddf7-4583-9a2d-df532660a2e5', '127.0.0.1', '1800000', '2019-01-21 08:58:34', '2019-01-21 08:59:52', '1分18秒', '2', 'admin', 'admin', 'rO0ABXNyACpvcmcuYXBhY2hlLnNoaXJvLnNlc3Npb24ubWd0LlNpbXBsZVNlc3Npb26dHKG41YxibgMAAHhwdwIA23QAJGU5OWE1N2FhLWRkZjctNDU4My05YTJkLWRmNTMyNjYwYTJlNXNyAA5qYXZhLnV0aWwuRGF0ZWhqgQFLWXQZAwAAeHB3CAAAAWht6oyPeHNxAH4AA3cIAAABaG3rvgN4dxkAAAAAABt3QAAPMDowOjA6MDowOjA6MDoxc3IAEWphdmEudXRpbC5IYXNoTWFwBQfawcMWYNEDAAJGAApsb2FkRmFjdG9ySQAJdGhyZXNob2xkeHA/QAAAAAAADHcIAAAAEAAAAAF0AE1vcmcuYXBhY2hlLnNoaXJvLnN1YmplY3Quc3VwcG9ydC5EZWZhdWx0U3ViamVjdENvbnRleHRfUFJJTkNJUEFMU19TRVNTSU9OX0tFWXNyADJvcmcuYXBhY2hlLnNoaXJvLnN1YmplY3QuU2ltcGxlUHJpbmNpcGFsQ29sbGVjdGlvbqh/WCXGowhKAwABTAAPcmVhbG1QcmluY2lwYWxzdAAPTGphdmEvdXRpbC9NYXA7eHBzcgAXamF2YS51dGlsLkxpbmtlZEhhc2hNYXA0wE5cEGzA+wIAAVoAC2FjY2Vzc09yZGVyeHEAfgAGP0AAAAAAAAx3CAAAABAAAAABdAAMTXlTaGlyb1JlYW1sc3IAF2phdmEudXRpbC5MaW5rZWRIYXNoU2V02GzXWpXdKh4CAAB4cgARamF2YS51dGlsLkhhc2hTZXS6RIWVlri3NAMAAHhwdwwAAAAQP0AAAAAAAAFzcgAfY29tLnRzLm1vZHVsZS5zeXN0ZW0ubW9kZWwuVXNlcgAAAAAAAAABAgAHSQAGaXNTdG9wSQAGdXNlcklkTAAHYWNjb3VudHQAEkxqYXZhL2xhbmcvU3RyaW5nO0wAB29yZ0NvZGVxAH4AE0wACHBhc3N3b3JkcQB+ABNMAAhwb3N0Q29kZXEAfgATTAAIdXNlck5hbWVxAH4AE3hwAAAAAAAAAAJ0AAVhZG1pbnQAAzEwMnQAATF0AAUxMDIwMXQABWFkbWlueHgAdwEBcQB+AA14eHg=', 'JqhEbh2jQhKaAJAp4DrItA==');
INSERT INTO `s_session_log` VALUES ('28', '8a2c554a-19b0-4d9a-bd82-681fab99f1b6', '127.0.0.1', '1800000', '2019-01-21 08:59:52', '2019-01-21 08:59:57', '0分5秒', '2', 'admin', 'admin', 'rO0ABXNyACpvcmcuYXBhY2hlLnNoaXJvLnNlc3Npb24ubWd0LlNpbXBsZVNlc3Npb26dHKG41YxibgMAAHhwdwIA23QAJDhhMmM1NTRhLTE5YjAtNGQ5YS1iZDgyLTY4MWZhYjk5ZjFiNnNyAA5qYXZhLnV0aWwuRGF0ZWhqgQFLWXQZAwAAeHB3CAAAAWht676EeHNxAH4AA3cIAAABaG3r0CN4dxkAAAAAABt3QAAPMDowOjA6MDowOjA6MDoxc3IAEWphdmEudXRpbC5IYXNoTWFwBQfawcMWYNEDAAJGAApsb2FkRmFjdG9ySQAJdGhyZXNob2xkeHA/QAAAAAAADHcIAAAAEAAAAAF0AE1vcmcuYXBhY2hlLnNoaXJvLnN1YmplY3Quc3VwcG9ydC5EZWZhdWx0U3ViamVjdENvbnRleHRfUFJJTkNJUEFMU19TRVNTSU9OX0tFWXNyADJvcmcuYXBhY2hlLnNoaXJvLnN1YmplY3QuU2ltcGxlUHJpbmNpcGFsQ29sbGVjdGlvbqh/WCXGowhKAwABTAAPcmVhbG1QcmluY2lwYWxzdAAPTGphdmEvdXRpbC9NYXA7eHBzcgAXamF2YS51dGlsLkxpbmtlZEhhc2hNYXA0wE5cEGzA+wIAAVoAC2FjY2Vzc09yZGVyeHEAfgAGP0AAAAAAAAx3CAAAABAAAAABdAAMTXlTaGlyb1JlYW1sc3IAF2phdmEudXRpbC5MaW5rZWRIYXNoU2V02GzXWpXdKh4CAAB4cgARamF2YS51dGlsLkhhc2hTZXS6RIWVlri3NAMAAHhwdwwAAAAQP0AAAAAAAAFzcgAfY29tLnRzLm1vZHVsZS5zeXN0ZW0ubW9kZWwuVXNlcgAAAAAAAAABAgAHSQAGaXNTdG9wSQAGdXNlcklkTAAHYWNjb3VudHQAEkxqYXZhL2xhbmcvU3RyaW5nO0wAB29yZ0NvZGVxAH4AE0wACHBhc3N3b3JkcQB+ABNMAAhwb3N0Q29kZXEAfgATTAAIdXNlck5hbWVxAH4AE3hwAAAAAAAAAAJ0AAVhZG1pbnQAAzEwMnQAATF0AAUxMDIwMXQABWFkbWlueHgAdwEBcQB+AA14eHg=', 'tg4HyqIGlnpmYG11EK2xdA==');
INSERT INTO `s_session_log` VALUES ('29', '02cfb026-5925-430d-b43a-558156c19c77', '127.0.0.1', '1800000', '2019-01-21 08:59:57', '2019-01-21 09:00:16', '0分19秒', '2', 'admin', 'admin', 'rO0ABXNyACpvcmcuYXBhY2hlLnNoaXJvLnNlc3Npb24ubWd0LlNpbXBsZVNlc3Npb26dHKG41YxibgMAAHhwdwIA23QAJDAyY2ZiMDI2LTU5MjUtNDMwZC1iNDNhLTU1ODE1NmMxOWM3N3NyAA5qYXZhLnV0aWwuRGF0ZWhqgQFLWXQZAwAAeHB3CAAAAWht69A+eHNxAH4AA3cIAAABaG3sGuJ4dxkAAAAAABt3QAAPMDowOjA6MDowOjA6MDoxc3IAEWphdmEudXRpbC5IYXNoTWFwBQfawcMWYNEDAAJGAApsb2FkRmFjdG9ySQAJdGhyZXNob2xkeHA/QAAAAAAADHcIAAAAEAAAAAF0AE1vcmcuYXBhY2hlLnNoaXJvLnN1YmplY3Quc3VwcG9ydC5EZWZhdWx0U3ViamVjdENvbnRleHRfUFJJTkNJUEFMU19TRVNTSU9OX0tFWXNyADJvcmcuYXBhY2hlLnNoaXJvLnN1YmplY3QuU2ltcGxlUHJpbmNpcGFsQ29sbGVjdGlvbqh/WCXGowhKAwABTAAPcmVhbG1QcmluY2lwYWxzdAAPTGphdmEvdXRpbC9NYXA7eHBzcgAXamF2YS51dGlsLkxpbmtlZEhhc2hNYXA0wE5cEGzA+wIAAVoAC2FjY2Vzc09yZGVyeHEAfgAGP0AAAAAAAAx3CAAAABAAAAABdAAMTXlTaGlyb1JlYW1sc3IAF2phdmEudXRpbC5MaW5rZWRIYXNoU2V02GzXWpXdKh4CAAB4cgARamF2YS51dGlsLkhhc2hTZXS6RIWVlri3NAMAAHhwdwwAAAAQP0AAAAAAAAFzcgAfY29tLnRzLm1vZHVsZS5zeXN0ZW0ubW9kZWwuVXNlcgAAAAAAAAABAgAHSQAGaXNTdG9wSQAGdXNlcklkTAAHYWNjb3VudHQAEkxqYXZhL2xhbmcvU3RyaW5nO0wAB29yZ0NvZGVxAH4AE0wACHBhc3N3b3JkcQB+ABNMAAhwb3N0Q29kZXEAfgATTAAIdXNlck5hbWVxAH4AE3hwAAAAAAAAAAJ0AAVhZG1pbnQAAzEwMnQAATF0AAUxMDIwMXQABWFkbWlueHgAdwEBcQB+AA14eHg=', 'VU4+8gFS5b4K2t0w6ymxyw==');
INSERT INTO `s_session_log` VALUES ('30', '25ba07bc-b14a-410f-a638-db6febf1f2a4', '127.0.0.1', '1800000', '2019-01-21 09:00:16', '2019-01-21 09:04:26', '4分10秒', '2', 'admin', 'admin', 'rO0ABXNyACpvcmcuYXBhY2hlLnNoaXJvLnNlc3Npb24ubWd0LlNpbXBsZVNlc3Npb26dHKG41YxibgMAAHhwdwIA23QAJDI1YmEwN2JjLWIxNGEtNDEwZi1hNjM4LWRiNmZlYmYxZjJhNHNyAA5qYXZhLnV0aWwuRGF0ZWhqgQFLWXQZAwAAeHB3CAAAAWht7Br4eHNxAH4AA3cIAAABaG3v6fV4dxkAAAAAABt3QAAPMDowOjA6MDowOjA6MDoxc3IAEWphdmEudXRpbC5IYXNoTWFwBQfawcMWYNEDAAJGAApsb2FkRmFjdG9ySQAJdGhyZXNob2xkeHA/QAAAAAAADHcIAAAAEAAAAAJ0AFBvcmcuYXBhY2hlLnNoaXJvLnN1YmplY3Quc3VwcG9ydC5EZWZhdWx0U3ViamVjdENvbnRleHRfQVVUSEVOVElDQVRFRF9TRVNTSU9OX0tFWXNyABFqYXZhLmxhbmcuQm9vbGVhbs0gcoDVnPruAgABWgAFdmFsdWV4cAF0AE1vcmcuYXBhY2hlLnNoaXJvLnN1YmplY3Quc3VwcG9ydC5EZWZhdWx0U3ViamVjdENvbnRleHRfUFJJTkNJUEFMU19TRVNTSU9OX0tFWXNyADJvcmcuYXBhY2hlLnNoaXJvLnN1YmplY3QuU2ltcGxlUHJpbmNpcGFsQ29sbGVjdGlvbqh/WCXGowhKAwABTAAPcmVhbG1QcmluY2lwYWxzdAAPTGphdmEvdXRpbC9NYXA7eHBzcgAXamF2YS51dGlsLkxpbmtlZEhhc2hNYXA0wE5cEGzA+wIAAVoAC2FjY2Vzc09yZGVyeHEAfgAGP0AAAAAAAAx3CAAAABAAAAABdAAMTXlTaGlyb1JlYW1sc3IAF2phdmEudXRpbC5MaW5rZWRIYXNoU2V02GzXWpXdKh4CAAB4cgARamF2YS51dGlsLkhhc2hTZXS6RIWVlri3NAMAAHhwdwwAAAAQP0AAAAAAAAFzcgAfY29tLnRzLm1vZHVsZS5zeXN0ZW0ubW9kZWwuVXNlcgAAAAAAAAABAgAHSQAGaXNTdG9wSQAGdXNlcklkTAAHYWNjb3VudHQAEkxqYXZhL2xhbmcvU3RyaW5nO0wAB29yZ0NvZGVxAH4AFkwACHBhc3N3b3JkcQB+ABZMAAhwb3N0Q29kZXEAfgAWTAAIdXNlck5hbWVxAH4AFnhwAAAAAAAAAAJ0AAVhZG1pbnQAAzEwMnQAATF0AAUxMDIwMXQABWFkbWlueHgAdwEBcQB+ABB4eHg=', '8b0XsVuds4g4zmtnta1ZEA==');
INSERT INTO `s_session_log` VALUES ('31', '7625e4cf-a02d-4244-a0ab-115cfb26c348', '127.0.0.1', '1800000', '2019-01-21 09:10:57', '2019-01-21 09:21:13', '10分16秒', '2', 'admin', 'admin', 'rO0ABXNyACpvcmcuYXBhY2hlLnNoaXJvLnNlc3Npb24ubWd0LlNpbXBsZVNlc3Npb26dHKG41YxibgMAAHhwdwIA23QAJDc2MjVlNGNmLWEwMmQtNDI0NC1hMGFiLTExNWNmYjI2YzM0OHNyAA5qYXZhLnV0aWwuRGF0ZWhqgQFLWXQZAwAAeHB3CAAAAWht9eHmeHNxAH4AA3cIAAABaG3/SQR4dxkAAAAAABt3QAAPMDowOjA6MDowOjA6MDoxc3IAEWphdmEudXRpbC5IYXNoTWFwBQfawcMWYNEDAAJGAApsb2FkRmFjdG9ySQAJdGhyZXNob2xkeHA/QAAAAAAADHcIAAAAEAAAAAF0AE1vcmcuYXBhY2hlLnNoaXJvLnN1YmplY3Quc3VwcG9ydC5EZWZhdWx0U3ViamVjdENvbnRleHRfUFJJTkNJUEFMU19TRVNTSU9OX0tFWXNyADJvcmcuYXBhY2hlLnNoaXJvLnN1YmplY3QuU2ltcGxlUHJpbmNpcGFsQ29sbGVjdGlvbqh/WCXGowhKAwABTAAPcmVhbG1QcmluY2lwYWxzdAAPTGphdmEvdXRpbC9NYXA7eHBzcgAXamF2YS51dGlsLkxpbmtlZEhhc2hNYXA0wE5cEGzA+wIAAVoAC2FjY2Vzc09yZGVyeHEAfgAGP0AAAAAAAAx3CAAAABAAAAABdAAMTXlTaGlyb1JlYW1sc3IAF2phdmEudXRpbC5MaW5rZWRIYXNoU2V02GzXWpXdKh4CAAB4cgARamF2YS51dGlsLkhhc2hTZXS6RIWVlri3NAMAAHhwdwwAAAAQP0AAAAAAAAFzcgAfY29tLnRzLm1vZHVsZS5zeXN0ZW0ubW9kZWwuVXNlcgAAAAAAAAABAgAHSQAGaXNTdG9wSQAGdXNlcklkTAAHYWNjb3VudHQAEkxqYXZhL2xhbmcvU3RyaW5nO0wAB29yZ0NvZGVxAH4AE0wACHBhc3N3b3JkcQB+ABNMAAhwb3N0Q29kZXEAfgATTAAIdXNlck5hbWVxAH4AE3hwAAAAAAAAAAJ0AAVhZG1pbnQAAzEwMnQAATF0AAUxMDIwMXQABWFkbWlueHgAdwEBcQB+AA14eHg=', 'FWSvjvPOUe18t8glaCLgzg==');
INSERT INTO `s_session_log` VALUES ('32', '5d43d89c-862e-4d6a-b054-076c7ca0bc41', '127.0.0.1', '1800000', '2019-01-21 10:07:28', '2019-01-21 10:09:44', '2分16秒', '2', 'admin', 'admin', 'rO0ABXNyACpvcmcuYXBhY2hlLnNoaXJvLnNlc3Npb24ubWd0LlNpbXBsZVNlc3Npb26dHKG41YxibgMAAHhwdwIA23QAJDVkNDNkODljLTg2MmUtNGQ2YS1iMDU0LTA3NmM3Y2EwYmM0MXNyAA5qYXZhLnV0aWwuRGF0ZWhqgQFLWXQZAwAAeHB3CAAAAWhuKaLAeHNxAH4AA3cIAAABaG4rsnR4dxkAAAAAABt3QAAPMDowOjA6MDowOjA6MDoxc3IAEWphdmEudXRpbC5IYXNoTWFwBQfawcMWYNEDAAJGAApsb2FkRmFjdG9ySQAJdGhyZXNob2xkeHA/QAAAAAAADHcIAAAAEAAAAAJ0AFBvcmcuYXBhY2hlLnNoaXJvLnN1YmplY3Quc3VwcG9ydC5EZWZhdWx0U3ViamVjdENvbnRleHRfQVVUSEVOVElDQVRFRF9TRVNTSU9OX0tFWXNyABFqYXZhLmxhbmcuQm9vbGVhbs0gcoDVnPruAgABWgAFdmFsdWV4cAF0AE1vcmcuYXBhY2hlLnNoaXJvLnN1YmplY3Quc3VwcG9ydC5EZWZhdWx0U3ViamVjdENvbnRleHRfUFJJTkNJUEFMU19TRVNTSU9OX0tFWXNyADJvcmcuYXBhY2hlLnNoaXJvLnN1YmplY3QuU2ltcGxlUHJpbmNpcGFsQ29sbGVjdGlvbqh/WCXGowhKAwABTAAPcmVhbG1QcmluY2lwYWxzdAAPTGphdmEvdXRpbC9NYXA7eHBzcgAXamF2YS51dGlsLkxpbmtlZEhhc2hNYXA0wE5cEGzA+wIAAVoAC2FjY2Vzc09yZGVyeHEAfgAGP0AAAAAAAAx3CAAAABAAAAABdAAMTXlTaGlyb1JlYW1sc3IAF2phdmEudXRpbC5MaW5rZWRIYXNoU2V02GzXWpXdKh4CAAB4cgARamF2YS51dGlsLkhhc2hTZXS6RIWVlri3NAMAAHhwdwwAAAAQP0AAAAAAAAFzcgAfY29tLnRzLm1vZHVsZS5zeXN0ZW0ubW9kZWwuVXNlcgAAAAAAAAABAgAHSQAGaXNTdG9wSQAGdXNlcklkTAAHYWNjb3VudHQAEkxqYXZhL2xhbmcvU3RyaW5nO0wAB29yZ0NvZGVxAH4AFkwACHBhc3N3b3JkcQB+ABZMAAhwb3N0Q29kZXEAfgAWTAAIdXNlck5hbWVxAH4AFnhwAAAAAAAAAAJ0AAVhZG1pbnQAAzEwMnQAATF0AAUxMDIwMXQABWFkbWlueHgAdwEBcQB+ABB4eHg=', 'mT+sg7wMIokCpbzXWUJy5w==');
INSERT INTO `s_session_log` VALUES ('33', '1f8c2003-6684-491e-9827-8d4a44d22c7b', '127.0.0.1', '1800000', '2019-01-21 10:48:25', '2019-01-21 10:59:47', '11分22秒', '2', 'admin', 'admin', 'rO0ABXNyACpvcmcuYXBhY2hlLnNoaXJvLnNlc3Npb24ubWd0LlNpbXBsZVNlc3Npb26dHKG41YxibgMAAHhwdwIA23QAJDFmOGMyMDAzLTY2ODQtNDkxZS05ODI3LThkNGE0NGQyMmM3YnNyAA5qYXZhLnV0aWwuRGF0ZWhqgQFLWXQZAwAAeHB3CAAAAWhuTx4weHNxAH4AA3cIAAABaG5Zh9J4dxkAAAAAABt3QAAPMDowOjA6MDowOjA6MDoxc3IAEWphdmEudXRpbC5IYXNoTWFwBQfawcMWYNEDAAJGAApsb2FkRmFjdG9ySQAJdGhyZXNob2xkeHA/QAAAAAAADHcIAAAAEAAAAAF0AE1vcmcuYXBhY2hlLnNoaXJvLnN1YmplY3Quc3VwcG9ydC5EZWZhdWx0U3ViamVjdENvbnRleHRfUFJJTkNJUEFMU19TRVNTSU9OX0tFWXNyADJvcmcuYXBhY2hlLnNoaXJvLnN1YmplY3QuU2ltcGxlUHJpbmNpcGFsQ29sbGVjdGlvbqh/WCXGowhKAwABTAAPcmVhbG1QcmluY2lwYWxzdAAPTGphdmEvdXRpbC9NYXA7eHBzcgAXamF2YS51dGlsLkxpbmtlZEhhc2hNYXA0wE5cEGzA+wIAAVoAC2FjY2Vzc09yZGVyeHEAfgAGP0AAAAAAAAx3CAAAABAAAAABdAAMTXlTaGlyb1JlYW1sc3IAF2phdmEudXRpbC5MaW5rZWRIYXNoU2V02GzXWpXdKh4CAAB4cgARamF2YS51dGlsLkhhc2hTZXS6RIWVlri3NAMAAHhwdwwAAAAQP0AAAAAAAAFzcgAfY29tLnRzLm1vZHVsZS5zeXN0ZW0ubW9kZWwuVXNlcgAAAAAAAAABAgAHSQAGaXNTdG9wSQAGdXNlcklkTAAHYWNjb3VudHQAEkxqYXZhL2xhbmcvU3RyaW5nO0wAB29yZ0NvZGVxAH4AE0wACHBhc3N3b3JkcQB+ABNMAAhwb3N0Q29kZXEAfgATTAAIdXNlck5hbWVxAH4AE3hwAAAAAAAAAAJ0AAVhZG1pbnQAAzEwMnQAATF0AAUxMDIwMXQABWFkbWlueHgAdwEBcQB+AA14eHg=', 'Pj9oScWCoCUNJlnAXA9lPQ==');
INSERT INTO `s_session_log` VALUES ('34', '94e5a5ee-0c3e-4c0f-b1d8-eb9662ccc064', '127.0.0.1', '1800000', '2019-01-21 10:59:47', '2019-01-21 11:40:02', '40分15秒', '2', 'admin', 'admin', 'rO0ABXNyACpvcmcuYXBhY2hlLnNoaXJvLnNlc3Npb24ubWd0LlNpbXBsZVNlc3Npb26dHKG41YxibgMAAHhwdwIA23QAJDk0ZTVhNWVlLTBjM2UtNGMwZi1iMWQ4LWViOTY2MmNjYzA2NHNyAA5qYXZhLnV0aWwuRGF0ZWhqgQFLWXQZAwAAeHB3CAAAAWhuWYf3eHNxAH4AA3cIAAABaG5+Ycd4dxkAAAAAABt3QAAPMDowOjA6MDowOjA6MDoxc3IAEWphdmEudXRpbC5IYXNoTWFwBQfawcMWYNEDAAJGAApsb2FkRmFjdG9ySQAJdGhyZXNob2xkeHA/QAAAAAAADHcIAAAAEAAAAAF0AE1vcmcuYXBhY2hlLnNoaXJvLnN1YmplY3Quc3VwcG9ydC5EZWZhdWx0U3ViamVjdENvbnRleHRfUFJJTkNJUEFMU19TRVNTSU9OX0tFWXNyADJvcmcuYXBhY2hlLnNoaXJvLnN1YmplY3QuU2ltcGxlUHJpbmNpcGFsQ29sbGVjdGlvbqh/WCXGowhKAwABTAAPcmVhbG1QcmluY2lwYWxzdAAPTGphdmEvdXRpbC9NYXA7eHBzcgAXamF2YS51dGlsLkxpbmtlZEhhc2hNYXA0wE5cEGzA+wIAAVoAC2FjY2Vzc09yZGVyeHEAfgAGP0AAAAAAAAx3CAAAABAAAAABdAAMTXlTaGlyb1JlYW1sc3IAF2phdmEudXRpbC5MaW5rZWRIYXNoU2V02GzXWpXdKh4CAAB4cgARamF2YS51dGlsLkhhc2hTZXS6RIWVlri3NAMAAHhwdwwAAAACP0AAAAAAAAFzcgAfY29tLnRzLm1vZHVsZS5zeXN0ZW0ubW9kZWwuVXNlcgAAAAAAAAABAgAHSQAGaXNTdG9wSQAGdXNlcklkTAAHYWNjb3VudHQAEkxqYXZhL2xhbmcvU3RyaW5nO0wAB29yZ0NvZGVxAH4AE0wACHBhc3N3b3JkcQB+ABNMAAhwb3N0Q29kZXEAfgATTAAIdXNlck5hbWVxAH4AE3hwAAAAAAAAAAJ0AAVhZG1pbnQAAzEwMnQAATF0AAUxMDIwMXQABWFkbWlueHgAdwEBcQB+AA14eHg=', 'F8eCkpcDOy5jYw7hjjJj4Q==');
INSERT INTO `s_session_log` VALUES ('35', 'ec1d3e87-4cb5-4451-9179-7b7d95388a2c', '127.0.0.1', '1800000', '2019-01-21 11:40:03', '2019-01-21 11:40:04', '0分1秒', '2', 'admin', 'admin', 'rO0ABXNyACpvcmcuYXBhY2hlLnNoaXJvLnNlc3Npb24ubWd0LlNpbXBsZVNlc3Npb26dHKG41YxibgMAAHhwdwIA23QAJGVjMWQzZTg3LTRjYjUtNDQ1MS05MTc5LTdiN2Q5NTM4OGEyY3NyAA5qYXZhLnV0aWwuRGF0ZWhqgQFLWXQZAwAAeHB3CAAAAWhufmJHeHNxAH4AA3cIAAABaG5+aEl4dxkAAAAAABt3QAAPMDowOjA6MDowOjA6MDoxc3IAEWphdmEudXRpbC5IYXNoTWFwBQfawcMWYNEDAAJGAApsb2FkRmFjdG9ySQAJdGhyZXNob2xkeHA/QAAAAAAADHcIAAAAEAAAAAJ0AFBvcmcuYXBhY2hlLnNoaXJvLnN1YmplY3Quc3VwcG9ydC5EZWZhdWx0U3ViamVjdENvbnRleHRfQVVUSEVOVElDQVRFRF9TRVNTSU9OX0tFWXNyABFqYXZhLmxhbmcuQm9vbGVhbs0gcoDVnPruAgABWgAFdmFsdWV4cAF0AE1vcmcuYXBhY2hlLnNoaXJvLnN1YmplY3Quc3VwcG9ydC5EZWZhdWx0U3ViamVjdENvbnRleHRfUFJJTkNJUEFMU19TRVNTSU9OX0tFWXNyADJvcmcuYXBhY2hlLnNoaXJvLnN1YmplY3QuU2ltcGxlUHJpbmNpcGFsQ29sbGVjdGlvbqh/WCXGowhKAwABTAAPcmVhbG1QcmluY2lwYWxzdAAPTGphdmEvdXRpbC9NYXA7eHBzcgAXamF2YS51dGlsLkxpbmtlZEhhc2hNYXA0wE5cEGzA+wIAAVoAC2FjY2Vzc09yZGVyeHEAfgAGP0AAAAAAAAx3CAAAABAAAAABdAAMTXlTaGlyb1JlYW1sc3IAF2phdmEudXRpbC5MaW5rZWRIYXNoU2V02GzXWpXdKh4CAAB4cgARamF2YS51dGlsLkhhc2hTZXS6RIWVlri3NAMAAHhwdwwAAAAQP0AAAAAAAAFzcgAfY29tLnRzLm1vZHVsZS5zeXN0ZW0ubW9kZWwuVXNlcgAAAAAAAAABAgAHSQAGaXNTdG9wSQAGdXNlcklkTAAHYWNjb3VudHQAEkxqYXZhL2xhbmcvU3RyaW5nO0wAB29yZ0NvZGVxAH4AFkwACHBhc3N3b3JkcQB+ABZMAAhwb3N0Q29kZXEAfgAWTAAIdXNlck5hbWVxAH4AFnhwAAAAAAAAAAJ0AAVhZG1pbnQAAzEwMnQAATF0AAUxMDIwMXQABWFkbWlueHgAdwEBcQB+ABB4eHg=', 'iTvTLiOZTlRoOrcr+vpcng==');
INSERT INTO `s_session_log` VALUES ('36', '427fe326-2e63-42bf-b7ce-c72be3dc9932', '127.0.0.1', '1800000', '2019-01-21 13:36:12', '2019-01-21 13:47:14', '11分2秒', '2', 'admin', 'admin', 'rO0ABXNyACpvcmcuYXBhY2hlLnNoaXJvLnNlc3Npb24ubWd0LlNpbXBsZVNlc3Npb26dHKG41YxibgMAAHhwdwIA23QAJDQyN2ZlMzI2LTJlNjMtNDJiZi1iN2NlLWM3MmJlM2RjOTkzMnNyAA5qYXZhLnV0aWwuRGF0ZWhqgQFLWXQZAwAAeHB3CAAAAWhu6LkTeHNxAH4AA3cIAAABaG7y0/Z4dxkAAAAAABt3QAAPMDowOjA6MDowOjA6MDoxc3IAEWphdmEudXRpbC5IYXNoTWFwBQfawcMWYNEDAAJGAApsb2FkRmFjdG9ySQAJdGhyZXNob2xkeHA/QAAAAAAADHcIAAAAEAAAAAF0AE1vcmcuYXBhY2hlLnNoaXJvLnN1YmplY3Quc3VwcG9ydC5EZWZhdWx0U3ViamVjdENvbnRleHRfUFJJTkNJUEFMU19TRVNTSU9OX0tFWXNyADJvcmcuYXBhY2hlLnNoaXJvLnN1YmplY3QuU2ltcGxlUHJpbmNpcGFsQ29sbGVjdGlvbqh/WCXGowhKAwABTAAPcmVhbG1QcmluY2lwYWxzdAAPTGphdmEvdXRpbC9NYXA7eHBzcgAXamF2YS51dGlsLkxpbmtlZEhhc2hNYXA0wE5cEGzA+wIAAVoAC2FjY2Vzc09yZGVyeHEAfgAGP0AAAAAAAAx3CAAAABAAAAABdAAMTXlTaGlyb1JlYW1sc3IAF2phdmEudXRpbC5MaW5rZWRIYXNoU2V02GzXWpXdKh4CAAB4cgARamF2YS51dGlsLkhhc2hTZXS6RIWVlri3NAMAAHhwdwwAAAACP0AAAAAAAAFzcgAfY29tLnRzLm1vZHVsZS5zeXN0ZW0ubW9kZWwuVXNlcgAAAAAAAAABAgAHSQAGaXNTdG9wSQAGdXNlcklkTAAHYWNjb3VudHQAEkxqYXZhL2xhbmcvU3RyaW5nO0wAB29yZ0NvZGVxAH4AE0wACHBhc3N3b3JkcQB+ABNMAAhwb3N0Q29kZXEAfgATTAAIdXNlck5hbWVxAH4AE3hwAAAAAAAAAAJ0AAVhZG1pbnQAAzEwMnQAATF0AAUxMDIwMXQABWFkbWlueHgAdwEBcQB+AA14eHg=', 'T27c4BX0n0yv5mSJZIOUgA==');
INSERT INTO `s_session_log` VALUES ('37', '4829d6b7-3101-438b-87a5-064a0d1066e7', '127.0.0.1', '1800000', '2019-01-21 13:52:44', '2019-01-21 13:53:11', '0分27秒', '2', 'admin', 'admin', 'rO0ABXNyACpvcmcuYXBhY2hlLnNoaXJvLnNlc3Npb24ubWd0LlNpbXBsZVNlc3Npb26dHKG41YxibgMAAHhwdwIA23QAJDQ4MjlkNmI3LTMxMDEtNDM4Yi04N2E1LTA2NGEwZDEwNjZlN3NyAA5qYXZhLnV0aWwuRGF0ZWhqgQFLWXQZAwAAeHB3CAAAAWhu9970eHNxAH4AA3cIAAABaG74RaR4dxkAAAAAABt3QAAPMDowOjA6MDowOjA6MDoxc3IAEWphdmEudXRpbC5IYXNoTWFwBQfawcMWYNEDAAJGAApsb2FkRmFjdG9ySQAJdGhyZXNob2xkeHA/QAAAAAAADHcIAAAAEAAAAAF0AE1vcmcuYXBhY2hlLnNoaXJvLnN1YmplY3Quc3VwcG9ydC5EZWZhdWx0U3ViamVjdENvbnRleHRfUFJJTkNJUEFMU19TRVNTSU9OX0tFWXNyADJvcmcuYXBhY2hlLnNoaXJvLnN1YmplY3QuU2ltcGxlUHJpbmNpcGFsQ29sbGVjdGlvbqh/WCXGowhKAwABTAAPcmVhbG1QcmluY2lwYWxzdAAPTGphdmEvdXRpbC9NYXA7eHBzcgAXamF2YS51dGlsLkxpbmtlZEhhc2hNYXA0wE5cEGzA+wIAAVoAC2FjY2Vzc09yZGVyeHEAfgAGP0AAAAAAAAx3CAAAABAAAAABdAAMTXlTaGlyb1JlYW1sc3IAF2phdmEudXRpbC5MaW5rZWRIYXNoU2V02GzXWpXdKh4CAAB4cgARamF2YS51dGlsLkhhc2hTZXS6RIWVlri3NAMAAHhwdwwAAAACP0AAAAAAAAFzcgAfY29tLnRzLm1vZHVsZS5zeXN0ZW0ubW9kZWwuVXNlcgAAAAAAAAABAgAHSQAGaXNTdG9wSQAGdXNlcklkTAAHYWNjb3VudHQAEkxqYXZhL2xhbmcvU3RyaW5nO0wAB29yZ0NvZGVxAH4AE0wACHBhc3N3b3JkcQB+ABNMAAhwb3N0Q29kZXEAfgATTAAIdXNlck5hbWVxAH4AE3hwAAAAAAAAAAJ0AAVhZG1pbnQAAzEwMnQAATF0AAUxMDIwMXQABWFkbWlueHgAdwEBcQB+AA14eHg=', 'ZdjAEVOH5FC9a2pM/65xmQ==');
INSERT INTO `s_session_log` VALUES ('38', '6e9b09c6-ce28-4ad9-ad44-25813fcc0af6', '127.0.0.1', '1800000', '2019-01-21 13:53:17', '2019-01-21 13:53:19', '0分2秒', '2', 'admin', 'admin', 'rO0ABXNyACpvcmcuYXBhY2hlLnNoaXJvLnNlc3Npb24ubWd0LlNpbXBsZVNlc3Npb26dHKG41YxibgMAAHhwdwIA23QAJDZlOWIwOWM2LWNlMjgtNGFkOS1hZDQ0LTI1ODEzZmNjMGFmNnNyAA5qYXZhLnV0aWwuRGF0ZWhqgQFLWXQZAwAAeHB3CAAAAWhu+F7KeHNxAH4AA3cIAAABaG74ZgR4dxkAAAAAABt3QAAPMDowOjA6MDowOjA6MDoxc3IAEWphdmEudXRpbC5IYXNoTWFwBQfawcMWYNEDAAJGAApsb2FkRmFjdG9ySQAJdGhyZXNob2xkeHA/QAAAAAAADHcIAAAAEAAAAAJ0AFBvcmcuYXBhY2hlLnNoaXJvLnN1YmplY3Quc3VwcG9ydC5EZWZhdWx0U3ViamVjdENvbnRleHRfQVVUSEVOVElDQVRFRF9TRVNTSU9OX0tFWXNyABFqYXZhLmxhbmcuQm9vbGVhbs0gcoDVnPruAgABWgAFdmFsdWV4cAF0AE1vcmcuYXBhY2hlLnNoaXJvLnN1YmplY3Quc3VwcG9ydC5EZWZhdWx0U3ViamVjdENvbnRleHRfUFJJTkNJUEFMU19TRVNTSU9OX0tFWXNyADJvcmcuYXBhY2hlLnNoaXJvLnN1YmplY3QuU2ltcGxlUHJpbmNpcGFsQ29sbGVjdGlvbqh/WCXGowhKAwABTAAPcmVhbG1QcmluY2lwYWxzdAAPTGphdmEvdXRpbC9NYXA7eHBzcgAXamF2YS51dGlsLkxpbmtlZEhhc2hNYXA0wE5cEGzA+wIAAVoAC2FjY2Vzc09yZGVyeHEAfgAGP0AAAAAAAAx3CAAAABAAAAABdAAMTXlTaGlyb1JlYW1sc3IAF2phdmEudXRpbC5MaW5rZWRIYXNoU2V02GzXWpXdKh4CAAB4cgARamF2YS51dGlsLkhhc2hTZXS6RIWVlri3NAMAAHhwdwwAAAAQP0AAAAAAAAFzcgAfY29tLnRzLm1vZHVsZS5zeXN0ZW0ubW9kZWwuVXNlcgAAAAAAAAABAgAHSQAGaXNTdG9wSQAGdXNlcklkTAAHYWNjb3VudHQAEkxqYXZhL2xhbmcvU3RyaW5nO0wAB29yZ0NvZGVxAH4AFkwACHBhc3N3b3JkcQB+ABZMAAhwb3N0Q29kZXEAfgAWTAAIdXNlck5hbWVxAH4AFnhwAAAAAAAAAAJ0AAVhZG1pbnQAAzEwMnQAATF0AAUxMDIwMXQABWFkbWlueHgAdwEBcQB+ABB4eHg=', '0seymVqNvS/mokppCI1tiQ==');
INSERT INTO `s_session_log` VALUES ('39', 'b5b6c4e5-9570-45b1-8b29-ca8f78a6e0c9', '127.0.0.1', '1800000', '2019-01-21 13:54:23', '2019-01-21 14:04:05', '9分42秒', '2', 'admin', 'admin', 'rO0ABXNyACpvcmcuYXBhY2hlLnNoaXJvLnNlc3Npb24ubWd0LlNpbXBsZVNlc3Npb26dHKG41YxibgMAAHhwdwIA23QAJGI1YjZjNGU1LTk1NzAtNDViMS04YjI5LWNhOGY3OGE2ZTBjOXNyAA5qYXZhLnV0aWwuRGF0ZWhqgQFLWXQZAwAAeHB3CAAAAWhu+WBReHNxAH4AA3cIAAABaG8CQCR4dxkAAAAAABt3QAAPMDowOjA6MDowOjA6MDoxc3IAEWphdmEudXRpbC5IYXNoTWFwBQfawcMWYNEDAAJGAApsb2FkRmFjdG9ySQAJdGhyZXNob2xkeHA/QAAAAAAADHcIAAAAEAAAAAN0AAdraWNrb3V0c3IAEWphdmEubGFuZy5Cb29sZWFuzSBygNWc+u4CAAFaAAV2YWx1ZXhwAXQAUG9yZy5hcGFjaGUuc2hpcm8uc3ViamVjdC5zdXBwb3J0LkRlZmF1bHRTdWJqZWN0Q29udGV4dF9BVVRIRU5USUNBVEVEX1NFU1NJT05fS0VZc3EAfgAJAXQATW9yZy5hcGFjaGUuc2hpcm8uc3ViamVjdC5zdXBwb3J0LkRlZmF1bHRTdWJqZWN0Q29udGV4dF9QUklOQ0lQQUxTX1NFU1NJT05fS0VZc3IAMm9yZy5hcGFjaGUuc2hpcm8uc3ViamVjdC5TaW1wbGVQcmluY2lwYWxDb2xsZWN0aW9uqH9YJcajCEoDAAFMAA9yZWFsbVByaW5jaXBhbHN0AA9MamF2YS91dGlsL01hcDt4cHNyABdqYXZhLnV0aWwuTGlua2VkSGFzaE1hcDTATlwQbMD7AgABWgALYWNjZXNzT3JkZXJ4cQB+AAY/QAAAAAAADHcIAAAAEAAAAAF0AAxNeVNoaXJvUmVhbWxzcgAXamF2YS51dGlsLkxpbmtlZEhhc2hTZXTYbNdald0qHgIAAHhyABFqYXZhLnV0aWwuSGFzaFNldLpEhZWWuLc0AwAAeHB3DAAAAAI/QAAAAAAAAXNyAB9jb20udHMubW9kdWxlLnN5c3RlbS5tb2RlbC5Vc2VyAAAAAAAAAAECAAdJAAZpc1N0b3BJAAZ1c2VySWRMAAdhY2NvdW50dAASTGphdmEvbGFuZy9TdHJpbmc7TAAHb3JnQ29kZXEAfgAYTAAIcGFzc3dvcmRxAH4AGEwACHBvc3RDb2RlcQB+ABhMAAh1c2VyTmFtZXEAfgAYeHAAAAAAAAAAAnQABWFkbWludAADMTAydAABMXQABTEwMjAxdAAFYWRtaW54eAB3AQFxAH4AEnh4eA==', 'mqYXD9qIL1oo5r/sY1zlPQ==');
INSERT INTO `s_session_log` VALUES ('40', '0f2bf3d1-4400-4ff3-a17d-4a0b44c9e11e', '127.0.0.1', '1800000', '2019-01-21 14:04:11', '2019-01-21 14:04:58', '0分47秒', '2', 'admin', 'admin', 'rO0ABXNyACpvcmcuYXBhY2hlLnNoaXJvLnNlc3Npb24ubWd0LlNpbXBsZVNlc3Npb26dHKG41YxibgMAAHhwdwIA23QAJDBmMmJmM2QxLTQ0MDAtNGZmMy1hMTdkLTRhMGI0NGM5ZTExZXNyAA5qYXZhLnV0aWwuRGF0ZWhqgQFLWXQZAwAAeHB3CAAAAWhvAlg5eHNxAH4AA3cIAAABaG8DEop4dxkAAAAAABt3QAAPMDowOjA6MDowOjA6MDoxc3IAEWphdmEudXRpbC5IYXNoTWFwBQfawcMWYNEDAAJGAApsb2FkRmFjdG9ySQAJdGhyZXNob2xkeHA/QAAAAAAADHcIAAAAEAAAAAF0AE1vcmcuYXBhY2hlLnNoaXJvLnN1YmplY3Quc3VwcG9ydC5EZWZhdWx0U3ViamVjdENvbnRleHRfUFJJTkNJUEFMU19TRVNTSU9OX0tFWXNyADJvcmcuYXBhY2hlLnNoaXJvLnN1YmplY3QuU2ltcGxlUHJpbmNpcGFsQ29sbGVjdGlvbqh/WCXGowhKAwABTAAPcmVhbG1QcmluY2lwYWxzdAAPTGphdmEvdXRpbC9NYXA7eHBzcgAXamF2YS51dGlsLkxpbmtlZEhhc2hNYXA0wE5cEGzA+wIAAVoAC2FjY2Vzc09yZGVyeHEAfgAGP0AAAAAAAAx3CAAAABAAAAABdAAMTXlTaGlyb1JlYW1sc3IAF2phdmEudXRpbC5MaW5rZWRIYXNoU2V02GzXWpXdKh4CAAB4cgARamF2YS51dGlsLkhhc2hTZXS6RIWVlri3NAMAAHhwdwwAAAAQP0AAAAAAAAFzcgAfY29tLnRzLm1vZHVsZS5zeXN0ZW0ubW9kZWwuVXNlcgAAAAAAAAABAgAHSQAGaXNTdG9wSQAGdXNlcklkTAAHYWNjb3VudHQAEkxqYXZhL2xhbmcvU3RyaW5nO0wAB29yZ0NvZGVxAH4AE0wACHBhc3N3b3JkcQB+ABNMAAhwb3N0Q29kZXEAfgATTAAIdXNlck5hbWVxAH4AE3hwAAAAAAAAAAJ0AAVhZG1pbnQAAzEwMnQAATF0AAUxMDIwMXQABWFkbWlueHgAdwEBcQB+AA14eHg=', '6m/iUzkoIlHz5LPxpXD4Ug==');
INSERT INTO `s_session_log` VALUES ('41', '7c18679b-cb81-4682-86db-cfba26878458', '127.0.0.1', '1800000', '2019-01-21 14:04:58', '2019-01-21 14:05:56', '0分58秒', '1', '测试', '123', 'rO0ABXNyACpvcmcuYXBhY2hlLnNoaXJvLnNlc3Npb24ubWd0LlNpbXBsZVNlc3Npb26dHKG41YxibgMAAHhwdwIA23QAJDdjMTg2NzliLWNiODEtNDY4Mi04NmRiLWNmYmEyNjg3ODQ1OHNyAA5qYXZhLnV0aWwuRGF0ZWhqgQFLWXQZAwAAeHB3CAAAAWhvAxKweHNxAH4AA3cIAAABaG8D9MZ4dxkAAAAAABt3QAAPMDowOjA6MDowOjA6MDoxc3IAEWphdmEudXRpbC5IYXNoTWFwBQfawcMWYNEDAAJGAApsb2FkRmFjdG9ySQAJdGhyZXNob2xkeHA/QAAAAAAADHcIAAAAEAAAAAF0AE1vcmcuYXBhY2hlLnNoaXJvLnN1YmplY3Quc3VwcG9ydC5EZWZhdWx0U3ViamVjdENvbnRleHRfUFJJTkNJUEFMU19TRVNTSU9OX0tFWXNyADJvcmcuYXBhY2hlLnNoaXJvLnN1YmplY3QuU2ltcGxlUHJpbmNpcGFsQ29sbGVjdGlvbqh/WCXGowhKAwABTAAPcmVhbG1QcmluY2lwYWxzdAAPTGphdmEvdXRpbC9NYXA7eHBzcgAXamF2YS51dGlsLkxpbmtlZEhhc2hNYXA0wE5cEGzA+wIAAVoAC2FjY2Vzc09yZGVyeHEAfgAGP0AAAAAAAAx3CAAAABAAAAABdAAMTXlTaGlyb1JlYW1sc3IAF2phdmEudXRpbC5MaW5rZWRIYXNoU2V02GzXWpXdKh4CAAB4cgARamF2YS51dGlsLkhhc2hTZXS6RIWVlri3NAMAAHhwdwwAAAAQP0AAAAAAAAFzcgAfY29tLnRzLm1vZHVsZS5zeXN0ZW0ubW9kZWwuVXNlcgAAAAAAAAABAgAHSQAGaXNTdG9wSQAGdXNlcklkTAAHYWNjb3VudHQAEkxqYXZhL2xhbmcvU3RyaW5nO0wAB29yZ0NvZGVxAH4AE0wACHBhc3N3b3JkcQB+ABNMAAhwb3N0Q29kZXEAfgATTAAIdXNlck5hbWVxAH4AE3hwAAAAAAAAAAF0AAMxMjN0AAMxMDF0AAMxMjN0AAUxMDEwMXQABua1i+ivlXh4AHcBAXEAfgANeHh4', 'ipfwCOdm4XTWSPTkaWh+jQ==');
INSERT INTO `s_session_log` VALUES ('42', '8f396815-d05b-44e2-a6ef-384f978d3485', '127.0.0.1', '1800000', '2019-01-21 14:05:56', '2019-01-21 14:15:40', '9分44秒', '1', '测试', '123', 'rO0ABXNyACpvcmcuYXBhY2hlLnNoaXJvLnNlc3Npb24ubWd0LlNpbXBsZVNlc3Npb26dHKG41YxibgMAAHhwdwIA23QAJDhmMzk2ODE1LWQwNWItNDRlMi1hNmVmLTM4NGY5NzhkMzQ4NXNyAA5qYXZhLnV0aWwuRGF0ZWhqgQFLWXQZAwAAeHB3CAAAAWhvA/TfeHNxAH4AA3cIAAABaG8M3g94dxkAAAAAABt3QAAPMDowOjA6MDowOjA6MDoxc3IAEWphdmEudXRpbC5IYXNoTWFwBQfawcMWYNEDAAJGAApsb2FkRmFjdG9ySQAJdGhyZXNob2xkeHA/QAAAAAAADHcIAAAAEAAAAAN0AAdraWNrb3V0c3IAEWphdmEubGFuZy5Cb29sZWFuzSBygNWc+u4CAAFaAAV2YWx1ZXhwAXQAUG9yZy5hcGFjaGUuc2hpcm8uc3ViamVjdC5zdXBwb3J0LkRlZmF1bHRTdWJqZWN0Q29udGV4dF9BVVRIRU5USUNBVEVEX1NFU1NJT05fS0VZcQB+AAp0AE1vcmcuYXBhY2hlLnNoaXJvLnN1YmplY3Quc3VwcG9ydC5EZWZhdWx0U3ViamVjdENvbnRleHRfUFJJTkNJUEFMU19TRVNTSU9OX0tFWXNyADJvcmcuYXBhY2hlLnNoaXJvLnN1YmplY3QuU2ltcGxlUHJpbmNpcGFsQ29sbGVjdGlvbqh/WCXGowhKAwABTAAPcmVhbG1QcmluY2lwYWxzdAAPTGphdmEvdXRpbC9NYXA7eHBzcgAXamF2YS51dGlsLkxpbmtlZEhhc2hNYXA0wE5cEGzA+wIAAVoAC2FjY2Vzc09yZGVyeHEAfgAGP0AAAAAAAAx3CAAAABAAAAABdAAMTXlTaGlyb1JlYW1sc3IAF2phdmEudXRpbC5MaW5rZWRIYXNoU2V02GzXWpXdKh4CAAB4cgARamF2YS51dGlsLkhhc2hTZXS6RIWVlri3NAMAAHhwdwwAAAAQP0AAAAAAAAFzcgAfY29tLnRzLm1vZHVsZS5zeXN0ZW0ubW9kZWwuVXNlcgAAAAAAAAABAgAHSQAGaXNTdG9wSQAGdXNlcklkTAAHYWNjb3VudHQAEkxqYXZhL2xhbmcvU3RyaW5nO0wAB29yZ0NvZGVxAH4AF0wACHBhc3N3b3JkcQB+ABdMAAhwb3N0Q29kZXEAfgAXTAAIdXNlck5hbWVxAH4AF3hwAAAAAAAAAAF0AAMxMjN0AAMxMDF0AAMxMjN0AAUxMDEwMXQABua1i+ivlXh4AHcBAXEAfgAReHh4', 'HT6iG5sCz3jGzO+2FjSL6w==');
INSERT INTO `s_session_log` VALUES ('43', 'd5d6a8e2-d7cb-4638-8db0-232579eff021', '127.0.0.1', '1800000', '2019-01-21 14:15:52', '2019-01-21 14:16:24', '0分32秒', '1', '测试', '123', 'rO0ABXNyACpvcmcuYXBhY2hlLnNoaXJvLnNlc3Npb24ubWd0LlNpbXBsZVNlc3Npb26dHKG41YxibgMAAHhwdwIA23QAJGQ1ZDZhOGUyLWQ3Y2ItNDYzOC04ZGIwLTIzMjU3OWVmZjAyMXNyAA5qYXZhLnV0aWwuRGF0ZWhqgQFLWXQZAwAAeHB3CAAAAWhvDQrbeHNxAH4AA3cIAAABaG8Nh6t4dxkAAAAAABt3QAAPMDowOjA6MDowOjA6MDoxc3IAEWphdmEudXRpbC5IYXNoTWFwBQfawcMWYNEDAAJGAApsb2FkRmFjdG9ySQAJdGhyZXNob2xkeHA/QAAAAAAADHcIAAAAEAAAAAF0AE1vcmcuYXBhY2hlLnNoaXJvLnN1YmplY3Quc3VwcG9ydC5EZWZhdWx0U3ViamVjdENvbnRleHRfUFJJTkNJUEFMU19TRVNTSU9OX0tFWXNyADJvcmcuYXBhY2hlLnNoaXJvLnN1YmplY3QuU2ltcGxlUHJpbmNpcGFsQ29sbGVjdGlvbqh/WCXGowhKAwABTAAPcmVhbG1QcmluY2lwYWxzdAAPTGphdmEvdXRpbC9NYXA7eHBzcgAXamF2YS51dGlsLkxpbmtlZEhhc2hNYXA0wE5cEGzA+wIAAVoAC2FjY2Vzc09yZGVyeHEAfgAGP0AAAAAAAAx3CAAAABAAAAABdAAMTXlTaGlyb1JlYW1sc3IAF2phdmEudXRpbC5MaW5rZWRIYXNoU2V02GzXWpXdKh4CAAB4cgARamF2YS51dGlsLkhhc2hTZXS6RIWVlri3NAMAAHhwdwwAAAAQP0AAAAAAAAFzcgAfY29tLnRzLm1vZHVsZS5zeXN0ZW0ubW9kZWwuVXNlcgAAAAAAAAABAgAHSQAGaXNTdG9wSQAGdXNlcklkTAAHYWNjb3VudHQAEkxqYXZhL2xhbmcvU3RyaW5nO0wAB29yZ0NvZGVxAH4AE0wACHBhc3N3b3JkcQB+ABNMAAhwb3N0Q29kZXEAfgATTAAIdXNlck5hbWVxAH4AE3hwAAAAAAAAAAF0AAMxMjN0AAMxMDF0AAMxMjN0AAUxMDEwMXQABua1i+ivlXh4AHcBAXEAfgANeHh4', 'm2rv7eLWLP2UzHB/IjR2fQ==');
INSERT INTO `s_session_log` VALUES ('44', '484f3e8b-0c91-4c74-95aa-ea237d30ee5e', '127.0.0.1', '1800000', '2019-01-21 14:26:15', '2019-01-21 14:27:07', '0分52秒', '1', '测试', '123', 'rO0ABXNyACpvcmcuYXBhY2hlLnNoaXJvLnNlc3Npb24ubWd0LlNpbXBsZVNlc3Npb26dHKG41YxibgMAAHhwdwIA23QAJDQ4NGYzZThiLTBjOTEtNGM3NC05NWFhLWVhMjM3ZDMwZWU1ZXNyAA5qYXZhLnV0aWwuRGF0ZWhqgQFLWXQZAwAAeHB3CAAAAWhvFo5TeHNxAH4AA3cIAAABaG8XWjp4dxkAAAAAABt3QAAPMDowOjA6MDowOjA6MDoxc3IAEWphdmEudXRpbC5IYXNoTWFwBQfawcMWYNEDAAJGAApsb2FkRmFjdG9ySQAJdGhyZXNob2xkeHA/QAAAAAAADHcIAAAAEAAAAAF0AE1vcmcuYXBhY2hlLnNoaXJvLnN1YmplY3Quc3VwcG9ydC5EZWZhdWx0U3ViamVjdENvbnRleHRfUFJJTkNJUEFMU19TRVNTSU9OX0tFWXNyADJvcmcuYXBhY2hlLnNoaXJvLnN1YmplY3QuU2ltcGxlUHJpbmNpcGFsQ29sbGVjdGlvbqh/WCXGowhKAwABTAAPcmVhbG1QcmluY2lwYWxzdAAPTGphdmEvdXRpbC9NYXA7eHBzcgAXamF2YS51dGlsLkxpbmtlZEhhc2hNYXA0wE5cEGzA+wIAAVoAC2FjY2Vzc09yZGVyeHEAfgAGP0AAAAAAAAx3CAAAABAAAAABdAAMTXlTaGlyb1JlYW1sc3IAF2phdmEudXRpbC5MaW5rZWRIYXNoU2V02GzXWpXdKh4CAAB4cgARamF2YS51dGlsLkhhc2hTZXS6RIWVlri3NAMAAHhwdwwAAAAQP0AAAAAAAAFzcgAfY29tLnRzLm1vZHVsZS5zeXN0ZW0ubW9kZWwuVXNlcgAAAAAAAAABAgAHSQAGaXNTdG9wSQAGdXNlcklkTAAHYWNjb3VudHQAEkxqYXZhL2xhbmcvU3RyaW5nO0wAB29yZ0NvZGVxAH4AE0wACHBhc3N3b3JkcQB+ABNMAAhwb3N0Q29kZXEAfgATTAAIdXNlck5hbWVxAH4AE3hwAAAAAAAAAAF0AAMxMjN0AAMxMDF0AAMxMjN0AAUxMDEwMXQABua1i+ivlXh4AHcBAXEAfgANeHh4', 'I1CWAxenrptLCUC7ckGKIw==');
INSERT INTO `s_session_log` VALUES ('45', '501c399d-af2c-4905-aacd-8f3875a16ddf', '127.0.0.1', '1800000', '2019-01-21 14:36:47', '2019-01-21 14:41:08', '4分21秒', '1', '测试', '123', 'rO0ABXNyACpvcmcuYXBhY2hlLnNoaXJvLnNlc3Npb24ubWd0LlNpbXBsZVNlc3Npb26dHKG41YxibgMAAHhwdwIA23QAJDUwMWMzOTlkLWFmMmMtNDkwNS1hYWNkLThmMzg3NWExNmRkZnNyAA5qYXZhLnV0aWwuRGF0ZWhqgQFLWXQZAwAAeHB3CAAAAWhvIDAneHNxAH4AA3cIAAABaG8kLI94dxkAAAAAABt3QAAPMDowOjA6MDowOjA6MDoxc3IAEWphdmEudXRpbC5IYXNoTWFwBQfawcMWYNEDAAJGAApsb2FkRmFjdG9ySQAJdGhyZXNob2xkeHA/QAAAAAAADHcIAAAAEAAAAAN0AAdraWNrb3V0c3IAEWphdmEubGFuZy5Cb29sZWFuzSBygNWc+u4CAAFaAAV2YWx1ZXhwAXQAUG9yZy5hcGFjaGUuc2hpcm8uc3ViamVjdC5zdXBwb3J0LkRlZmF1bHRTdWJqZWN0Q29udGV4dF9BVVRIRU5USUNBVEVEX1NFU1NJT05fS0VZc3EAfgAJAXQATW9yZy5hcGFjaGUuc2hpcm8uc3ViamVjdC5zdXBwb3J0LkRlZmF1bHRTdWJqZWN0Q29udGV4dF9QUklOQ0lQQUxTX1NFU1NJT05fS0VZc3IAMm9yZy5hcGFjaGUuc2hpcm8uc3ViamVjdC5TaW1wbGVQcmluY2lwYWxDb2xsZWN0aW9uqH9YJcajCEoDAAFMAA9yZWFsbVByaW5jaXBhbHN0AA9MamF2YS91dGlsL01hcDt4cHNyABdqYXZhLnV0aWwuTGlua2VkSGFzaE1hcDTATlwQbMD7AgABWgALYWNjZXNzT3JkZXJ4cQB+AAY/QAAAAAAADHcIAAAAEAAAAAF0AAxNeVNoaXJvUmVhbWxzcgAXamF2YS51dGlsLkxpbmtlZEhhc2hTZXTYbNdald0qHgIAAHhyABFqYXZhLnV0aWwuSGFzaFNldLpEhZWWuLc0AwAAeHB3DAAAAAI/QAAAAAAAAXNyAB9jb20udHMubW9kdWxlLnN5c3RlbS5tb2RlbC5Vc2VyAAAAAAAAAAECAAdJAAZpc1N0b3BJAAZ1c2VySWRMAAdhY2NvdW50dAASTGphdmEvbGFuZy9TdHJpbmc7TAAHb3JnQ29kZXEAfgAYTAAIcGFzc3dvcmRxAH4AGEwACHBvc3RDb2RlcQB+ABhMAAh1c2VyTmFtZXEAfgAYeHAAAAAAAAAAAXQAAzEyM3QAAzEwMXQAAzEyM3QABTEwMTAxdAAG5rWL6K+VeHgAdwEBcQB+ABJ4eHg=', 'd8P03sqq2HcAQLgVpwdt2w==');
INSERT INTO `s_session_log` VALUES ('46', '260f89e7-cb43-4752-b48d-be8b4dbd887a', '127.0.0.1', '1800000', '2019-01-21 14:41:08', '2019-01-21 15:02:03', '20分55秒', '1', '测试', '123', 'rO0ABXNyACpvcmcuYXBhY2hlLnNoaXJvLnNlc3Npb24ubWd0LlNpbXBsZVNlc3Npb26dHKG41YxibgMAAHhwdwIA23QAJDI2MGY4OWU3LWNiNDMtNDc1Mi1iNDhkLWJlOGI0ZGJkODg3YXNyAA5qYXZhLnV0aWwuRGF0ZWhqgQFLWXQZAwAAeHB3CAAAAWhvJC07eHNxAH4AA3cIAAABaG83VYJ4dxkAAAAAABt3QAAPMDowOjA6MDowOjA6MDoxc3IAEWphdmEudXRpbC5IYXNoTWFwBQfawcMWYNEDAAJGAApsb2FkRmFjdG9ySQAJdGhyZXNob2xkeHA/QAAAAAAADHcIAAAAEAAAAAF0AE1vcmcuYXBhY2hlLnNoaXJvLnN1YmplY3Quc3VwcG9ydC5EZWZhdWx0U3ViamVjdENvbnRleHRfUFJJTkNJUEFMU19TRVNTSU9OX0tFWXNyADJvcmcuYXBhY2hlLnNoaXJvLnN1YmplY3QuU2ltcGxlUHJpbmNpcGFsQ29sbGVjdGlvbqh/WCXGowhKAwABTAAPcmVhbG1QcmluY2lwYWxzdAAPTGphdmEvdXRpbC9NYXA7eHBzcgAXamF2YS51dGlsLkxpbmtlZEhhc2hNYXA0wE5cEGzA+wIAAVoAC2FjY2Vzc09yZGVyeHEAfgAGP0AAAAAAAAx3CAAAABAAAAABdAAMTXlTaGlyb1JlYW1sc3IAF2phdmEudXRpbC5MaW5rZWRIYXNoU2V02GzXWpXdKh4CAAB4cgARamF2YS51dGlsLkhhc2hTZXS6RIWVlri3NAMAAHhwdwwAAAACP0AAAAAAAAFzcgAfY29tLnRzLm1vZHVsZS5zeXN0ZW0ubW9kZWwuVXNlcgAAAAAAAAABAgAHSQAGaXNTdG9wSQAGdXNlcklkTAAHYWNjb3VudHQAEkxqYXZhL2xhbmcvU3RyaW5nO0wAB29yZ0NvZGVxAH4AE0wACHBhc3N3b3JkcQB+ABNMAAhwb3N0Q29kZXEAfgATTAAIdXNlck5hbWVxAH4AE3hwAAAAAAAAAAF0AAMxMjN0AAMxMDF0AAMxMjN0AAUxMDEwMXQABua1i+ivlXh4AHcBAXEAfgANeHh4', '/OT+pttQev6p6Sn5QhIkzw==');
INSERT INTO `s_session_log` VALUES ('47', '42b2ad32-f91f-402c-93d0-140095639cb2', '127.0.0.1', '1800000', '2019-01-21 15:02:04', '2019-01-21 15:02:15', '0分11秒', '1', '测试', '123', 'rO0ABXNyACpvcmcuYXBhY2hlLnNoaXJvLnNlc3Npb24ubWd0LlNpbXBsZVNlc3Npb26dHKG41YxibgMAAHhwdwIA23QAJDQyYjJhZDMyLWY5MWYtNDAyYy05M2QwLTE0MDA5NTYzOWNiMnNyAA5qYXZhLnV0aWwuRGF0ZWhqgQFLWXQZAwAAeHB3CAAAAWhvN1XjeHNxAH4AA3cIAAABaG83gbZ4dxkAAAAAABt3QAAPMDowOjA6MDowOjA6MDoxc3IAEWphdmEudXRpbC5IYXNoTWFwBQfawcMWYNEDAAJGAApsb2FkRmFjdG9ySQAJdGhyZXNob2xkeHA/QAAAAAAADHcIAAAAEAAAAAJ0AFBvcmcuYXBhY2hlLnNoaXJvLnN1YmplY3Quc3VwcG9ydC5EZWZhdWx0U3ViamVjdENvbnRleHRfQVVUSEVOVElDQVRFRF9TRVNTSU9OX0tFWXNyABFqYXZhLmxhbmcuQm9vbGVhbs0gcoDVnPruAgABWgAFdmFsdWV4cAF0AE1vcmcuYXBhY2hlLnNoaXJvLnN1YmplY3Quc3VwcG9ydC5EZWZhdWx0U3ViamVjdENvbnRleHRfUFJJTkNJUEFMU19TRVNTSU9OX0tFWXNyADJvcmcuYXBhY2hlLnNoaXJvLnN1YmplY3QuU2ltcGxlUHJpbmNpcGFsQ29sbGVjdGlvbqh/WCXGowhKAwABTAAPcmVhbG1QcmluY2lwYWxzdAAPTGphdmEvdXRpbC9NYXA7eHBzcgAXamF2YS51dGlsLkxpbmtlZEhhc2hNYXA0wE5cEGzA+wIAAVoAC2FjY2Vzc09yZGVyeHEAfgAGP0AAAAAAAAx3CAAAABAAAAABdAAMTXlTaGlyb1JlYW1sc3IAF2phdmEudXRpbC5MaW5rZWRIYXNoU2V02GzXWpXdKh4CAAB4cgARamF2YS51dGlsLkhhc2hTZXS6RIWVlri3NAMAAHhwdwwAAAAQP0AAAAAAAAFzcgAfY29tLnRzLm1vZHVsZS5zeXN0ZW0ubW9kZWwuVXNlcgAAAAAAAAABAgAHSQAGaXNTdG9wSQAGdXNlcklkTAAHYWNjb3VudHQAEkxqYXZhL2xhbmcvU3RyaW5nO0wAB29yZ0NvZGVxAH4AFkwACHBhc3N3b3JkcQB+ABZMAAhwb3N0Q29kZXEAfgAWTAAIdXNlck5hbWVxAH4AFnhwAAAAAAAAAAF0AAMxMjN0AAMxMDF0AAMxMjN0AAUxMDEwMXQABua1i+ivlXh4AHcBAXEAfgAQeHh4', 'kzJWhzOeWAwv/JdLBGfBWA==');
INSERT INTO `s_session_log` VALUES ('48', '8a722d52-d214-40a0-895a-230aae83827e', '127.0.0.1', '1800000', '2019-01-21 15:59:03', '2019-01-21 15:59:03', '0分0秒', '2', 'admin', 'admin', 'rO0ABXNyACpvcmcuYXBhY2hlLnNoaXJvLnNlc3Npb24ubWd0LlNpbXBsZVNlc3Npb26dHKG41YxibgMAAHhwdwIA23QAJDhhNzIyZDUyLWQyMTQtNDBhMC04OTVhLTIzMGFhZTgzODI3ZXNyAA5qYXZhLnV0aWwuRGF0ZWhqgQFLWXQZAwAAeHB3CAAAAWhva4LfeHEAfgAEdxkAAAAAABt3QAAPMDowOjA6MDowOjA6MDoxc3IAEWphdmEudXRpbC5IYXNoTWFwBQfawcMWYNEDAAJGAApsb2FkRmFjdG9ySQAJdGhyZXNob2xkeHA/QAAAAAAADHcIAAAAEAAAAAJ0AFBvcmcuYXBhY2hlLnNoaXJvLnN1YmplY3Quc3VwcG9ydC5EZWZhdWx0U3ViamVjdENvbnRleHRfQVVUSEVOVElDQVRFRF9TRVNTSU9OX0tFWXNyABFqYXZhLmxhbmcuQm9vbGVhbs0gcoDVnPruAgABWgAFdmFsdWV4cAF0AE1vcmcuYXBhY2hlLnNoaXJvLnN1YmplY3Quc3VwcG9ydC5EZWZhdWx0U3ViamVjdENvbnRleHRfUFJJTkNJUEFMU19TRVNTSU9OX0tFWXNyADJvcmcuYXBhY2hlLnNoaXJvLnN1YmplY3QuU2ltcGxlUHJpbmNpcGFsQ29sbGVjdGlvbqh/WCXGowhKAwABTAAPcmVhbG1QcmluY2lwYWxzdAAPTGphdmEvdXRpbC9NYXA7eHBzcgAXamF2YS51dGlsLkxpbmtlZEhhc2hNYXA0wE5cEGzA+wIAAVoAC2FjY2Vzc09yZGVyeHEAfgAFP0AAAAAAAAx3CAAAABAAAAABdAAMTXlTaGlyb1JlYW1sc3IAF2phdmEudXRpbC5MaW5rZWRIYXNoU2V02GzXWpXdKh4CAAB4cgARamF2YS51dGlsLkhhc2hTZXS6RIWVlri3NAMAAHhwdwwAAAAQP0AAAAAAAAFzcgAfY29tLnRzLm1vZHVsZS5zeXN0ZW0ubW9kZWwuVXNlcgAAAAAAAAABAgAHSQAGaXNTdG9wSQAGdXNlcklkTAAHYWNjb3VudHQAEkxqYXZhL2xhbmcvU3RyaW5nO0wAB29yZ0NvZGVxAH4AFUwACHBhc3N3b3JkcQB+ABVMAAhwb3N0Q29kZXEAfgAVTAAIdXNlck5hbWVxAH4AFXhwAAAAAAAAAAJ0AAVhZG1pbnQAAzEwMnQAATF0AAUxMDIwMXQABWFkbWlueHgAdwEBcQB+AA94eHg=', 'AVSuh/SCdvqVftbVQAxUvw==');
INSERT INTO `s_session_log` VALUES ('49', '3bdfc126-a12d-4d19-bb77-278f3cdb841e', '127.0.0.1', '1800000', '2019-01-21 15:59:25', '2019-01-21 15:59:25', '0分0秒', '2', 'admin', 'admin', 'rO0ABXNyACpvcmcuYXBhY2hlLnNoaXJvLnNlc3Npb24ubWd0LlNpbXBsZVNlc3Npb26dHKG41YxibgMAAHhwdwIA23QAJDNiZGZjMTI2LWExMmQtNGQxOS1iYjc3LTI3OGYzY2RiODQxZXNyAA5qYXZhLnV0aWwuRGF0ZWhqgQFLWXQZAwAAeHB3CAAAAWhva9e2eHEAfgAEdxkAAAAAABt3QAAPMDowOjA6MDowOjA6MDoxc3IAEWphdmEudXRpbC5IYXNoTWFwBQfawcMWYNEDAAJGAApsb2FkRmFjdG9ySQAJdGhyZXNob2xkeHA/QAAAAAAADHcIAAAAEAAAAAJ0AFBvcmcuYXBhY2hlLnNoaXJvLnN1YmplY3Quc3VwcG9ydC5EZWZhdWx0U3ViamVjdENvbnRleHRfQVVUSEVOVElDQVRFRF9TRVNTSU9OX0tFWXNyABFqYXZhLmxhbmcuQm9vbGVhbs0gcoDVnPruAgABWgAFdmFsdWV4cAF0AE1vcmcuYXBhY2hlLnNoaXJvLnN1YmplY3Quc3VwcG9ydC5EZWZhdWx0U3ViamVjdENvbnRleHRfUFJJTkNJUEFMU19TRVNTSU9OX0tFWXNyADJvcmcuYXBhY2hlLnNoaXJvLnN1YmplY3QuU2ltcGxlUHJpbmNpcGFsQ29sbGVjdGlvbqh/WCXGowhKAwABTAAPcmVhbG1QcmluY2lwYWxzdAAPTGphdmEvdXRpbC9NYXA7eHBzcgAXamF2YS51dGlsLkxpbmtlZEhhc2hNYXA0wE5cEGzA+wIAAVoAC2FjY2Vzc09yZGVyeHEAfgAFP0AAAAAAAAx3CAAAABAAAAABdAAMTXlTaGlyb1JlYW1sc3IAF2phdmEudXRpbC5MaW5rZWRIYXNoU2V02GzXWpXdKh4CAAB4cgARamF2YS51dGlsLkhhc2hTZXS6RIWVlri3NAMAAHhwdwwAAAAQP0AAAAAAAAFzcgAfY29tLnRzLm1vZHVsZS5zeXN0ZW0ubW9kZWwuVXNlcgAAAAAAAAABAgAHSQAGaXNTdG9wSQAGdXNlcklkTAAHYWNjb3VudHQAEkxqYXZhL2xhbmcvU3RyaW5nO0wAB29yZ0NvZGVxAH4AFUwACHBhc3N3b3JkcQB+ABVMAAhwb3N0Q29kZXEAfgAVTAAIdXNlck5hbWVxAH4AFXhwAAAAAAAAAAJ0AAVhZG1pbnQAAzEwMnQAATF0AAUxMDIwMXQABWFkbWlueHgAdwEBcQB+AA94eHg=', 'BqJIK8zHr924scTf8KvdKg==');
INSERT INTO `s_session_log` VALUES ('50', '3511711c-ffba-4b49-bea1-0593b86d1175', '127.0.0.1', '1800000', '2019-01-21 15:59:49', '2019-01-21 15:59:49', '0分0秒', '2', 'admin', 'admin', 'rO0ABXNyACpvcmcuYXBhY2hlLnNoaXJvLnNlc3Npb24ubWd0LlNpbXBsZVNlc3Npb26dHKG41YxibgMAAHhwdwIA23QAJDM1MTE3MTFjLWZmYmEtNGI0OS1iZWExLTA1OTNiODZkMTE3NXNyAA5qYXZhLnV0aWwuRGF0ZWhqgQFLWXQZAwAAeHB3CAAAAWhvbDYseHEAfgAEdxkAAAAAABt3QAAPMDowOjA6MDowOjA6MDoxc3IAEWphdmEudXRpbC5IYXNoTWFwBQfawcMWYNEDAAJGAApsb2FkRmFjdG9ySQAJdGhyZXNob2xkeHA/QAAAAAAADHcIAAAAEAAAAAJ0AFBvcmcuYXBhY2hlLnNoaXJvLnN1YmplY3Quc3VwcG9ydC5EZWZhdWx0U3ViamVjdENvbnRleHRfQVVUSEVOVElDQVRFRF9TRVNTSU9OX0tFWXNyABFqYXZhLmxhbmcuQm9vbGVhbs0gcoDVnPruAgABWgAFdmFsdWV4cAF0AE1vcmcuYXBhY2hlLnNoaXJvLnN1YmplY3Quc3VwcG9ydC5EZWZhdWx0U3ViamVjdENvbnRleHRfUFJJTkNJUEFMU19TRVNTSU9OX0tFWXNyADJvcmcuYXBhY2hlLnNoaXJvLnN1YmplY3QuU2ltcGxlUHJpbmNpcGFsQ29sbGVjdGlvbqh/WCXGowhKAwABTAAPcmVhbG1QcmluY2lwYWxzdAAPTGphdmEvdXRpbC9NYXA7eHBzcgAXamF2YS51dGlsLkxpbmtlZEhhc2hNYXA0wE5cEGzA+wIAAVoAC2FjY2Vzc09yZGVyeHEAfgAFP0AAAAAAAAx3CAAAABAAAAABdAAMTXlTaGlyb1JlYW1sc3IAF2phdmEudXRpbC5MaW5rZWRIYXNoU2V02GzXWpXdKh4CAAB4cgARamF2YS51dGlsLkhhc2hTZXS6RIWVlri3NAMAAHhwdwwAAAAQP0AAAAAAAAFzcgAfY29tLnRzLm1vZHVsZS5zeXN0ZW0ubW9kZWwuVXNlcgAAAAAAAAABAgAHSQAGaXNTdG9wSQAGdXNlcklkTAAHYWNjb3VudHQAEkxqYXZhL2xhbmcvU3RyaW5nO0wAB29yZ0NvZGVxAH4AFUwACHBhc3N3b3JkcQB+ABVMAAhwb3N0Q29kZXEAfgAVTAAIdXNlck5hbWVxAH4AFXhwAAAAAAAAAAJ0AAVhZG1pbnQAAzEwMnQAATF0AAUxMDIwMXQABWFkbWlueHgAdwEBcQB+AA94eHg=', 'CCxwPdRtff2ync+kCc0Hkw==');
INSERT INTO `s_session_log` VALUES ('51', 'e1a76aed-6c19-4ca6-a481-a3a8caf301cf', '127.0.0.1', '1800000', '2019-01-21 16:02:31', '2019-01-21 16:02:31', '0分0秒', '2', 'admin', 'admin', 'rO0ABXNyACpvcmcuYXBhY2hlLnNoaXJvLnNlc3Npb24ubWd0LlNpbXBsZVNlc3Npb26dHKG41YxibgMAAHhwdwIA23QAJGUxYTc2YWVkLTZjMTktNGNhNi1hNDgxLWEzYThjYWYzMDFjZnNyAA5qYXZhLnV0aWwuRGF0ZWhqgQFLWXQZAwAAeHB3CAAAAWhvbq+AeHEAfgAEdxkAAAAAABt3QAAPMDowOjA6MDowOjA6MDoxc3IAEWphdmEudXRpbC5IYXNoTWFwBQfawcMWYNEDAAJGAApsb2FkRmFjdG9ySQAJdGhyZXNob2xkeHA/QAAAAAAADHcIAAAAEAAAAAJ0AFBvcmcuYXBhY2hlLnNoaXJvLnN1YmplY3Quc3VwcG9ydC5EZWZhdWx0U3ViamVjdENvbnRleHRfQVVUSEVOVElDQVRFRF9TRVNTSU9OX0tFWXNyABFqYXZhLmxhbmcuQm9vbGVhbs0gcoDVnPruAgABWgAFdmFsdWV4cAF0AE1vcmcuYXBhY2hlLnNoaXJvLnN1YmplY3Quc3VwcG9ydC5EZWZhdWx0U3ViamVjdENvbnRleHRfUFJJTkNJUEFMU19TRVNTSU9OX0tFWXNyADJvcmcuYXBhY2hlLnNoaXJvLnN1YmplY3QuU2ltcGxlUHJpbmNpcGFsQ29sbGVjdGlvbqh/WCXGowhKAwABTAAPcmVhbG1QcmluY2lwYWxzdAAPTGphdmEvdXRpbC9NYXA7eHBzcgAXamF2YS51dGlsLkxpbmtlZEhhc2hNYXA0wE5cEGzA+wIAAVoAC2FjY2Vzc09yZGVyeHEAfgAFP0AAAAAAAAx3CAAAABAAAAABdAAMTXlTaGlyb1JlYW1sc3IAF2phdmEudXRpbC5MaW5rZWRIYXNoU2V02GzXWpXdKh4CAAB4cgARamF2YS51dGlsLkhhc2hTZXS6RIWVlri3NAMAAHhwdwwAAAAQP0AAAAAAAAFzcgAfY29tLnRzLm1vZHVsZS5zeXN0ZW0ubW9kZWwuVXNlcgAAAAAAAAABAgAHSQAGaXNTdG9wSQAGdXNlcklkTAAHYWNjb3VudHQAEkxqYXZhL2xhbmcvU3RyaW5nO0wAB29yZ0NvZGVxAH4AFUwACHBhc3N3b3JkcQB+ABVMAAhwb3N0Q29kZXEAfgAVTAAIdXNlck5hbWVxAH4AFXhwAAAAAAAAAAJ0AAVhZG1pbnQAAzEwMnQAATF0AAUxMDIwMXQABWFkbWlueHgAdwEBcQB+AA94eHg=', '5+lO/p29qxNF5Jxsrb3IMw==');
INSERT INTO `s_session_log` VALUES ('52', '39c2510d-0342-4ec0-8d5a-1440c7f13440', '127.0.0.1', '1800000', '2019-01-21 16:02:39', '2019-01-21 16:02:39', '0分0秒', '2', 'admin', 'admin', 'rO0ABXNyACpvcmcuYXBhY2hlLnNoaXJvLnNlc3Npb24ubWd0LlNpbXBsZVNlc3Npb26dHKG41YxibgMAAHhwdwIA23QAJDM5YzI1MTBkLTAzNDItNGVjMC04ZDVhLTE0NDBjN2YxMzQ0MHNyAA5qYXZhLnV0aWwuRGF0ZWhqgQFLWXQZAwAAeHB3CAAAAWhvbs7MeHEAfgAEdxkAAAAAABt3QAAPMDowOjA6MDowOjA6MDoxc3IAEWphdmEudXRpbC5IYXNoTWFwBQfawcMWYNEDAAJGAApsb2FkRmFjdG9ySQAJdGhyZXNob2xkeHA/QAAAAAAADHcIAAAAEAAAAAJ0AFBvcmcuYXBhY2hlLnNoaXJvLnN1YmplY3Quc3VwcG9ydC5EZWZhdWx0U3ViamVjdENvbnRleHRfQVVUSEVOVElDQVRFRF9TRVNTSU9OX0tFWXNyABFqYXZhLmxhbmcuQm9vbGVhbs0gcoDVnPruAgABWgAFdmFsdWV4cAF0AE1vcmcuYXBhY2hlLnNoaXJvLnN1YmplY3Quc3VwcG9ydC5EZWZhdWx0U3ViamVjdENvbnRleHRfUFJJTkNJUEFMU19TRVNTSU9OX0tFWXNyADJvcmcuYXBhY2hlLnNoaXJvLnN1YmplY3QuU2ltcGxlUHJpbmNpcGFsQ29sbGVjdGlvbqh/WCXGowhKAwABTAAPcmVhbG1QcmluY2lwYWxzdAAPTGphdmEvdXRpbC9NYXA7eHBzcgAXamF2YS51dGlsLkxpbmtlZEhhc2hNYXA0wE5cEGzA+wIAAVoAC2FjY2Vzc09yZGVyeHEAfgAFP0AAAAAAAAx3CAAAABAAAAABdAAMTXlTaGlyb1JlYW1sc3IAF2phdmEudXRpbC5MaW5rZWRIYXNoU2V02GzXWpXdKh4CAAB4cgARamF2YS51dGlsLkhhc2hTZXS6RIWVlri3NAMAAHhwdwwAAAAQP0AAAAAAAAFzcgAfY29tLnRzLm1vZHVsZS5zeXN0ZW0ubW9kZWwuVXNlcgAAAAAAAAABAgAHSQAGaXNTdG9wSQAGdXNlcklkTAAHYWNjb3VudHQAEkxqYXZhL2xhbmcvU3RyaW5nO0wAB29yZ0NvZGVxAH4AFUwACHBhc3N3b3JkcQB+ABVMAAhwb3N0Q29kZXEAfgAVTAAIdXNlck5hbWVxAH4AFXhwAAAAAAAAAAJ0AAVhZG1pbnQAAzEwMnQAATF0AAUxMDIwMXQABWFkbWlueHgAdwEBcQB+AA94eHg=', '/KtfTR55gfwYUPiPpWuQOA==');
INSERT INTO `s_session_log` VALUES ('53', '07069bba-d78c-46df-97c9-f3dbd5f09d92', '127.0.0.1', '1800000', '2019-01-21 16:02:52', '2019-01-21 16:02:52', '0分0秒', '2', 'admin', 'admin', 'rO0ABXNyACpvcmcuYXBhY2hlLnNoaXJvLnNlc3Npb24ubWd0LlNpbXBsZVNlc3Npb26dHKG41YxibgMAAHhwdwIA23QAJDA3MDY5YmJhLWQ3OGMtNDZkZi05N2M5LWYzZGJkNWYwOWQ5MnNyAA5qYXZhLnV0aWwuRGF0ZWhqgQFLWXQZAwAAeHB3CAAAAWhvbwIbeHEAfgAEdxkAAAAAABt3QAAPMDowOjA6MDowOjA6MDoxc3IAEWphdmEudXRpbC5IYXNoTWFwBQfawcMWYNEDAAJGAApsb2FkRmFjdG9ySQAJdGhyZXNob2xkeHA/QAAAAAAADHcIAAAAEAAAAAJ0AFBvcmcuYXBhY2hlLnNoaXJvLnN1YmplY3Quc3VwcG9ydC5EZWZhdWx0U3ViamVjdENvbnRleHRfQVVUSEVOVElDQVRFRF9TRVNTSU9OX0tFWXNyABFqYXZhLmxhbmcuQm9vbGVhbs0gcoDVnPruAgABWgAFdmFsdWV4cAF0AE1vcmcuYXBhY2hlLnNoaXJvLnN1YmplY3Quc3VwcG9ydC5EZWZhdWx0U3ViamVjdENvbnRleHRfUFJJTkNJUEFMU19TRVNTSU9OX0tFWXNyADJvcmcuYXBhY2hlLnNoaXJvLnN1YmplY3QuU2ltcGxlUHJpbmNpcGFsQ29sbGVjdGlvbqh/WCXGowhKAwABTAAPcmVhbG1QcmluY2lwYWxzdAAPTGphdmEvdXRpbC9NYXA7eHBzcgAXamF2YS51dGlsLkxpbmtlZEhhc2hNYXA0wE5cEGzA+wIAAVoAC2FjY2Vzc09yZGVyeHEAfgAFP0AAAAAAAAx3CAAAABAAAAABdAAMTXlTaGlyb1JlYW1sc3IAF2phdmEudXRpbC5MaW5rZWRIYXNoU2V02GzXWpXdKh4CAAB4cgARamF2YS51dGlsLkhhc2hTZXS6RIWVlri3NAMAAHhwdwwAAAAQP0AAAAAAAAFzcgAfY29tLnRzLm1vZHVsZS5zeXN0ZW0ubW9kZWwuVXNlcgAAAAAAAAABAgAHSQAGaXNTdG9wSQAGdXNlcklkTAAHYWNjb3VudHQAEkxqYXZhL2xhbmcvU3RyaW5nO0wAB29yZ0NvZGVxAH4AFUwACHBhc3N3b3JkcQB+ABVMAAhwb3N0Q29kZXEAfgAVTAAIdXNlck5hbWVxAH4AFXhwAAAAAAAAAAJ0AAVhZG1pbnQAAzEwMnQAATF0AAUxMDIwMXQABWFkbWlueHgAdwEBcQB+AA94eHg=', 'QXnDlmSpZHuu1BAqRqVZXw==');
INSERT INTO `s_session_log` VALUES ('54', '84abe66b-dace-4e5e-9506-fa780469a95f', '127.0.0.1', '1800000', '2019-01-21 16:06:22', '2019-01-21 16:06:22', '0分0秒', '2', 'admin', 'admin', 'rO0ABXNyACpvcmcuYXBhY2hlLnNoaXJvLnNlc3Npb24ubWd0LlNpbXBsZVNlc3Npb26dHKG41YxibgMAAHhwdwIA23QAJDg0YWJlNjZiLWRhY2UtNGU1ZS05NTA2LWZhNzgwNDY5YTk1ZnNyAA5qYXZhLnV0aWwuRGF0ZWhqgQFLWXQZAwAAeHB3CAAAAWhvcjb5eHEAfgAEdxkAAAAAABt3QAAPMDowOjA6MDowOjA6MDoxc3IAEWphdmEudXRpbC5IYXNoTWFwBQfawcMWYNEDAAJGAApsb2FkRmFjdG9ySQAJdGhyZXNob2xkeHA/QAAAAAAADHcIAAAAEAAAAAJ0AFBvcmcuYXBhY2hlLnNoaXJvLnN1YmplY3Quc3VwcG9ydC5EZWZhdWx0U3ViamVjdENvbnRleHRfQVVUSEVOVElDQVRFRF9TRVNTSU9OX0tFWXNyABFqYXZhLmxhbmcuQm9vbGVhbs0gcoDVnPruAgABWgAFdmFsdWV4cAF0AE1vcmcuYXBhY2hlLnNoaXJvLnN1YmplY3Quc3VwcG9ydC5EZWZhdWx0U3ViamVjdENvbnRleHRfUFJJTkNJUEFMU19TRVNTSU9OX0tFWXNyADJvcmcuYXBhY2hlLnNoaXJvLnN1YmplY3QuU2ltcGxlUHJpbmNpcGFsQ29sbGVjdGlvbqh/WCXGowhKAwABTAAPcmVhbG1QcmluY2lwYWxzdAAPTGphdmEvdXRpbC9NYXA7eHBzcgAXamF2YS51dGlsLkxpbmtlZEhhc2hNYXA0wE5cEGzA+wIAAVoAC2FjY2Vzc09yZGVyeHEAfgAFP0AAAAAAAAx3CAAAABAAAAABdAAMTXlTaGlyb1JlYW1sc3IAF2phdmEudXRpbC5MaW5rZWRIYXNoU2V02GzXWpXdKh4CAAB4cgARamF2YS51dGlsLkhhc2hTZXS6RIWVlri3NAMAAHhwdwwAAAAQP0AAAAAAAAFzcgAfY29tLnRzLm1vZHVsZS5zeXN0ZW0ubW9kZWwuVXNlcgAAAAAAAAABAgAHSQAGaXNTdG9wSQAGdXNlcklkTAAHYWNjb3VudHQAEkxqYXZhL2xhbmcvU3RyaW5nO0wAB29yZ0NvZGVxAH4AFUwACHBhc3N3b3JkcQB+ABVMAAhwb3N0Q29kZXEAfgAVTAAIdXNlck5hbWVxAH4AFXhwAAAAAAAAAAJ0AAVhZG1pbnQAAzEwMnQAATF0AAUxMDIwMXQABWFkbWlueHgAdwEBcQB+AA94eHg=', 'PT6Zn1RHo/0hQYvQA6qGCg==');
INSERT INTO `s_session_log` VALUES ('55', '67aad780-58ff-43dc-87d9-622ccb95ff91', '127.0.0.1', '1800000', '2019-01-21 16:06:34', '2019-01-21 16:06:34', '0分0秒', '2', 'admin', 'admin', 'rO0ABXNyACpvcmcuYXBhY2hlLnNoaXJvLnNlc3Npb24ubWd0LlNpbXBsZVNlc3Npb26dHKG41YxibgMAAHhwdwIA23QAJDY3YWFkNzgwLTU4ZmYtNDNkYy04N2Q5LTYyMmNjYjk1ZmY5MXNyAA5qYXZhLnV0aWwuRGF0ZWhqgQFLWXQZAwAAeHB3CAAAAWhvcmNdeHEAfgAEdxkAAAAAABt3QAAPMDowOjA6MDowOjA6MDoxc3IAEWphdmEudXRpbC5IYXNoTWFwBQfawcMWYNEDAAJGAApsb2FkRmFjdG9ySQAJdGhyZXNob2xkeHA/QAAAAAAADHcIAAAAEAAAAAJ0AFBvcmcuYXBhY2hlLnNoaXJvLnN1YmplY3Quc3VwcG9ydC5EZWZhdWx0U3ViamVjdENvbnRleHRfQVVUSEVOVElDQVRFRF9TRVNTSU9OX0tFWXNyABFqYXZhLmxhbmcuQm9vbGVhbs0gcoDVnPruAgABWgAFdmFsdWV4cAF0AE1vcmcuYXBhY2hlLnNoaXJvLnN1YmplY3Quc3VwcG9ydC5EZWZhdWx0U3ViamVjdENvbnRleHRfUFJJTkNJUEFMU19TRVNTSU9OX0tFWXNyADJvcmcuYXBhY2hlLnNoaXJvLnN1YmplY3QuU2ltcGxlUHJpbmNpcGFsQ29sbGVjdGlvbqh/WCXGowhKAwABTAAPcmVhbG1QcmluY2lwYWxzdAAPTGphdmEvdXRpbC9NYXA7eHBzcgAXamF2YS51dGlsLkxpbmtlZEhhc2hNYXA0wE5cEGzA+wIAAVoAC2FjY2Vzc09yZGVyeHEAfgAFP0AAAAAAAAx3CAAAABAAAAABdAAMTXlTaGlyb1JlYW1sc3IAF2phdmEudXRpbC5MaW5rZWRIYXNoU2V02GzXWpXdKh4CAAB4cgARamF2YS51dGlsLkhhc2hTZXS6RIWVlri3NAMAAHhwdwwAAAAQP0AAAAAAAAFzcgAfY29tLnRzLm1vZHVsZS5zeXN0ZW0ubW9kZWwuVXNlcgAAAAAAAAABAgAHSQAGaXNTdG9wSQAGdXNlcklkTAAHYWNjb3VudHQAEkxqYXZhL2xhbmcvU3RyaW5nO0wAB29yZ0NvZGVxAH4AFUwACHBhc3N3b3JkcQB+ABVMAAhwb3N0Q29kZXEAfgAVTAAIdXNlck5hbWVxAH4AFXhwAAAAAAAAAAJ0AAVhZG1pbnQAAzEwMnQAATF0AAUxMDIwMXQABWFkbWlueHgAdwEBcQB+AA94eHg=', '7x/jdnoMMeJEXAefHAdbyw==');
INSERT INTO `s_session_log` VALUES ('56', 'abd129b2-07e0-4a14-aea7-f884a823c753', '127.0.0.1', '1800000', '2019-01-21 16:09:55', '2019-01-21 16:09:55', '0分0秒', '2', 'admin', 'admin', 'rO0ABXNyACpvcmcuYXBhY2hlLnNoaXJvLnNlc3Npb24ubWd0LlNpbXBsZVNlc3Npb26dHKG41YxibgMAAHhwdwIA23QAJGFiZDEyOWIyLTA3ZTAtNGExNC1hZWE3LWY4ODRhODIzYzc1M3NyAA5qYXZhLnV0aWwuRGF0ZWhqgQFLWXQZAwAAeHB3CAAAAWhvdXc8eHEAfgAEdxkAAAAAABt3QAAPMDowOjA6MDowOjA6MDoxc3IAEWphdmEudXRpbC5IYXNoTWFwBQfawcMWYNEDAAJGAApsb2FkRmFjdG9ySQAJdGhyZXNob2xkeHA/QAAAAAAADHcIAAAAEAAAAAJ0AFBvcmcuYXBhY2hlLnNoaXJvLnN1YmplY3Quc3VwcG9ydC5EZWZhdWx0U3ViamVjdENvbnRleHRfQVVUSEVOVElDQVRFRF9TRVNTSU9OX0tFWXNyABFqYXZhLmxhbmcuQm9vbGVhbs0gcoDVnPruAgABWgAFdmFsdWV4cAF0AE1vcmcuYXBhY2hlLnNoaXJvLnN1YmplY3Quc3VwcG9ydC5EZWZhdWx0U3ViamVjdENvbnRleHRfUFJJTkNJUEFMU19TRVNTSU9OX0tFWXNyADJvcmcuYXBhY2hlLnNoaXJvLnN1YmplY3QuU2ltcGxlUHJpbmNpcGFsQ29sbGVjdGlvbqh/WCXGowhKAwABTAAPcmVhbG1QcmluY2lwYWxzdAAPTGphdmEvdXRpbC9NYXA7eHBzcgAXamF2YS51dGlsLkxpbmtlZEhhc2hNYXA0wE5cEGzA+wIAAVoAC2FjY2Vzc09yZGVyeHEAfgAFP0AAAAAAAAx3CAAAABAAAAABdAAMTXlTaGlyb1JlYW1sc3IAF2phdmEudXRpbC5MaW5rZWRIYXNoU2V02GzXWpXdKh4CAAB4cgARamF2YS51dGlsLkhhc2hTZXS6RIWVlri3NAMAAHhwdwwAAAAQP0AAAAAAAAFzcgAfY29tLnRzLm1vZHVsZS5zeXN0ZW0ubW9kZWwuVXNlcgAAAAAAAAABAgAHSQAGaXNTdG9wSQAGdXNlcklkTAAHYWNjb3VudHQAEkxqYXZhL2xhbmcvU3RyaW5nO0wAB29yZ0NvZGVxAH4AFUwACHBhc3N3b3JkcQB+ABVMAAhwb3N0Q29kZXEAfgAVTAAIdXNlck5hbWVxAH4AFXhwAAAAAAAAAAJ0AAVhZG1pbnQAAzEwMnQAATF0AAUxMDIwMXQABWFkbWlueHgAdwEBcQB+AA94eHg=', 'FA9690vdtE3WmcQN1s3Zcw==');
INSERT INTO `s_session_log` VALUES ('57', 'b8101d87-a9a3-4316-adc7-366105c0970c', '127.0.0.1', '1800000', '2019-01-21 16:10:04', '2019-01-21 16:10:04', '0分0秒', '2', 'admin', 'admin', 'rO0ABXNyACpvcmcuYXBhY2hlLnNoaXJvLnNlc3Npb24ubWd0LlNpbXBsZVNlc3Npb26dHKG41YxibgMAAHhwdwIA23QAJGI4MTAxZDg3LWE5YTMtNDMxNi1hZGM3LTM2NjEwNWMwOTcwY3NyAA5qYXZhLnV0aWwuRGF0ZWhqgQFLWXQZAwAAeHB3CAAAAWhvdZeZeHEAfgAEdxkAAAAAABt3QAAPMDowOjA6MDowOjA6MDoxc3IAEWphdmEudXRpbC5IYXNoTWFwBQfawcMWYNEDAAJGAApsb2FkRmFjdG9ySQAJdGhyZXNob2xkeHA/QAAAAAAADHcIAAAAEAAAAAJ0AFBvcmcuYXBhY2hlLnNoaXJvLnN1YmplY3Quc3VwcG9ydC5EZWZhdWx0U3ViamVjdENvbnRleHRfQVVUSEVOVElDQVRFRF9TRVNTSU9OX0tFWXNyABFqYXZhLmxhbmcuQm9vbGVhbs0gcoDVnPruAgABWgAFdmFsdWV4cAF0AE1vcmcuYXBhY2hlLnNoaXJvLnN1YmplY3Quc3VwcG9ydC5EZWZhdWx0U3ViamVjdENvbnRleHRfUFJJTkNJUEFMU19TRVNTSU9OX0tFWXNyADJvcmcuYXBhY2hlLnNoaXJvLnN1YmplY3QuU2ltcGxlUHJpbmNpcGFsQ29sbGVjdGlvbqh/WCXGowhKAwABTAAPcmVhbG1QcmluY2lwYWxzdAAPTGphdmEvdXRpbC9NYXA7eHBzcgAXamF2YS51dGlsLkxpbmtlZEhhc2hNYXA0wE5cEGzA+wIAAVoAC2FjY2Vzc09yZGVyeHEAfgAFP0AAAAAAAAx3CAAAABAAAAABdAAMTXlTaGlyb1JlYW1sc3IAF2phdmEudXRpbC5MaW5rZWRIYXNoU2V02GzXWpXdKh4CAAB4cgARamF2YS51dGlsLkhhc2hTZXS6RIWVlri3NAMAAHhwdwwAAAAQP0AAAAAAAAFzcgAfY29tLnRzLm1vZHVsZS5zeXN0ZW0ubW9kZWwuVXNlcgAAAAAAAAABAgAHSQAGaXNTdG9wSQAGdXNlcklkTAAHYWNjb3VudHQAEkxqYXZhL2xhbmcvU3RyaW5nO0wAB29yZ0NvZGVxAH4AFUwACHBhc3N3b3JkcQB+ABVMAAhwb3N0Q29kZXEAfgAVTAAIdXNlck5hbWVxAH4AFXhwAAAAAAAAAAJ0AAVhZG1pbnQAAzEwMnQAATF0AAUxMDIwMXQABWFkbWlueHgAdwEBcQB+AA94eHg=', 'Ok6KdYvcyKGSTj7hAWq5tg==');
INSERT INTO `s_session_log` VALUES ('58', 'ecb9cebb-4e9f-4822-ae56-2212b4171abb', '127.0.0.1', '1800000', '2019-01-21 16:10:16', '2019-01-21 16:13:31', '3分15秒', '2', 'admin', 'admin', 'rO0ABXNyACpvcmcuYXBhY2hlLnNoaXJvLnNlc3Npb24ubWd0LlNpbXBsZVNlc3Npb26dHKG41YxibgMAAHhwdwIA23QAJGVjYjljZWJiLTRlOWYtNDgyMi1hZTU2LTIyMTJiNDE3MWFiYnNyAA5qYXZhLnV0aWwuRGF0ZWhqgQFLWXQZAwAAeHB3CAAAAWhvdcfCeHNxAH4AA3cIAAABaG94wYp4dxkAAAAAABt3QAAPMDowOjA6MDowOjA6MDoxc3IAEWphdmEudXRpbC5IYXNoTWFwBQfawcMWYNEDAAJGAApsb2FkRmFjdG9ySQAJdGhyZXNob2xkeHA/QAAAAAAADHcIAAAAEAAAAAJ0AFBvcmcuYXBhY2hlLnNoaXJvLnN1YmplY3Quc3VwcG9ydC5EZWZhdWx0U3ViamVjdENvbnRleHRfQVVUSEVOVElDQVRFRF9TRVNTSU9OX0tFWXNyABFqYXZhLmxhbmcuQm9vbGVhbs0gcoDVnPruAgABWgAFdmFsdWV4cAF0AE1vcmcuYXBhY2hlLnNoaXJvLnN1YmplY3Quc3VwcG9ydC5EZWZhdWx0U3ViamVjdENvbnRleHRfUFJJTkNJUEFMU19TRVNTSU9OX0tFWXNyADJvcmcuYXBhY2hlLnNoaXJvLnN1YmplY3QuU2ltcGxlUHJpbmNpcGFsQ29sbGVjdGlvbqh/WCXGowhKAwABTAAPcmVhbG1QcmluY2lwYWxzdAAPTGphdmEvdXRpbC9NYXA7eHBzcgAXamF2YS51dGlsLkxpbmtlZEhhc2hNYXA0wE5cEGzA+wIAAVoAC2FjY2Vzc09yZGVyeHEAfgAGP0AAAAAAAAx3CAAAABAAAAABdAAMTXlTaGlyb1JlYW1sc3IAF2phdmEudXRpbC5MaW5rZWRIYXNoU2V02GzXWpXdKh4CAAB4cgARamF2YS51dGlsLkhhc2hTZXS6RIWVlri3NAMAAHhwdwwAAAAQP0AAAAAAAAFzcgAfY29tLnRzLm1vZHVsZS5zeXN0ZW0ubW9kZWwuVXNlcgAAAAAAAAABAgAHSQAGaXNTdG9wSQAGdXNlcklkTAAHYWNjb3VudHQAEkxqYXZhL2xhbmcvU3RyaW5nO0wAB29yZ0NvZGVxAH4AFkwACHBhc3N3b3JkcQB+ABZMAAhwb3N0Q29kZXEAfgAWTAAIdXNlck5hbWVxAH4AFnhwAAAAAAAAAAJ0AAVhZG1pbnQAAzEwMnQAATF0AAUxMDIwMXQABWFkbWlueHgAdwEBcQB+ABB4eHg=', 'XF899XilnDgaYq3wZcb3Ug==');
INSERT INTO `s_session_log` VALUES ('59', '9fd15ebb-30ce-4cbd-aefd-7d05abd4679b', '127.0.0.1', '1800000', '2019-01-21 17:22:04', '2019-01-21 17:22:13', '0分9秒', '2', 'admin', 'admin', 'rO0ABXNyACpvcmcuYXBhY2hlLnNoaXJvLnNlc3Npb24ubWd0LlNpbXBsZVNlc3Npb26dHKG41YxibgMAAHhwdwIA23QAJDlmZDE1ZWJiLTMwY2UtNGNiZC1hZWZkLTdkMDVhYmQ0Njc5YnNyAA5qYXZhLnV0aWwuRGF0ZWhqgQFLWXQZAwAAeHB3CAAAAWhvt4QIeHNxAH4AA3cIAAABaG+3p+94dxkAAAAAABt3QAAPMDowOjA6MDowOjA6MDoxc3IAEWphdmEudXRpbC5IYXNoTWFwBQfawcMWYNEDAAJGAApsb2FkRmFjdG9ySQAJdGhyZXNob2xkeHA/QAAAAAAADHcIAAAAEAAAAAJ0AFBvcmcuYXBhY2hlLnNoaXJvLnN1YmplY3Quc3VwcG9ydC5EZWZhdWx0U3ViamVjdENvbnRleHRfQVVUSEVOVElDQVRFRF9TRVNTSU9OX0tFWXNyABFqYXZhLmxhbmcuQm9vbGVhbs0gcoDVnPruAgABWgAFdmFsdWV4cAF0AE1vcmcuYXBhY2hlLnNoaXJvLnN1YmplY3Quc3VwcG9ydC5EZWZhdWx0U3ViamVjdENvbnRleHRfUFJJTkNJUEFMU19TRVNTSU9OX0tFWXNyADJvcmcuYXBhY2hlLnNoaXJvLnN1YmplY3QuU2ltcGxlUHJpbmNpcGFsQ29sbGVjdGlvbqh/WCXGowhKAwABTAAPcmVhbG1QcmluY2lwYWxzdAAPTGphdmEvdXRpbC9NYXA7eHBzcgAXamF2YS51dGlsLkxpbmtlZEhhc2hNYXA0wE5cEGzA+wIAAVoAC2FjY2Vzc09yZGVyeHEAfgAGP0AAAAAAAAx3CAAAABAAAAABdAAMTXlTaGlyb1JlYW1sc3IAF2phdmEudXRpbC5MaW5rZWRIYXNoU2V02GzXWpXdKh4CAAB4cgARamF2YS51dGlsLkhhc2hTZXS6RIWVlri3NAMAAHhwdwwAAAAQP0AAAAAAAAFzcgAfY29tLnRzLm1vZHVsZS5zeXN0ZW0ubW9kZWwuVXNlcgAAAAAAAAABAgAHSQAGaXNTdG9wSQAGdXNlcklkTAAHYWNjb3VudHQAEkxqYXZhL2xhbmcvU3RyaW5nO0wAB29yZ0NvZGVxAH4AFkwACHBhc3N3b3JkcQB+ABZMAAhwb3N0Q29kZXEAfgAWTAAIdXNlck5hbWVxAH4AFnhwAAAAAAAAAAJ0AAVhZG1pbnQAAzEwMnQAATF0AAUxMDIwMXQABWFkbWlueHgAdwEBcQB+ABB4eHg=', '2Vt/fcCFIA3KQsWzKx9I+w==');
INSERT INTO `s_session_log` VALUES ('60', 'f4379123-3ec6-4ad2-83d3-a0000eb45e48', '127.0.0.1', '1800000', '2019-01-22 09:13:17', '2019-01-22 09:20:25', '7分8秒', '2', 'admin', 'admin', 'rO0ABXNyACpvcmcuYXBhY2hlLnNoaXJvLnNlc3Npb24ubWd0LlNpbXBsZVNlc3Npb26dHKG41YxibgMAAHhwdwIA23QAJGY0Mzc5MTIzLTNlYzYtNGFkMi04M2QzLWEwMDAwZWI0NWU0OHNyAA5qYXZhLnV0aWwuRGF0ZWhqgQFLWXQZAwAAeHB3CAAAAWhzHmLUeHNxAH4AA3cIAAABaHMk6cF4dxkAAAAAABt3QAAPMDowOjA6MDowOjA6MDoxc3IAEWphdmEudXRpbC5IYXNoTWFwBQfawcMWYNEDAAJGAApsb2FkRmFjdG9ySQAJdGhyZXNob2xkeHA/QAAAAAAADHcIAAAAEAAAAAJ0AFBvcmcuYXBhY2hlLnNoaXJvLnN1YmplY3Quc3VwcG9ydC5EZWZhdWx0U3ViamVjdENvbnRleHRfQVVUSEVOVElDQVRFRF9TRVNTSU9OX0tFWXNyABFqYXZhLmxhbmcuQm9vbGVhbs0gcoDVnPruAgABWgAFdmFsdWV4cAF0AE1vcmcuYXBhY2hlLnNoaXJvLnN1YmplY3Quc3VwcG9ydC5EZWZhdWx0U3ViamVjdENvbnRleHRfUFJJTkNJUEFMU19TRVNTSU9OX0tFWXNyADJvcmcuYXBhY2hlLnNoaXJvLnN1YmplY3QuU2ltcGxlUHJpbmNpcGFsQ29sbGVjdGlvbqh/WCXGowhKAwABTAAPcmVhbG1QcmluY2lwYWxzdAAPTGphdmEvdXRpbC9NYXA7eHBzcgAXamF2YS51dGlsLkxpbmtlZEhhc2hNYXA0wE5cEGzA+wIAAVoAC2FjY2Vzc09yZGVyeHEAfgAGP0AAAAAAAAx3CAAAABAAAAABdAAMTXlTaGlyb1JlYW1sc3IAF2phdmEudXRpbC5MaW5rZWRIYXNoU2V02GzXWpXdKh4CAAB4cgARamF2YS51dGlsLkhhc2hTZXS6RIWVlri3NAMAAHhwdwwAAAAQP0AAAAAAAAFzcgAfY29tLnRzLm1vZHVsZS5zeXN0ZW0ubW9kZWwuVXNlcgAAAAAAAAABAgAHSQAGaXNTdG9wSQAGdXNlcklkTAAHYWNjb3VudHQAEkxqYXZhL2xhbmcvU3RyaW5nO0wAB29yZ0NvZGVxAH4AFkwACHBhc3N3b3JkcQB+ABZMAAhwb3N0Q29kZXEAfgAWTAAIdXNlck5hbWVxAH4AFnhwAAAAAAAAAAJ0AAVhZG1pbnQAAzEwMnQAATF0AAUxMDIwMXQABWFkbWlueHgAdwEBcQB+ABB4eHg=', 'ruIYCluUIcHxu9fOMCUgNg==');
INSERT INTO `s_session_log` VALUES ('61', '45041abc-7f36-41c4-87ee-a657068aecaf', '127.0.0.1', '1800000', '2019-01-22 11:31:45', '2019-01-22 11:32:24', '0分39秒', '2', 'admin', 'admin', 'rO0ABXNyACpvcmcuYXBhY2hlLnNoaXJvLnNlc3Npb24ubWd0LlNpbXBsZVNlc3Npb26dHKG41YxibgMAAHhwdwIA23QAJDQ1MDQxYWJjLTdmMzYtNDFjNC04N2VlLWE2NTcwNjhhZWNhZnNyAA5qYXZhLnV0aWwuRGF0ZWhqgQFLWXQZAwAAeHB3CAAAAWhznSYGeHNxAH4AA3cIAAABaHOdwKJ4dxkAAAAAABt3QAAPMDowOjA6MDowOjA6MDoxc3IAEWphdmEudXRpbC5IYXNoTWFwBQfawcMWYNEDAAJGAApsb2FkRmFjdG9ySQAJdGhyZXNob2xkeHA/QAAAAAAADHcIAAAAEAAAAAF0AE1vcmcuYXBhY2hlLnNoaXJvLnN1YmplY3Quc3VwcG9ydC5EZWZhdWx0U3ViamVjdENvbnRleHRfUFJJTkNJUEFMU19TRVNTSU9OX0tFWXNyADJvcmcuYXBhY2hlLnNoaXJvLnN1YmplY3QuU2ltcGxlUHJpbmNpcGFsQ29sbGVjdGlvbqh/WCXGowhKAwABTAAPcmVhbG1QcmluY2lwYWxzdAAPTGphdmEvdXRpbC9NYXA7eHBzcgAXamF2YS51dGlsLkxpbmtlZEhhc2hNYXA0wE5cEGzA+wIAAVoAC2FjY2Vzc09yZGVyeHEAfgAGP0AAAAAAAAx3CAAAABAAAAABdAAMTXlTaGlyb1JlYW1sc3IAF2phdmEudXRpbC5MaW5rZWRIYXNoU2V02GzXWpXdKh4CAAB4cgARamF2YS51dGlsLkhhc2hTZXS6RIWVlri3NAMAAHhwdwwAAAAQP0AAAAAAAAFzcgAfY29tLnRzLm1vZHVsZS5zeXN0ZW0ubW9kZWwuVXNlcgAAAAAAAAABAgAHSQAGaXNTdG9wSQAGdXNlcklkTAAHYWNjb3VudHQAEkxqYXZhL2xhbmcvU3RyaW5nO0wAB29yZ0NvZGVxAH4AE0wACHBhc3N3b3JkcQB+ABNMAAhwb3N0Q29kZXEAfgATTAAIdXNlck5hbWVxAH4AE3hwAAAAAAAAAAJ0AAVhZG1pbnQAAzEwMnQAATF0AAUxMDIwMXQABWFkbWlueHgAdwEBcQB+AA14eHg=', 'FH7Nz++JRM0rQuUgR3xVWA==');
INSERT INTO `s_session_log` VALUES ('62', 'f937cd4f-9516-4573-ba47-a42e07bd64d5', '127.0.0.1', '1800000', '2019-01-22 11:32:24', '2019-01-22 11:33:27', '1分3秒', '1', '测试', '123', 'rO0ABXNyACpvcmcuYXBhY2hlLnNoaXJvLnNlc3Npb24ubWd0LlNpbXBsZVNlc3Npb26dHKG41YxibgMAAHhwdwIA23QAJGY5MzdjZDRmLTk1MTYtNDU3My1iYTQ3LWE0MmUwN2JkNjRkNXNyAA5qYXZhLnV0aWwuRGF0ZWhqgQFLWXQZAwAAeHB3CAAAAWhzncDLeHNxAH4AA3cIAAABaHOetlt4dxkAAAAAABt3QAAPMDowOjA6MDowOjA6MDoxc3IAEWphdmEudXRpbC5IYXNoTWFwBQfawcMWYNEDAAJGAApsb2FkRmFjdG9ySQAJdGhyZXNob2xkeHA/QAAAAAAADHcIAAAAEAAAAAF0AE1vcmcuYXBhY2hlLnNoaXJvLnN1YmplY3Quc3VwcG9ydC5EZWZhdWx0U3ViamVjdENvbnRleHRfUFJJTkNJUEFMU19TRVNTSU9OX0tFWXNyADJvcmcuYXBhY2hlLnNoaXJvLnN1YmplY3QuU2ltcGxlUHJpbmNpcGFsQ29sbGVjdGlvbqh/WCXGowhKAwABTAAPcmVhbG1QcmluY2lwYWxzdAAPTGphdmEvdXRpbC9NYXA7eHBzcgAXamF2YS51dGlsLkxpbmtlZEhhc2hNYXA0wE5cEGzA+wIAAVoAC2FjY2Vzc09yZGVyeHEAfgAGP0AAAAAAAAx3CAAAABAAAAABdAAMTXlTaGlyb1JlYW1sc3IAF2phdmEudXRpbC5MaW5rZWRIYXNoU2V02GzXWpXdKh4CAAB4cgARamF2YS51dGlsLkhhc2hTZXS6RIWVlri3NAMAAHhwdwwAAAAQP0AAAAAAAAFzcgAfY29tLnRzLm1vZHVsZS5zeXN0ZW0ubW9kZWwuVXNlcgAAAAAAAAABAgAHSQAGaXNTdG9wSQAGdXNlcklkTAAHYWNjb3VudHQAEkxqYXZhL2xhbmcvU3RyaW5nO0wAB29yZ0NvZGVxAH4AE0wACHBhc3N3b3JkcQB+ABNMAAhwb3N0Q29kZXEAfgATTAAIdXNlck5hbWVxAH4AE3hwAAAAAAAAAAF0AAMxMjN0AAMxMDF0AAMxMjN0AAUxMDEwMXQABua1i+ivlXh4AHcBAXEAfgANeHh4', 'cZSd6BvptSfcWz78J262xQ==');
INSERT INTO `s_session_log` VALUES ('63', '3316afd6-95cc-412b-85e2-4c4692ce2236', '127.0.0.1', '1800000', '2019-01-22 11:33:27', '2019-01-22 11:34:24', '0分57秒', '2', 'admin', 'admin', 'rO0ABXNyACpvcmcuYXBhY2hlLnNoaXJvLnNlc3Npb24ubWd0LlNpbXBsZVNlc3Npb26dHKG41YxibgMAAHhwdwIA23QAJDMzMTZhZmQ2LTk1Y2MtNDEyYi04NWUyLTRjNDY5MmNlMjIzNnNyAA5qYXZhLnV0aWwuRGF0ZWhqgQFLWXQZAwAAeHB3CAAAAWhznraAeHNxAH4AA3cIAAABaHOflZ54dxkAAAAAABt3QAAPMDowOjA6MDowOjA6MDoxc3IAEWphdmEudXRpbC5IYXNoTWFwBQfawcMWYNEDAAJGAApsb2FkRmFjdG9ySQAJdGhyZXNob2xkeHA/QAAAAAAADHcIAAAAEAAAAAF0AE1vcmcuYXBhY2hlLnNoaXJvLnN1YmplY3Quc3VwcG9ydC5EZWZhdWx0U3ViamVjdENvbnRleHRfUFJJTkNJUEFMU19TRVNTSU9OX0tFWXNyADJvcmcuYXBhY2hlLnNoaXJvLnN1YmplY3QuU2ltcGxlUHJpbmNpcGFsQ29sbGVjdGlvbqh/WCXGowhKAwABTAAPcmVhbG1QcmluY2lwYWxzdAAPTGphdmEvdXRpbC9NYXA7eHBzcgAXamF2YS51dGlsLkxpbmtlZEhhc2hNYXA0wE5cEGzA+wIAAVoAC2FjY2Vzc09yZGVyeHEAfgAGP0AAAAAAAAx3CAAAABAAAAABdAAMTXlTaGlyb1JlYW1sc3IAF2phdmEudXRpbC5MaW5rZWRIYXNoU2V02GzXWpXdKh4CAAB4cgARamF2YS51dGlsLkhhc2hTZXS6RIWVlri3NAMAAHhwdwwAAAAQP0AAAAAAAAFzcgAfY29tLnRzLm1vZHVsZS5zeXN0ZW0ubW9kZWwuVXNlcgAAAAAAAAABAgAHSQAGaXNTdG9wSQAGdXNlcklkTAAHYWNjb3VudHQAEkxqYXZhL2xhbmcvU3RyaW5nO0wAB29yZ0NvZGVxAH4AE0wACHBhc3N3b3JkcQB+ABNMAAhwb3N0Q29kZXEAfgATTAAIdXNlck5hbWVxAH4AE3hwAAAAAAAAAAJ0AAVhZG1pbnQAAzEwMnQAATF0AAUxMDIwMXQABWFkbWlueHgAdwEBcQB+AA14eHg=', 'pyvmv/nhhU6QTWYA6a3pLw==');
INSERT INTO `s_session_log` VALUES ('64', 'a5d4918b-b780-40d5-b25a-d2455ce28373', '127.0.0.1', '1800000', '2019-01-22 15:48:05', '2019-01-22 15:50:29', '2分24秒', '2', 'admin', 'admin', 'rO0ABXNyACpvcmcuYXBhY2hlLnNoaXJvLnNlc3Npb24ubWd0LlNpbXBsZVNlc3Npb26dHKG41YxibgMAAHhwdwIA23QAJGE1ZDQ5MThiLWI3ODAtNDBkNS1iMjVhLWQyNDU1Y2UyODM3M3NyAA5qYXZhLnV0aWwuRGF0ZWhqgQFLWXQZAwAAeHB3CAAAAWh0h9MeeHNxAH4AA3cIAAABaHSKCF54dxkAAAAAABt3QAAPMDowOjA6MDowOjA6MDoxc3IAEWphdmEudXRpbC5IYXNoTWFwBQfawcMWYNEDAAJGAApsb2FkRmFjdG9ySQAJdGhyZXNob2xkeHA/QAAAAAAADHcIAAAAEAAAAAF0AE1vcmcuYXBhY2hlLnNoaXJvLnN1YmplY3Quc3VwcG9ydC5EZWZhdWx0U3ViamVjdENvbnRleHRfUFJJTkNJUEFMU19TRVNTSU9OX0tFWXNyADJvcmcuYXBhY2hlLnNoaXJvLnN1YmplY3QuU2ltcGxlUHJpbmNpcGFsQ29sbGVjdGlvbqh/WCXGowhKAwABTAAPcmVhbG1QcmluY2lwYWxzdAAPTGphdmEvdXRpbC9NYXA7eHBzcgAXamF2YS51dGlsLkxpbmtlZEhhc2hNYXA0wE5cEGzA+wIAAVoAC2FjY2Vzc09yZGVyeHEAfgAGP0AAAAAAAAx3CAAAABAAAAABdAAMTXlTaGlyb1JlYW1sc3IAF2phdmEudXRpbC5MaW5rZWRIYXNoU2V02GzXWpXdKh4CAAB4cgARamF2YS51dGlsLkhhc2hTZXS6RIWVlri3NAMAAHhwdwwAAAAQP0AAAAAAAAFzcgAfY29tLnRzLm1vZHVsZS5zeXN0ZW0ubW9kZWwuVXNlcgAAAAAAAAABAgAHSQAGaXNTdG9wSQAGdXNlcklkTAAHYWNjb3VudHQAEkxqYXZhL2xhbmcvU3RyaW5nO0wAB29yZ0NvZGVxAH4AE0wACHBhc3N3b3JkcQB+ABNMAAhwb3N0Q29kZXEAfgATTAAIdXNlck5hbWVxAH4AE3hwAAAAAAAAAAJ0AAVhZG1pbnQAAzEwMnQAATF0AAUxMDIwMXQABWFkbWlueHgAdwEBcQB+AA14eHg=', 'YLavunuW8HJlpJc0xVdy/Q==');
INSERT INTO `s_session_log` VALUES ('65', '6b00e992-7696-4fc5-82ab-b8f72154eb17', '127.0.0.1', '1800000', '2019-01-22 15:50:30', '2019-01-22 15:54:26', '3分56秒', '1', '测试', '123', 'rO0ABXNyACpvcmcuYXBhY2hlLnNoaXJvLnNlc3Npb24ubWd0LlNpbXBsZVNlc3Npb26dHKG41YxibgMAAHhwdwIA23QAJDZiMDBlOTkyLTc2OTYtNGZjNS04MmFiLWI4ZjcyMTU0ZWIxN3NyAA5qYXZhLnV0aWwuRGF0ZWhqgQFLWXQZAwAAeHB3CAAAAWh0igmReHNxAH4AA3cIAAABaHSNptp4dxkAAAAAABt3QAAPMDowOjA6MDowOjA6MDoxc3IAEWphdmEudXRpbC5IYXNoTWFwBQfawcMWYNEDAAJGAApsb2FkRmFjdG9ySQAJdGhyZXNob2xkeHA/QAAAAAAADHcIAAAAEAAAAAF0AE1vcmcuYXBhY2hlLnNoaXJvLnN1YmplY3Quc3VwcG9ydC5EZWZhdWx0U3ViamVjdENvbnRleHRfUFJJTkNJUEFMU19TRVNTSU9OX0tFWXNyADJvcmcuYXBhY2hlLnNoaXJvLnN1YmplY3QuU2ltcGxlUHJpbmNpcGFsQ29sbGVjdGlvbqh/WCXGowhKAwABTAAPcmVhbG1QcmluY2lwYWxzdAAPTGphdmEvdXRpbC9NYXA7eHBzcgAXamF2YS51dGlsLkxpbmtlZEhhc2hNYXA0wE5cEGzA+wIAAVoAC2FjY2Vzc09yZGVyeHEAfgAGP0AAAAAAAAx3CAAAABAAAAABdAAMTXlTaGlyb1JlYW1sc3IAF2phdmEudXRpbC5MaW5rZWRIYXNoU2V02GzXWpXdKh4CAAB4cgARamF2YS51dGlsLkhhc2hTZXS6RIWVlri3NAMAAHhwdwwAAAAQP0AAAAAAAAFzcgAfY29tLnRzLm1vZHVsZS5zeXN0ZW0ubW9kZWwuVXNlcgAAAAAAAAABAgAHSQAGaXNTdG9wSQAGdXNlcklkTAAHYWNjb3VudHQAEkxqYXZhL2xhbmcvU3RyaW5nO0wAB29yZ0NvZGVxAH4AE0wACHBhc3N3b3JkcQB+ABNMAAhwb3N0Q29kZXEAfgATTAAIdXNlck5hbWVxAH4AE3hwAAAAAAAAAAF0AAMxMjN0AAMxMDF0AAMxMjN0AAUxMDEwMXQABua1i+ivlXh4AHcBAXEAfgANeHh4', 'R8ZqYJHNAk+CeUWvhJ64lA==');
INSERT INTO `s_session_log` VALUES ('66', 'a2403c6e-3a5c-48a3-b6cd-71c5b7291595', '127.0.0.1', '1800000', '2019-02-01 22:33:57', '2019-02-01 22:45:06', '11分9秒', '2', 'admin', 'admin', 'rO0ABXNyACpvcmcuYXBhY2hlLnNoaXJvLnNlc3Npb24ubWd0LlNpbXBsZVNlc3Npb26dHKG41YxibgMAAHhwdwIA23QAJGEyNDAzYzZlLTNhNWMtNDhhMy1iNmNkLTcxYzViNzI5MTU5NXNyAA5qYXZhLnV0aWwuRGF0ZWhqgQFLWXQZAwAAeHB3CAAAAWipewETeHNxAH4AA3cIAAABaKmFOHl4dxMAAAAAABt3QAAJMTI3LjAuMC4xc3IAEWphdmEudXRpbC5IYXNoTWFwBQfawcMWYNEDAAJGAApsb2FkRmFjdG9ySQAJdGhyZXNob2xkeHA/QAAAAAAADHcIAAAAEAAAAAF0AE1vcmcuYXBhY2hlLnNoaXJvLnN1YmplY3Quc3VwcG9ydC5EZWZhdWx0U3ViamVjdENvbnRleHRfUFJJTkNJUEFMU19TRVNTSU9OX0tFWXNyADJvcmcuYXBhY2hlLnNoaXJvLnN1YmplY3QuU2ltcGxlUHJpbmNpcGFsQ29sbGVjdGlvbqh/WCXGowhKAwABTAAPcmVhbG1QcmluY2lwYWxzdAAPTGphdmEvdXRpbC9NYXA7eHBzcgAXamF2YS51dGlsLkxpbmtlZEhhc2hNYXA0wE5cEGzA+wIAAVoAC2FjY2Vzc09yZGVyeHEAfgAGP0AAAAAAAAx3CAAAABAAAAABdAAMTXlTaGlyb1JlYW1sc3IAF2phdmEudXRpbC5MaW5rZWRIYXNoU2V02GzXWpXdKh4CAAB4cgARamF2YS51dGlsLkhhc2hTZXS6RIWVlri3NAMAAHhwdwwAAAAQP0AAAAAAAAFzcgAfY29tLnRzLm1vZHVsZS5zeXN0ZW0ubW9kZWwuVXNlcgAAAAAAAAABAgAHSQAGaXNTdG9wSQAGdXNlcklkTAAHYWNjb3VudHQAEkxqYXZhL2xhbmcvU3RyaW5nO0wAB29yZ0NvZGVxAH4AE0wACHBhc3N3b3JkcQB+ABNMAAhwb3N0Q29kZXEAfgATTAAIdXNlck5hbWVxAH4AE3hwAAAAAAAAAAJ0AAVhZG1pbnQAAzEwMnQAATF0AAUxMDIwMXQABWFkbWlueHgAdwEBcQB+AA14eHg=', 'joN4V+R6LvqIqzrSi5oY3A==');
INSERT INTO `s_session_log` VALUES ('67', 'e2c24c7c-3ad0-4749-828b-45f4abff6fa2', '127.0.0.1', '1800000', '2019-02-01 22:45:07', '2019-02-01 23:02:50', '17分43秒', '2', 'admin', 'admin', 'rO0ABXNyACpvcmcuYXBhY2hlLnNoaXJvLnNlc3Npb24ubWd0LlNpbXBsZVNlc3Npb26dHKG41YxibgMAAHhwdwIA23QAJGUyYzI0YzdjLTNhZDAtNDc0OS04MjhiLTQ1ZjRhYmZmNmZhMnNyAA5qYXZhLnV0aWwuRGF0ZWhqgQFLWXQZAwAAeHB3CAAAAWiphTtgeHNxAH4AA3cIAAABaKmVc4p4dxMAAAAAABt3QAAJMTI3LjAuMC4xc3IAEWphdmEudXRpbC5IYXNoTWFwBQfawcMWYNEDAAJGAApsb2FkRmFjdG9ySQAJdGhyZXNob2xkeHA/QAAAAAAADHcIAAAAEAAAAAJ0AFBvcmcuYXBhY2hlLnNoaXJvLnN1YmplY3Quc3VwcG9ydC5EZWZhdWx0U3ViamVjdENvbnRleHRfQVVUSEVOVElDQVRFRF9TRVNTSU9OX0tFWXNyABFqYXZhLmxhbmcuQm9vbGVhbs0gcoDVnPruAgABWgAFdmFsdWV4cAF0AE1vcmcuYXBhY2hlLnNoaXJvLnN1YmplY3Quc3VwcG9ydC5EZWZhdWx0U3ViamVjdENvbnRleHRfUFJJTkNJUEFMU19TRVNTSU9OX0tFWXNyADJvcmcuYXBhY2hlLnNoaXJvLnN1YmplY3QuU2ltcGxlUHJpbmNpcGFsQ29sbGVjdGlvbqh/WCXGowhKAwABTAAPcmVhbG1QcmluY2lwYWxzdAAPTGphdmEvdXRpbC9NYXA7eHBzcgAXamF2YS51dGlsLkxpbmtlZEhhc2hNYXA0wE5cEGzA+wIAAVoAC2FjY2Vzc09yZGVyeHEAfgAGP0AAAAAAAAx3CAAAABAAAAABdAAMTXlTaGlyb1JlYW1sc3IAF2phdmEudXRpbC5MaW5rZWRIYXNoU2V02GzXWpXdKh4CAAB4cgARamF2YS51dGlsLkhhc2hTZXS6RIWVlri3NAMAAHhwdwwAAAAQP0AAAAAAAAFzcgAfY29tLnRzLm1vZHVsZS5zeXN0ZW0ubW9kZWwuVXNlcgAAAAAAAAABAgAHSQAGaXNTdG9wSQAGdXNlcklkTAAHYWNjb3VudHQAEkxqYXZhL2xhbmcvU3RyaW5nO0wAB29yZ0NvZGVxAH4AFkwACHBhc3N3b3JkcQB+ABZMAAhwb3N0Q29kZXEAfgAWTAAIdXNlck5hbWVxAH4AFnhwAAAAAAAAAAJ0AAVhZG1pbnQAAzEwMnQAATF0AAUxMDIwMXQABWFkbWlueHgAdwEBcQB+ABB4eHg=', 'y/HOZgbhwhbuhQ0pX/vQ4Q==');
INSERT INTO `s_session_log` VALUES ('68', '7fc488d3-b149-4abe-8a37-db49c80de535', '127.0.0.1', '1800000', '2019-02-12 12:55:45', '2019-02-12 13:06:26', '10分41秒', '1', '测试', '123', 'rO0ABXNyACpvcmcuYXBhY2hlLnNoaXJvLnNlc3Npb24ubWd0LlNpbXBsZVNlc3Npb26dHKG41YxibgMAAHhwdwIA23QAJDdmYzQ4OGQzLWIxNDktNGFiZS04YTM3LWRiNDljODBkZTUzNXNyAA5qYXZhLnV0aWwuRGF0ZWhqgQFLWXQZAwAAeHB3CAAAAWjgD5tBeHNxAH4AA3cIAAABaOAZYSJ4dxkAAAAAABt3QAAPMDowOjA6MDowOjA6MDoxc3IAEWphdmEudXRpbC5IYXNoTWFwBQfawcMWYNEDAAJGAApsb2FkRmFjdG9ySQAJdGhyZXNob2xkeHA/QAAAAAAADHcIAAAAEAAAAAF0AE1vcmcuYXBhY2hlLnNoaXJvLnN1YmplY3Quc3VwcG9ydC5EZWZhdWx0U3ViamVjdENvbnRleHRfUFJJTkNJUEFMU19TRVNTSU9OX0tFWXNyADJvcmcuYXBhY2hlLnNoaXJvLnN1YmplY3QuU2ltcGxlUHJpbmNpcGFsQ29sbGVjdGlvbqh/WCXGowhKAwABTAAPcmVhbG1QcmluY2lwYWxzdAAPTGphdmEvdXRpbC9NYXA7eHBzcgAXamF2YS51dGlsLkxpbmtlZEhhc2hNYXA0wE5cEGzA+wIAAVoAC2FjY2Vzc09yZGVyeHEAfgAGP0AAAAAAAAx3CAAAABAAAAABdAAMTXlTaGlyb1JlYW1sc3IAF2phdmEudXRpbC5MaW5rZWRIYXNoU2V02GzXWpXdKh4CAAB4cgARamF2YS51dGlsLkhhc2hTZXS6RIWVlri3NAMAAHhwdwwAAAAQP0AAAAAAAAFzcgAfY29tLnRzLm1vZHVsZS5zeXN0ZW0ubW9kZWwuVXNlcgAAAAAAAAABAgAHSQAGaXNTdG9wSQAGdXNlcklkTAAHYWNjb3VudHQAEkxqYXZhL2xhbmcvU3RyaW5nO0wAB29yZ0NvZGVxAH4AE0wACHBhc3N3b3JkcQB+ABNMAAhwb3N0Q29kZXEAfgATTAAIdXNlck5hbWVxAH4AE3hwAAAAAAAAAAF0AAMxMjN0AAMxMDF0AAMxMjN0AAUxMDEwMXQABua1i+ivlXh4AHcBAXEAfgANeHh4', '3m6SYB75k2oz0VCUOh7UOw==');
INSERT INTO `s_session_log` VALUES ('69', '86cfe951-dfd4-4d83-880d-8e3797cd7a05', '127.0.0.1', '1800000', '2019-02-13 15:13:13', '2019-02-13 15:20:08', '6分55秒', '1', '测试', '123', 'rO0ABXNyACpvcmcuYXBhY2hlLnNoaXJvLnNlc3Npb24ubWd0LlNpbXBsZVNlc3Npb26dHKG41YxibgMAAHhwdwIA23QAJDg2Y2ZlOTUxLWRmZDQtNGQ4My04ODBkLThlMzc5N2NkN2EwNXNyAA5qYXZhLnV0aWwuRGF0ZWhqgQFLWXQZAwAAeHB3CAAAAWjls9JteHNxAH4AA3cIAAABaOW6Jst4dxkAAAAAABt3QAAPMDowOjA6MDowOjA6MDoxc3IAEWphdmEudXRpbC5IYXNoTWFwBQfawcMWYNEDAAJGAApsb2FkRmFjdG9ySQAJdGhyZXNob2xkeHA/QAAAAAAADHcIAAAAEAAAAAJ0AFBvcmcuYXBhY2hlLnNoaXJvLnN1YmplY3Quc3VwcG9ydC5EZWZhdWx0U3ViamVjdENvbnRleHRfQVVUSEVOVElDQVRFRF9TRVNTSU9OX0tFWXNyABFqYXZhLmxhbmcuQm9vbGVhbs0gcoDVnPruAgABWgAFdmFsdWV4cAF0AE1vcmcuYXBhY2hlLnNoaXJvLnN1YmplY3Quc3VwcG9ydC5EZWZhdWx0U3ViamVjdENvbnRleHRfUFJJTkNJUEFMU19TRVNTSU9OX0tFWXNyADJvcmcuYXBhY2hlLnNoaXJvLnN1YmplY3QuU2ltcGxlUHJpbmNpcGFsQ29sbGVjdGlvbqh/WCXGowhKAwABTAAPcmVhbG1QcmluY2lwYWxzdAAPTGphdmEvdXRpbC9NYXA7eHBzcgAXamF2YS51dGlsLkxpbmtlZEhhc2hNYXA0wE5cEGzA+wIAAVoAC2FjY2Vzc09yZGVyeHEAfgAGP0AAAAAAAAx3CAAAABAAAAABdAAMTXlTaGlyb1JlYW1sc3IAF2phdmEudXRpbC5MaW5rZWRIYXNoU2V02GzXWpXdKh4CAAB4cgARamF2YS51dGlsLkhhc2hTZXS6RIWVlri3NAMAAHhwdwwAAAAQP0AAAAAAAAFzcgAfY29tLnRzLm1vZHVsZS5zeXN0ZW0ubW9kZWwuVXNlcgAAAAAAAAABAgAHSQAGaXNTdG9wSQAGdXNlcklkTAAHYWNjb3VudHQAEkxqYXZhL2xhbmcvU3RyaW5nO0wAB29yZ0NvZGVxAH4AFkwACHBhc3N3b3JkcQB+ABZMAAhwb3N0Q29kZXEAfgAWTAAIdXNlck5hbWVxAH4AFnhwAAAAAAAAAAF0AAMxMjN0AAMxMDF0AAMxMjN0AAUxMDEwMXQABua1i+ivlXh4AHcBAXEAfgAQeHh4', 'xIM1JE2HCjS9iM5Cj3cb+Q==');
INSERT INTO `s_session_log` VALUES ('70', '8a500248-3597-4a13-b0ac-99e9c9da1050', '127.0.0.1', '1800000', '2019-02-13 16:24:39', '2019-02-13 16:27:43', '3分4秒', '1', '测试', '123', 'rO0ABXNyACpvcmcuYXBhY2hlLnNoaXJvLnNlc3Npb24ubWd0LlNpbXBsZVNlc3Npb26dHKG41YxibgMAAHhwdwIA23QAJDhhNTAwMjQ4LTM1OTctNGExMy1iMGFjLTk5ZTljOWRhMTA1MHNyAA5qYXZhLnV0aWwuRGF0ZWhqgQFLWXQZAwAAeHB3CAAAAWjl9TfOeHNxAH4AA3cIAAABaOX4B054dxkAAAAAABt3QAAPMDowOjA6MDowOjA6MDoxc3IAEWphdmEudXRpbC5IYXNoTWFwBQfawcMWYNEDAAJGAApsb2FkRmFjdG9ySQAJdGhyZXNob2xkeHA/QAAAAAAADHcIAAAAEAAAAAJ0AFBvcmcuYXBhY2hlLnNoaXJvLnN1YmplY3Quc3VwcG9ydC5EZWZhdWx0U3ViamVjdENvbnRleHRfQVVUSEVOVElDQVRFRF9TRVNTSU9OX0tFWXNyABFqYXZhLmxhbmcuQm9vbGVhbs0gcoDVnPruAgABWgAFdmFsdWV4cAF0AE1vcmcuYXBhY2hlLnNoaXJvLnN1YmplY3Quc3VwcG9ydC5EZWZhdWx0U3ViamVjdENvbnRleHRfUFJJTkNJUEFMU19TRVNTSU9OX0tFWXNyADJvcmcuYXBhY2hlLnNoaXJvLnN1YmplY3QuU2ltcGxlUHJpbmNpcGFsQ29sbGVjdGlvbqh/WCXGowhKAwABTAAPcmVhbG1QcmluY2lwYWxzdAAPTGphdmEvdXRpbC9NYXA7eHBzcgAXamF2YS51dGlsLkxpbmtlZEhhc2hNYXA0wE5cEGzA+wIAAVoAC2FjY2Vzc09yZGVyeHEAfgAGP0AAAAAAAAx3CAAAABAAAAABdAAMTXlTaGlyb1JlYW1sc3IAF2phdmEudXRpbC5MaW5rZWRIYXNoU2V02GzXWpXdKh4CAAB4cgARamF2YS51dGlsLkhhc2hTZXS6RIWVlri3NAMAAHhwdwwAAAAQP0AAAAAAAAFzcgAfY29tLnRzLm1vZHVsZS5zeXN0ZW0ubW9kZWwuVXNlcgAAAAAAAAABAgAHSQAGaXNTdG9wSQAGdXNlcklkTAAHYWNjb3VudHQAEkxqYXZhL2xhbmcvU3RyaW5nO0wAB29yZ0NvZGVxAH4AFkwACHBhc3N3b3JkcQB+ABZMAAhwb3N0Q29kZXEAfgAWTAAIdXNlck5hbWVxAH4AFnhwAAAAAAAAAAF0AAMxMjN0AAMxMDF0AAMxMjN0AAUxMDEwMXQABua1i+ivlXh4AHcBAXEAfgAQeHh4', 'Z7DLTUdLyOet/yFX/8NC/Q==');
INSERT INTO `s_session_log` VALUES ('71', 'b4cf6642-25e2-4626-916a-43c572a142e7', '127.0.0.1', '1800000', '2019-02-13 17:41:41', '2019-02-13 17:41:47', '0分6秒', '1', '测试', '123', 'rO0ABXNyACpvcmcuYXBhY2hlLnNoaXJvLnNlc3Npb24ubWd0LlNpbXBsZVNlc3Npb26dHKG41YxibgMAAHhwdwIA23QAJGI0Y2Y2NjQyLTI1ZTItNDYyNi05MTZhLTQzYzU3MmExNDJlN3NyAA5qYXZhLnV0aWwuRGF0ZWhqgQFLWXQZAwAAeHB3CAAAAWjmO7/LeHNxAH4AA3cIAAABaOY710d4dxkAAAAAABt3QAAPMDowOjA6MDowOjA6MDoxc3IAEWphdmEudXRpbC5IYXNoTWFwBQfawcMWYNEDAAJGAApsb2FkRmFjdG9ySQAJdGhyZXNob2xkeHA/QAAAAAAADHcIAAAAEAAAAAJ0AFBvcmcuYXBhY2hlLnNoaXJvLnN1YmplY3Quc3VwcG9ydC5EZWZhdWx0U3ViamVjdENvbnRleHRfQVVUSEVOVElDQVRFRF9TRVNTSU9OX0tFWXNyABFqYXZhLmxhbmcuQm9vbGVhbs0gcoDVnPruAgABWgAFdmFsdWV4cAF0AE1vcmcuYXBhY2hlLnNoaXJvLnN1YmplY3Quc3VwcG9ydC5EZWZhdWx0U3ViamVjdENvbnRleHRfUFJJTkNJUEFMU19TRVNTSU9OX0tFWXNyADJvcmcuYXBhY2hlLnNoaXJvLnN1YmplY3QuU2ltcGxlUHJpbmNpcGFsQ29sbGVjdGlvbqh/WCXGowhKAwABTAAPcmVhbG1QcmluY2lwYWxzdAAPTGphdmEvdXRpbC9NYXA7eHBzcgAXamF2YS51dGlsLkxpbmtlZEhhc2hNYXA0wE5cEGzA+wIAAVoAC2FjY2Vzc09yZGVyeHEAfgAGP0AAAAAAAAx3CAAAABAAAAABdAAMTXlTaGlyb1JlYW1sc3IAF2phdmEudXRpbC5MaW5rZWRIYXNoU2V02GzXWpXdKh4CAAB4cgARamF2YS51dGlsLkhhc2hTZXS6RIWVlri3NAMAAHhwdwwAAAAQP0AAAAAAAAFzcgAfY29tLnRzLm1vZHVsZS5zeXN0ZW0ubW9kZWwuVXNlcgAAAAAAAAABAgAHSQAGaXNTdG9wSQAGdXNlcklkTAAHYWNjb3VudHQAEkxqYXZhL2xhbmcvU3RyaW5nO0wAB29yZ0NvZGVxAH4AFkwACHBhc3N3b3JkcQB+ABZMAAhwb3N0Q29kZXEAfgAWTAAIdXNlck5hbWVxAH4AFnhwAAAAAAAAAAF0AAMxMjN0AAMxMDF0AAMxMjN0AAUxMDEwMXQABua1i+ivlXh4AHcBAXEAfgAQeHh4', '5z6a8a/NBVR0OBkEKLqOsg==');
INSERT INTO `s_session_log` VALUES ('72', 'e481a1ed-aa33-4969-8645-430ec211614f', '127.0.0.1', '1800000', '2019-02-14 00:15:29', '2019-02-14 01:35:55', '1小时20分26秒', '2', 'admin', 'admin', 'rO0ABXNyACpvcmcuYXBhY2hlLnNoaXJvLnNlc3Npb24ubWd0LlNpbXBsZVNlc3Npb26dHKG41YxibgMAAHhwdwIA23QAJGU0ODFhMWVkLWFhMzMtNDk2OS04NjQ1LTQzMGVjMjExNjE0ZnNyAA5qYXZhLnV0aWwuRGF0ZWhqgQFLWXQZAwAAeHB3CAAAAWjnpEUCeHNxAH4AA3cIAAABaOft6Y14dxkAAAAAABt3QAAPMDowOjA6MDowOjA6MDoxc3IAEWphdmEudXRpbC5IYXNoTWFwBQfawcMWYNEDAAJGAApsb2FkRmFjdG9ySQAJdGhyZXNob2xkeHA/QAAAAAAADHcIAAAAEAAAAAJ0AFBvcmcuYXBhY2hlLnNoaXJvLnN1YmplY3Quc3VwcG9ydC5EZWZhdWx0U3ViamVjdENvbnRleHRfQVVUSEVOVElDQVRFRF9TRVNTSU9OX0tFWXNyABFqYXZhLmxhbmcuQm9vbGVhbs0gcoDVnPruAgABWgAFdmFsdWV4cAF0AE1vcmcuYXBhY2hlLnNoaXJvLnN1YmplY3Quc3VwcG9ydC5EZWZhdWx0U3ViamVjdENvbnRleHRfUFJJTkNJUEFMU19TRVNTSU9OX0tFWXNyADJvcmcuYXBhY2hlLnNoaXJvLnN1YmplY3QuU2ltcGxlUHJpbmNpcGFsQ29sbGVjdGlvbqh/WCXGowhKAwABTAAPcmVhbG1QcmluY2lwYWxzdAAPTGphdmEvdXRpbC9NYXA7eHBzcgAXamF2YS51dGlsLkxpbmtlZEhhc2hNYXA0wE5cEGzA+wIAAVoAC2FjY2Vzc09yZGVyeHEAfgAGP0AAAAAAAAx3CAAAABAAAAABdAAMTXlTaGlyb1JlYW1sc3IAF2phdmEudXRpbC5MaW5rZWRIYXNoU2V02GzXWpXdKh4CAAB4cgARamF2YS51dGlsLkhhc2hTZXS6RIWVlri3NAMAAHhwdwwAAAACP0AAAAAAAAFzcgAfY29tLnRzLm1vZHVsZS5zeXN0ZW0ubW9kZWwuVXNlcgAAAAAAAAABAgAHSQAGaXNTdG9wSQAGdXNlcklkTAAHYWNjb3VudHQAEkxqYXZhL2xhbmcvU3RyaW5nO0wAB29yZ0NvZGVxAH4AFkwACHBhc3N3b3JkcQB+ABZMAAhwb3N0Q29kZXEAfgAWTAAIdXNlck5hbWVxAH4AFnhwAAAAAAAAAAJ0AAVhZG1pbnQAAzEwMnQAATF0AAUxMDIwMXQABWFkbWlueHgAdwEBcQB+ABB4eHg=', 'N16eH1z5SLK2x9DItAnobw==');
INSERT INTO `s_session_log` VALUES ('73', '23ea105b-682c-46df-81fa-62feed1330b5', '127.0.0.1', '1800000', '2019-02-14 21:40:21', '2019-02-15 00:49:19', '3小时8分58秒', '2', 'admin', 'admin', 'rO0ABXNyACpvcmcuYXBhY2hlLnNoaXJvLnNlc3Npb24ubWd0LlNpbXBsZVNlc3Npb26dHKG41YxibgMAAHhwdwIA23QAJDIzZWExMDViLTY4MmMtNDZkZi04MWZhLTYyZmVlZDEzMzBiNXNyAA5qYXZhLnV0aWwuRGF0ZWhqgQFLWXQZAwAAeHB3CAAAAWjsPJy4eHNxAH4AA3cIAAABaOzpmwV4dxkAAAAAABt3QAAPMDowOjA6MDowOjA6MDoxc3IAEWphdmEudXRpbC5IYXNoTWFwBQfawcMWYNEDAAJGAApsb2FkRmFjdG9ySQAJdGhyZXNob2xkeHA/QAAAAAAADHcIAAAAEAAAAAN0AAdraWNrb3V0c3IAEWphdmEubGFuZy5Cb29sZWFuzSBygNWc+u4CAAFaAAV2YWx1ZXhwAXQAUG9yZy5hcGFjaGUuc2hpcm8uc3ViamVjdC5zdXBwb3J0LkRlZmF1bHRTdWJqZWN0Q29udGV4dF9BVVRIRU5USUNBVEVEX1NFU1NJT05fS0VZc3EAfgAJAXQATW9yZy5hcGFjaGUuc2hpcm8uc3ViamVjdC5zdXBwb3J0LkRlZmF1bHRTdWJqZWN0Q29udGV4dF9QUklOQ0lQQUxTX1NFU1NJT05fS0VZc3IAMm9yZy5hcGFjaGUuc2hpcm8uc3ViamVjdC5TaW1wbGVQcmluY2lwYWxDb2xsZWN0aW9uqH9YJcajCEoDAAFMAA9yZWFsbVByaW5jaXBhbHN0AA9MamF2YS91dGlsL01hcDt4cHNyABdqYXZhLnV0aWwuTGlua2VkSGFzaE1hcDTATlwQbMD7AgABWgALYWNjZXNzT3JkZXJ4cQB+AAY/QAAAAAAADHcIAAAAEAAAAAF0AAxNeVNoaXJvUmVhbWxzcgAXamF2YS51dGlsLkxpbmtlZEhhc2hTZXTYbNdald0qHgIAAHhyABFqYXZhLnV0aWwuSGFzaFNldLpEhZWWuLc0AwAAeHB3DAAAAAI/QAAAAAAAAXNyAB9jb20udHMubW9kdWxlLnN5c3RlbS5tb2RlbC5Vc2VyAAAAAAAAAAECAAdJAAZpc1N0b3BJAAZ1c2VySWRMAAdhY2NvdW50dAASTGphdmEvbGFuZy9TdHJpbmc7TAAHb3JnQ29kZXEAfgAYTAAIcGFzc3dvcmRxAH4AGEwACHBvc3RDb2RlcQB+ABhMAAh1c2VyTmFtZXEAfgAYeHAAAAAAAAAAAnQABWFkbWludAADMTAydAABMXQABTEwMjAxdAAFYWRtaW54eAB3AQFxAH4AEnh4eA==', 'e0cFwD67FV3K0PvrBfrxXg==');
INSERT INTO `s_session_log` VALUES ('74', '7a702bd7-27c3-4c55-89a0-24d344b0f8ba', '127.0.0.1', '1800000', '2019-02-15 00:50:11', '2019-02-15 01:50:12', '1小时0分1秒', '2', 'admin', 'admin', 'rO0ABXNyACpvcmcuYXBhY2hlLnNoaXJvLnNlc3Npb24ubWd0LlNpbXBsZVNlc3Npb26dHKG41YxibgMAAHhwdwIA23QAJDdhNzAyYmQ3LTI3YzMtNGM1NS04OWEwLTI0ZDM0NGIwZjhiYXNyAA5qYXZhLnV0aWwuRGF0ZWhqgQFLWXQZAwAAeHB3CAAAAWjs6mhUeHNxAH4AA3cIAAABaO0hWSp4dxkAAAAAABt3QAAPMDowOjA6MDowOjA6MDoxc3IAEWphdmEudXRpbC5IYXNoTWFwBQfawcMWYNEDAAJGAApsb2FkRmFjdG9ySQAJdGhyZXNob2xkeHA/QAAAAAAADHcIAAAAEAAAAAJ0AFBvcmcuYXBhY2hlLnNoaXJvLnN1YmplY3Quc3VwcG9ydC5EZWZhdWx0U3ViamVjdENvbnRleHRfQVVUSEVOVElDQVRFRF9TRVNTSU9OX0tFWXNyABFqYXZhLmxhbmcuQm9vbGVhbs0gcoDVnPruAgABWgAFdmFsdWV4cAF0AE1vcmcuYXBhY2hlLnNoaXJvLnN1YmplY3Quc3VwcG9ydC5EZWZhdWx0U3ViamVjdENvbnRleHRfUFJJTkNJUEFMU19TRVNTSU9OX0tFWXNyADJvcmcuYXBhY2hlLnNoaXJvLnN1YmplY3QuU2ltcGxlUHJpbmNpcGFsQ29sbGVjdGlvbqh/WCXGowhKAwABTAAPcmVhbG1QcmluY2lwYWxzdAAPTGphdmEvdXRpbC9NYXA7eHBzcgAXamF2YS51dGlsLkxpbmtlZEhhc2hNYXA0wE5cEGzA+wIAAVoAC2FjY2Vzc09yZGVyeHEAfgAGP0AAAAAAAAx3CAAAABAAAAABdAAMTXlTaGlyb1JlYW1sc3IAF2phdmEudXRpbC5MaW5rZWRIYXNoU2V02GzXWpXdKh4CAAB4cgARamF2YS51dGlsLkhhc2hTZXS6RIWVlri3NAMAAHhwdwwAAAACP0AAAAAAAAFzcgAfY29tLnRzLm1vZHVsZS5zeXN0ZW0ubW9kZWwuVXNlcgAAAAAAAAABAgAHSQAGaXNTdG9wSQAGdXNlcklkTAAHYWNjb3VudHQAEkxqYXZhL2xhbmcvU3RyaW5nO0wAB29yZ0NvZGVxAH4AFkwACHBhc3N3b3JkcQB+ABZMAAhwb3N0Q29kZXEAfgAWTAAIdXNlck5hbWVxAH4AFnhwAAAAAAAAAAJ0AAVhZG1pbnQAAzEwMnQAATF0AAUxMDIwMXQABWFkbWlueHgAdwEBcQB+ABB4eHg=', 'gJSUlAOrLkVnQ8nf2mQdlw==');
INSERT INTO `s_session_log` VALUES ('75', '8b623cfe-5866-4fe1-80e0-2638f619a3a4', '127.0.0.1', '1800000', '2019-02-16 10:41:14', '2019-02-16 11:46:01', '1小时4分47秒', '2', 'admin', 'admin', 'rO0ABXNyACpvcmcuYXBhY2hlLnNoaXJvLnNlc3Npb24ubWd0LlNpbXBsZVNlc3Npb26dHKG41YxibgMAAHhwdwIA23QAJDhiNjIzY2ZlLTU4NjYtNGZlMS04MGUwLTI2MzhmNjE5YTNhNHNyAA5qYXZhLnV0aWwuRGF0ZWhqgQFLWXQZAwAAeHB3CAAAAWj0LeS7eHNxAH4AA3cIAAABaPRpMKt4dxkAAAAAABt3QAAPMDowOjA6MDowOjA6MDoxc3IAEWphdmEudXRpbC5IYXNoTWFwBQfawcMWYNEDAAJGAApsb2FkRmFjdG9ySQAJdGhyZXNob2xkeHA/QAAAAAAADHcIAAAAEAAAAAJ0AFBvcmcuYXBhY2hlLnNoaXJvLnN1YmplY3Quc3VwcG9ydC5EZWZhdWx0U3ViamVjdENvbnRleHRfQVVUSEVOVElDQVRFRF9TRVNTSU9OX0tFWXNyABFqYXZhLmxhbmcuQm9vbGVhbs0gcoDVnPruAgABWgAFdmFsdWV4cAF0AE1vcmcuYXBhY2hlLnNoaXJvLnN1YmplY3Quc3VwcG9ydC5EZWZhdWx0U3ViamVjdENvbnRleHRfUFJJTkNJUEFMU19TRVNTSU9OX0tFWXNyADJvcmcuYXBhY2hlLnNoaXJvLnN1YmplY3QuU2ltcGxlUHJpbmNpcGFsQ29sbGVjdGlvbqh/WCXGowhKAwABTAAPcmVhbG1QcmluY2lwYWxzdAAPTGphdmEvdXRpbC9NYXA7eHBzcgAXamF2YS51dGlsLkxpbmtlZEhhc2hNYXA0wE5cEGzA+wIAAVoAC2FjY2Vzc09yZGVyeHEAfgAGP0AAAAAAAAx3CAAAABAAAAABdAAMTXlTaGlyb1JlYW1sc3IAF2phdmEudXRpbC5MaW5rZWRIYXNoU2V02GzXWpXdKh4CAAB4cgARamF2YS51dGlsLkhhc2hTZXS6RIWVlri3NAMAAHhwdwwAAAAQP0AAAAAAAAFzcgAfY29tLnRzLm1vZHVsZS5zeXN0ZW0ubW9kZWwuVXNlcgAAAAAAAAABAgAHSQAGaXNTdG9wSQAGdXNlcklkTAAHYWNjb3VudHQAEkxqYXZhL2xhbmcvU3RyaW5nO0wAB29yZ0NvZGVxAH4AFkwACHBhc3N3b3JkcQB+ABZMAAhwb3N0Q29kZXEAfgAWTAAIdXNlck5hbWVxAH4AFnhwAAAAAAAAAAJ0AAVhZG1pbnQAAzEwMnQAATF0AAUxMDIwMXQABWFkbWlueHgAdwEBcQB+ABB4eHg=', 'ySPjpOCGyXTMN7aD8yD+zQ==');
INSERT INTO `s_session_log` VALUES ('76', '264785ed-4179-4ef3-a494-bcda73c49ced', '127.0.0.1', '1800000', '2019-02-16 13:49:21', '2019-02-16 13:56:57', '7分36秒', '2', 'admin', 'admin', 'rO0ABXNyACpvcmcuYXBhY2hlLnNoaXJvLnNlc3Npb24ubWd0LlNpbXBsZVNlc3Npb26dHKG41YxibgMAAHhwdwIA23QAJDI2NDc4NWVkLTQxNzktNGVmMy1hNDk0LWJjZGE3M2M0OWNlZHNyAA5qYXZhLnV0aWwuRGF0ZWhqgQFLWXQZAwAAeHB3CAAAAWj02hxweHNxAH4AA3cIAAABaPThEdt4dxkAAAAAABt3QAAPMDowOjA6MDowOjA6MDoxc3IAEWphdmEudXRpbC5IYXNoTWFwBQfawcMWYNEDAAJGAApsb2FkRmFjdG9ySQAJdGhyZXNob2xkeHA/QAAAAAAADHcIAAAAEAAAAAN0AAdraWNrb3V0c3IAEWphdmEubGFuZy5Cb29sZWFuzSBygNWc+u4CAAFaAAV2YWx1ZXhwAXQAUG9yZy5hcGFjaGUuc2hpcm8uc3ViamVjdC5zdXBwb3J0LkRlZmF1bHRTdWJqZWN0Q29udGV4dF9BVVRIRU5USUNBVEVEX1NFU1NJT05fS0VZcQB+AAp0AE1vcmcuYXBhY2hlLnNoaXJvLnN1YmplY3Quc3VwcG9ydC5EZWZhdWx0U3ViamVjdENvbnRleHRfUFJJTkNJUEFMU19TRVNTSU9OX0tFWXNyADJvcmcuYXBhY2hlLnNoaXJvLnN1YmplY3QuU2ltcGxlUHJpbmNpcGFsQ29sbGVjdGlvbqh/WCXGowhKAwABTAAPcmVhbG1QcmluY2lwYWxzdAAPTGphdmEvdXRpbC9NYXA7eHBzcgAXamF2YS51dGlsLkxpbmtlZEhhc2hNYXA0wE5cEGzA+wIAAVoAC2FjY2Vzc09yZGVyeHEAfgAGP0AAAAAAAAx3CAAAABAAAAABdAAMTXlTaGlyb1JlYW1sc3IAF2phdmEudXRpbC5MaW5rZWRIYXNoU2V02GzXWpXdKh4CAAB4cgARamF2YS51dGlsLkhhc2hTZXS6RIWVlri3NAMAAHhwdwwAAAAQP0AAAAAAAAFzcgAfY29tLnRzLm1vZHVsZS5zeXN0ZW0ubW9kZWwuVXNlcgAAAAAAAAABAgAHSQAGaXNTdG9wSQAGdXNlcklkTAAHYWNjb3VudHQAEkxqYXZhL2xhbmcvU3RyaW5nO0wAB29yZ0NvZGVxAH4AF0wACHBhc3N3b3JkcQB+ABdMAAhwb3N0Q29kZXEAfgAXTAAIdXNlck5hbWVxAH4AF3hwAAAAAAAAAAJ0AAVhZG1pbnQAAzEwMnQAATF0AAUxMDIwMXQABWFkbWlueHgAdwEBcQB+ABF4eHg=', 'X7t0W1G78c899VRjJn0YlA==');
INSERT INTO `s_session_log` VALUES ('77', '98080236-dbc5-4f48-b561-3a02390ed801', '127.0.0.1', '1800000', '2019-02-16 13:57:16', '2019-02-16 14:16:33', '19分17秒', '2', 'admin', 'admin', 'rO0ABXNyACpvcmcuYXBhY2hlLnNoaXJvLnNlc3Npb24ubWd0LlNpbXBsZVNlc3Npb26dHKG41YxibgMAAHhwdwIA23QAJDk4MDgwMjM2LWRiYzUtNGY0OC1iNTYxLTNhMDIzOTBlZDgwMXNyAA5qYXZhLnV0aWwuRGF0ZWhqgQFLWXQZAwAAeHB3CAAAAWj04V10eHNxAH4AA3cIAAABaPTzAtV4dxkAAAAAABt3QAAPMDowOjA6MDowOjA6MDoxc3IAEWphdmEudXRpbC5IYXNoTWFwBQfawcMWYNEDAAJGAApsb2FkRmFjdG9ySQAJdGhyZXNob2xkeHA/QAAAAAAADHcIAAAAEAAAAAJ0AFBvcmcuYXBhY2hlLnNoaXJvLnN1YmplY3Quc3VwcG9ydC5EZWZhdWx0U3ViamVjdENvbnRleHRfQVVUSEVOVElDQVRFRF9TRVNTSU9OX0tFWXNyABFqYXZhLmxhbmcuQm9vbGVhbs0gcoDVnPruAgABWgAFdmFsdWV4cAF0AE1vcmcuYXBhY2hlLnNoaXJvLnN1YmplY3Quc3VwcG9ydC5EZWZhdWx0U3ViamVjdENvbnRleHRfUFJJTkNJUEFMU19TRVNTSU9OX0tFWXNyADJvcmcuYXBhY2hlLnNoaXJvLnN1YmplY3QuU2ltcGxlUHJpbmNpcGFsQ29sbGVjdGlvbqh/WCXGowhKAwABTAAPcmVhbG1QcmluY2lwYWxzdAAPTGphdmEvdXRpbC9NYXA7eHBzcgAXamF2YS51dGlsLkxpbmtlZEhhc2hNYXA0wE5cEGzA+wIAAVoAC2FjY2Vzc09yZGVyeHEAfgAGP0AAAAAAAAx3CAAAABAAAAABdAAMTXlTaGlyb1JlYW1sc3IAF2phdmEudXRpbC5MaW5rZWRIYXNoU2V02GzXWpXdKh4CAAB4cgARamF2YS51dGlsLkhhc2hTZXS6RIWVlri3NAMAAHhwdwwAAAAQP0AAAAAAAAFzcgAfY29tLnRzLm1vZHVsZS5zeXN0ZW0ubW9kZWwuVXNlcgAAAAAAAAABAgAHSQAGaXNTdG9wSQAGdXNlcklkTAAHYWNjb3VudHQAEkxqYXZhL2xhbmcvU3RyaW5nO0wAB29yZ0NvZGVxAH4AFkwACHBhc3N3b3JkcQB+ABZMAAhwb3N0Q29kZXEAfgAWTAAIdXNlck5hbWVxAH4AFnhwAAAAAAAAAAJ0AAVhZG1pbnQAAzEwMnQAATF0AAUxMDIwMXQABWFkbWlueHgAdwEBcQB+ABB4eHg=', 'h42qwb9MnNTihfEI2jeb/A==');
INSERT INTO `s_session_log` VALUES ('78', '66b536f0-2ed5-400e-a9ee-37022c533302', '127.0.0.1', '1800000', '2019-02-16 16:44:51', '2019-02-16 17:44:00', '59分9秒', '2', 'admin', 'admin', 'rO0ABXNyACpvcmcuYXBhY2hlLnNoaXJvLnNlc3Npb24ubWd0LlNpbXBsZVNlc3Npb26dHKG41YxibgMAAHhwdwIA23QAJDY2YjUzNmYwLTJlZDUtNDAwZS1hOWVlLTM3MDIyYzUzMzMwMnNyAA5qYXZhLnV0aWwuRGF0ZWhqgQFLWXQZAwAAeHB3CAAAAWj1esjgeHNxAH4AA3cIAAABaPWw8Il4dxkAAAAAABt3QAAPMDowOjA6MDowOjA6MDoxc3IAEWphdmEudXRpbC5IYXNoTWFwBQfawcMWYNEDAAJGAApsb2FkRmFjdG9ySQAJdGhyZXNob2xkeHA/QAAAAAAADHcIAAAAEAAAAAJ0AFBvcmcuYXBhY2hlLnNoaXJvLnN1YmplY3Quc3VwcG9ydC5EZWZhdWx0U3ViamVjdENvbnRleHRfQVVUSEVOVElDQVRFRF9TRVNTSU9OX0tFWXNyABFqYXZhLmxhbmcuQm9vbGVhbs0gcoDVnPruAgABWgAFdmFsdWV4cAF0AE1vcmcuYXBhY2hlLnNoaXJvLnN1YmplY3Quc3VwcG9ydC5EZWZhdWx0U3ViamVjdENvbnRleHRfUFJJTkNJUEFMU19TRVNTSU9OX0tFWXNyADJvcmcuYXBhY2hlLnNoaXJvLnN1YmplY3QuU2ltcGxlUHJpbmNpcGFsQ29sbGVjdGlvbqh/WCXGowhKAwABTAAPcmVhbG1QcmluY2lwYWxzdAAPTGphdmEvdXRpbC9NYXA7eHBzcgAXamF2YS51dGlsLkxpbmtlZEhhc2hNYXA0wE5cEGzA+wIAAVoAC2FjY2Vzc09yZGVyeHEAfgAGP0AAAAAAAAx3CAAAABAAAAABdAAMTXlTaGlyb1JlYW1sc3IAF2phdmEudXRpbC5MaW5rZWRIYXNoU2V02GzXWpXdKh4CAAB4cgARamF2YS51dGlsLkhhc2hTZXS6RIWVlri3NAMAAHhwdwwAAAAQP0AAAAAAAAFzcgAfY29tLnRzLm1vZHVsZS5zeXN0ZW0ubW9kZWwuVXNlcgAAAAAAAAABAgAHSQAGaXNTdG9wSQAGdXNlcklkTAAHYWNjb3VudHQAEkxqYXZhL2xhbmcvU3RyaW5nO0wAB29yZ0NvZGVxAH4AFkwACHBhc3N3b3JkcQB+ABZMAAhwb3N0Q29kZXEAfgAWTAAIdXNlck5hbWVxAH4AFnhwAAAAAAAAAAJ0AAVhZG1pbnQAAzEwMnQAATF0AAUxMDIwMXQABWFkbWlueHgAdwEBcQB+ABB4eHg=', 'Bd7dgu5k2yw2yWc5FTtAwA==');
INSERT INTO `s_session_log` VALUES ('79', 'ccc8173f-ee41-40bb-86bb-67992aa31b8b', '127.0.0.1', '1800000', '2019-02-17 10:41:16', '2019-02-17 11:09:36', '28分20秒', '2', 'admin', 'admin', 'rO0ABXNyACpvcmcuYXBhY2hlLnNoaXJvLnNlc3Npb24ubWd0LlNpbXBsZVNlc3Npb26dHKG41YxibgMAAHhwdwIA23QAJGNjYzgxNzNmLWVlNDEtNDBiYi04NmJiLTY3OTkyYWEzMWI4YnNyAA5qYXZhLnV0aWwuRGF0ZWhqgQFLWXQZAwAAeHB3CAAAAWj5VEVBeHNxAH4AA3cIAAABaPluN/54dxkAAAAAABt3QAAPMDowOjA6MDowOjA6MDoxc3IAEWphdmEudXRpbC5IYXNoTWFwBQfawcMWYNEDAAJGAApsb2FkRmFjdG9ySQAJdGhyZXNob2xkeHA/QAAAAAAADHcIAAAAEAAAAAJ0AFBvcmcuYXBhY2hlLnNoaXJvLnN1YmplY3Quc3VwcG9ydC5EZWZhdWx0U3ViamVjdENvbnRleHRfQVVUSEVOVElDQVRFRF9TRVNTSU9OX0tFWXNyABFqYXZhLmxhbmcuQm9vbGVhbs0gcoDVnPruAgABWgAFdmFsdWV4cAF0AE1vcmcuYXBhY2hlLnNoaXJvLnN1YmplY3Quc3VwcG9ydC5EZWZhdWx0U3ViamVjdENvbnRleHRfUFJJTkNJUEFMU19TRVNTSU9OX0tFWXNyADJvcmcuYXBhY2hlLnNoaXJvLnN1YmplY3QuU2ltcGxlUHJpbmNpcGFsQ29sbGVjdGlvbqh/WCXGowhKAwABTAAPcmVhbG1QcmluY2lwYWxzdAAPTGphdmEvdXRpbC9NYXA7eHBzcgAXamF2YS51dGlsLkxpbmtlZEhhc2hNYXA0wE5cEGzA+wIAAVoAC2FjY2Vzc09yZGVyeHEAfgAGP0AAAAAAAAx3CAAAABAAAAABdAAMTXlTaGlyb1JlYW1sc3IAF2phdmEudXRpbC5MaW5rZWRIYXNoU2V02GzXWpXdKh4CAAB4cgARamF2YS51dGlsLkhhc2hTZXS6RIWVlri3NAMAAHhwdwwAAAACP0AAAAAAAAFzcgAfY29tLnRzLm1vZHVsZS5zeXN0ZW0ubW9kZWwuVXNlcgAAAAAAAAABAgAHSQAGaXNTdG9wSQAGdXNlcklkTAAHYWNjb3VudHQAEkxqYXZhL2xhbmcvU3RyaW5nO0wAB29yZ0NvZGVxAH4AFkwACHBhc3N3b3JkcQB+ABZMAAhwb3N0Q29kZXEAfgAWTAAIdXNlck5hbWVxAH4AFnhwAAAAAAAAAAJ0AAVhZG1pbnQAAzEwMnQAATF0AAUxMDIwMXQABWFkbWlueHgAdwEBcQB+ABB4eHg=', 's2vJdu/VMu8Wc1hQFf4suQ==');
INSERT INTO `s_session_log` VALUES ('80', 'b3a0ffff-02cf-4512-b467-51f6beb72bb2', '127.0.0.1', '1800000', '2019-02-17 20:40:09', '2019-02-17 21:05:11', '25分2秒', '2', 'admin', 'admin', 'rO0ABXNyACpvcmcuYXBhY2hlLnNoaXJvLnNlc3Npb24ubWd0LlNpbXBsZVNlc3Npb26dHKG41YxibgMAAHhwdwIA23QAJGIzYTBmZmZmLTAyY2YtNDUxMi1iNDY3LTUxZjZiZWI3MmJiMnNyAA5qYXZhLnV0aWwuRGF0ZWhqgQFLWXQZAwAAeHB3CAAAAWj7eJJzeHNxAH4AA3cIAAABaPuPfLB4dxkAAAAAABt3QAAPMDowOjA6MDowOjA6MDoxc3IAEWphdmEudXRpbC5IYXNoTWFwBQfawcMWYNEDAAJGAApsb2FkRmFjdG9ySQAJdGhyZXNob2xkeHA/QAAAAAAADHcIAAAAEAAAAAN0AAdraWNrb3V0c3IAEWphdmEubGFuZy5Cb29sZWFuzSBygNWc+u4CAAFaAAV2YWx1ZXhwAXQAUG9yZy5hcGFjaGUuc2hpcm8uc3ViamVjdC5zdXBwb3J0LkRlZmF1bHRTdWJqZWN0Q29udGV4dF9BVVRIRU5USUNBVEVEX1NFU1NJT05fS0VZcQB+AAp0AE1vcmcuYXBhY2hlLnNoaXJvLnN1YmplY3Quc3VwcG9ydC5EZWZhdWx0U3ViamVjdENvbnRleHRfUFJJTkNJUEFMU19TRVNTSU9OX0tFWXNyADJvcmcuYXBhY2hlLnNoaXJvLnN1YmplY3QuU2ltcGxlUHJpbmNpcGFsQ29sbGVjdGlvbqh/WCXGowhKAwABTAAPcmVhbG1QcmluY2lwYWxzdAAPTGphdmEvdXRpbC9NYXA7eHBzcgAXamF2YS51dGlsLkxpbmtlZEhhc2hNYXA0wE5cEGzA+wIAAVoAC2FjY2Vzc09yZGVyeHEAfgAGP0AAAAAAAAx3CAAAABAAAAABdAAMTXlTaGlyb1JlYW1sc3IAF2phdmEudXRpbC5MaW5rZWRIYXNoU2V02GzXWpXdKh4CAAB4cgARamF2YS51dGlsLkhhc2hTZXS6RIWVlri3NAMAAHhwdwwAAAAQP0AAAAAAAAFzcgAfY29tLnRzLm1vZHVsZS5zeXN0ZW0ubW9kZWwuVXNlcgAAAAAAAAABAgAHSQAGaXNTdG9wSQAGdXNlcklkTAAHYWNjb3VudHQAEkxqYXZhL2xhbmcvU3RyaW5nO0wAB29yZ0NvZGVxAH4AF0wACHBhc3N3b3JkcQB+ABdMAAhwb3N0Q29kZXEAfgAXTAAIdXNlck5hbWVxAH4AF3hwAAAAAAAAAAJ0AAVhZG1pbnQAAzEwMnQAATF0AAUxMDIwMXQABWFkbWlueHgAdwEBcQB+ABF4eHg=', 'w74J7o/fMj19MdBLUxdvEQ==');
INSERT INTO `s_session_log` VALUES ('81', '0c24bae2-6798-43cc-85e5-bf54add83d21', '127.0.0.1', '1800000', '2019-02-17 21:05:25', '2019-02-17 21:05:45', '0分20秒', '2', 'admin', 'admin', 'rO0ABXNyACpvcmcuYXBhY2hlLnNoaXJvLnNlc3Npb24ubWd0LlNpbXBsZVNlc3Npb26dHKG41YxibgMAAHhwdwIA23QAJDBjMjRiYWUyLTY3OTgtNDNjYy04NWU1LWJmNTRhZGQ4M2QyMXNyAA5qYXZhLnV0aWwuRGF0ZWhqgQFLWXQZAwAAeHB3CAAAAWj7j7QPeHNxAH4AA3cIAAABaPuQATZ4dxkAAAAAABt3QAAPMDowOjA6MDowOjA6MDoxc3IAEWphdmEudXRpbC5IYXNoTWFwBQfawcMWYNEDAAJGAApsb2FkRmFjdG9ySQAJdGhyZXNob2xkeHA/QAAAAAAADHcIAAAAEAAAAAN0AAdraWNrb3V0c3IAEWphdmEubGFuZy5Cb29sZWFuzSBygNWc+u4CAAFaAAV2YWx1ZXhwAXQAUG9yZy5hcGFjaGUuc2hpcm8uc3ViamVjdC5zdXBwb3J0LkRlZmF1bHRTdWJqZWN0Q29udGV4dF9BVVRIRU5USUNBVEVEX1NFU1NJT05fS0VZcQB+AAp0AE1vcmcuYXBhY2hlLnNoaXJvLnN1YmplY3Quc3VwcG9ydC5EZWZhdWx0U3ViamVjdENvbnRleHRfUFJJTkNJUEFMU19TRVNTSU9OX0tFWXNyADJvcmcuYXBhY2hlLnNoaXJvLnN1YmplY3QuU2ltcGxlUHJpbmNpcGFsQ29sbGVjdGlvbqh/WCXGowhKAwABTAAPcmVhbG1QcmluY2lwYWxzdAAPTGphdmEvdXRpbC9NYXA7eHBzcgAXamF2YS51dGlsLkxpbmtlZEhhc2hNYXA0wE5cEGzA+wIAAVoAC2FjY2Vzc09yZGVyeHEAfgAGP0AAAAAAAAx3CAAAABAAAAABdAAMTXlTaGlyb1JlYW1sc3IAF2phdmEudXRpbC5MaW5rZWRIYXNoU2V02GzXWpXdKh4CAAB4cgARamF2YS51dGlsLkhhc2hTZXS6RIWVlri3NAMAAHhwdwwAAAAQP0AAAAAAAAFzcgAfY29tLnRzLm1vZHVsZS5zeXN0ZW0ubW9kZWwuVXNlcgAAAAAAAAABAgAHSQAGaXNTdG9wSQAGdXNlcklkTAAHYWNjb3VudHQAEkxqYXZhL2xhbmcvU3RyaW5nO0wAB29yZ0NvZGVxAH4AF0wACHBhc3N3b3JkcQB+ABdMAAhwb3N0Q29kZXEAfgAXTAAIdXNlck5hbWVxAH4AF3hwAAAAAAAAAAJ0AAVhZG1pbnQAAzEwMnQAATF0AAUxMDIwMXQABWFkbWlueHgAdwEBcQB+ABF4eHg=', 'bm428gPz98nJDGpz5i7Sow==');
INSERT INTO `s_session_log` VALUES ('82', 'bf9d7fa1-b91d-4b16-93a9-4898739fc112', '127.0.0.1', '1800000', '2019-02-17 21:06:10', '2019-02-17 21:34:16', '28分6秒', '2', 'admin', 'admin', 'rO0ABXNyACpvcmcuYXBhY2hlLnNoaXJvLnNlc3Npb24ubWd0LlNpbXBsZVNlc3Npb26dHKG41YxibgMAAHhwdwIA23QAJGJmOWQ3ZmExLWI5MWQtNGIxNi05M2E5LTQ4OTg3MzlmYzExMnNyAA5qYXZhLnV0aWwuRGF0ZWhqgQFLWXQZAwAAeHB3CAAAAWj7kGJUeHNxAH4AA3cIAAABaPuqHPp4dxkAAAAAABt3QAAPMDowOjA6MDowOjA6MDoxc3IAEWphdmEudXRpbC5IYXNoTWFwBQfawcMWYNEDAAJGAApsb2FkRmFjdG9ySQAJdGhyZXNob2xkeHA/QAAAAAAADHcIAAAAEAAAAAJ0AFBvcmcuYXBhY2hlLnNoaXJvLnN1YmplY3Quc3VwcG9ydC5EZWZhdWx0U3ViamVjdENvbnRleHRfQVVUSEVOVElDQVRFRF9TRVNTSU9OX0tFWXNyABFqYXZhLmxhbmcuQm9vbGVhbs0gcoDVnPruAgABWgAFdmFsdWV4cAF0AE1vcmcuYXBhY2hlLnNoaXJvLnN1YmplY3Quc3VwcG9ydC5EZWZhdWx0U3ViamVjdENvbnRleHRfUFJJTkNJUEFMU19TRVNTSU9OX0tFWXNyADJvcmcuYXBhY2hlLnNoaXJvLnN1YmplY3QuU2ltcGxlUHJpbmNpcGFsQ29sbGVjdGlvbqh/WCXGowhKAwABTAAPcmVhbG1QcmluY2lwYWxzdAAPTGphdmEvdXRpbC9NYXA7eHBzcgAXamF2YS51dGlsLkxpbmtlZEhhc2hNYXA0wE5cEGzA+wIAAVoAC2FjY2Vzc09yZGVyeHEAfgAGP0AAAAAAAAx3CAAAABAAAAABdAAMTXlTaGlyb1JlYW1sc3IAF2phdmEudXRpbC5MaW5rZWRIYXNoU2V02GzXWpXdKh4CAAB4cgARamF2YS51dGlsLkhhc2hTZXS6RIWVlri3NAMAAHhwdwwAAAAQP0AAAAAAAAFzcgAfY29tLnRzLm1vZHVsZS5zeXN0ZW0ubW9kZWwuVXNlcgAAAAAAAAABAgAHSQAGaXNTdG9wSQAGdXNlcklkTAAHYWNjb3VudHQAEkxqYXZhL2xhbmcvU3RyaW5nO0wAB29yZ0NvZGVxAH4AFkwACHBhc3N3b3JkcQB+ABZMAAhwb3N0Q29kZXEAfgAWTAAIdXNlck5hbWVxAH4AFnhwAAAAAAAAAAJ0AAVhZG1pbnQAAzEwMnQAATF0AAUxMDIwMXQABWFkbWlueHgAdwEBcQB+ABB4eHg=', 'GOdIqHEqBxVDFg/05Uo0iQ==');
INSERT INTO `s_session_log` VALUES ('83', '466b6582-f670-4e28-8ffb-f23d106dd9d3', '127.0.0.1', '1800000', '2019-02-17 22:49:02', '2019-02-17 23:21:13', '32分11秒', '2', 'admin', 'admin', 'rO0ABXNyACpvcmcuYXBhY2hlLnNoaXJvLnNlc3Npb24ubWd0LlNpbXBsZVNlc3Npb26dHKG41YxibgMAAHhwdwIA23QAJDQ2NmI2NTgyLWY2NzAtNGUyOC04ZmZiLWYyM2QxMDZkZDlkM3NyAA5qYXZhLnV0aWwuRGF0ZWhqgQFLWXQZAwAAeHB3CAAAAWj77pHdeHNxAH4AA3cIAAABaPwMCPt4dxkAAAAAABt3QAAPMDowOjA6MDowOjA6MDoxc3IAEWphdmEudXRpbC5IYXNoTWFwBQfawcMWYNEDAAJGAApsb2FkRmFjdG9ySQAJdGhyZXNob2xkeHA/QAAAAAAADHcIAAAAEAAAAAJ0AFBvcmcuYXBhY2hlLnNoaXJvLnN1YmplY3Quc3VwcG9ydC5EZWZhdWx0U3ViamVjdENvbnRleHRfQVVUSEVOVElDQVRFRF9TRVNTSU9OX0tFWXNyABFqYXZhLmxhbmcuQm9vbGVhbs0gcoDVnPruAgABWgAFdmFsdWV4cAF0AE1vcmcuYXBhY2hlLnNoaXJvLnN1YmplY3Quc3VwcG9ydC5EZWZhdWx0U3ViamVjdENvbnRleHRfUFJJTkNJUEFMU19TRVNTSU9OX0tFWXNyADJvcmcuYXBhY2hlLnNoaXJvLnN1YmplY3QuU2ltcGxlUHJpbmNpcGFsQ29sbGVjdGlvbqh/WCXGowhKAwABTAAPcmVhbG1QcmluY2lwYWxzdAAPTGphdmEvdXRpbC9NYXA7eHBzcgAXamF2YS51dGlsLkxpbmtlZEhhc2hNYXA0wE5cEGzA+wIAAVoAC2FjY2Vzc09yZGVyeHEAfgAGP0AAAAAAAAx3CAAAABAAAAABdAAMTXlTaGlyb1JlYW1sc3IAF2phdmEudXRpbC5MaW5rZWRIYXNoU2V02GzXWpXdKh4CAAB4cgARamF2YS51dGlsLkhhc2hTZXS6RIWVlri3NAMAAHhwdwwAAAACP0AAAAAAAAFzcgAfY29tLnRzLm1vZHVsZS5zeXN0ZW0ubW9kZWwuVXNlcgAAAAAAAAABAgAHSQAGaXNTdG9wSQAGdXNlcklkTAAHYWNjb3VudHQAEkxqYXZhL2xhbmcvU3RyaW5nO0wAB29yZ0NvZGVxAH4AFkwACHBhc3N3b3JkcQB+ABZMAAhwb3N0Q29kZXEAfgAWTAAIdXNlck5hbWVxAH4AFnhwAAAAAAAAAAJ0AAVhZG1pbnQAAzEwMnQAATF0AAUxMDIwMXQABWFkbWlueHgAdwEBcQB+ABB4eHg=', 'kHzcfuMaazd9YQnO0hSbWQ==');
INSERT INTO `s_session_log` VALUES ('84', 'e1c58b61-fab7-4ff1-94d3-44dead86891f', '127.0.0.1', '1800000', '2019-02-17 23:58:49', '2019-02-18 00:08:09', '9分20秒', '2', 'admin', 'admin', 'rO0ABXNyACpvcmcuYXBhY2hlLnNoaXJvLnNlc3Npb24ubWd0LlNpbXBsZVNlc3Npb26dHKG41YxibgMAAHhwdwIA23QAJGUxYzU4YjYxLWZhYjctNGZmMS05NGQzLTQ0ZGVhZDg2ODkxZnNyAA5qYXZhLnV0aWwuRGF0ZWhqgQFLWXQZAwAAeHB3CAAAAWj8LnO/eHNxAH4AA3cIAAABaPw2/jd4dxkAAAAAABt3QAAPMDowOjA6MDowOjA6MDoxc3IAEWphdmEudXRpbC5IYXNoTWFwBQfawcMWYNEDAAJGAApsb2FkRmFjdG9ySQAJdGhyZXNob2xkeHA/QAAAAAAADHcIAAAAEAAAAAJ0AFBvcmcuYXBhY2hlLnNoaXJvLnN1YmplY3Quc3VwcG9ydC5EZWZhdWx0U3ViamVjdENvbnRleHRfQVVUSEVOVElDQVRFRF9TRVNTSU9OX0tFWXNyABFqYXZhLmxhbmcuQm9vbGVhbs0gcoDVnPruAgABWgAFdmFsdWV4cAF0AE1vcmcuYXBhY2hlLnNoaXJvLnN1YmplY3Quc3VwcG9ydC5EZWZhdWx0U3ViamVjdENvbnRleHRfUFJJTkNJUEFMU19TRVNTSU9OX0tFWXNyADJvcmcuYXBhY2hlLnNoaXJvLnN1YmplY3QuU2ltcGxlUHJpbmNpcGFsQ29sbGVjdGlvbqh/WCXGowhKAwABTAAPcmVhbG1QcmluY2lwYWxzdAAPTGphdmEvdXRpbC9NYXA7eHBzcgAXamF2YS51dGlsLkxpbmtlZEhhc2hNYXA0wE5cEGzA+wIAAVoAC2FjY2Vzc09yZGVyeHEAfgAGP0AAAAAAAAx3CAAAABAAAAABdAAMTXlTaGlyb1JlYW1sc3IAF2phdmEudXRpbC5MaW5rZWRIYXNoU2V02GzXWpXdKh4CAAB4cgARamF2YS51dGlsLkhhc2hTZXS6RIWVlri3NAMAAHhwdwwAAAACP0AAAAAAAAFzcgAfY29tLnRzLm1vZHVsZS5zeXN0ZW0ubW9kZWwuVXNlcgAAAAAAAAABAgAHSQAGaXNTdG9wSQAGdXNlcklkTAAHYWNjb3VudHQAEkxqYXZhL2xhbmcvU3RyaW5nO0wAB29yZ0NvZGVxAH4AFkwACHBhc3N3b3JkcQB+ABZMAAhwb3N0Q29kZXEAfgAWTAAIdXNlck5hbWVxAH4AFnhwAAAAAAAAAAJ0AAVhZG1pbnQAAzEwMnQAATF0AAUxMDIwMXQABWFkbWlueHgAdwEBcQB+ABB4eHg=', '5P5jUI2h1160ioojiBrkNQ==');
INSERT INTO `s_session_log` VALUES ('85', '0cdebe59-25d3-4310-9179-bb0baa87a7b5', '127.0.0.1', '1800000', '2019-02-19 23:01:11', '2019-02-19 23:54:51', '53分40秒', '2', 'admin', 'admin', 'rO0ABXNyACpvcmcuYXBhY2hlLnNoaXJvLnNlc3Npb24ubWd0LlNpbXBsZVNlc3Npb26dHKG41YxibgMAAHhwdwIA23QAJDBjZGViZTU5LTI1ZDMtNDMxMC05MTc5LWJiMGJhYTg3YTdiNXNyAA5qYXZhLnV0aWwuRGF0ZWhqgQFLWXQZAwAAeHB3CAAAAWkGRmkkeHNxAH4AA3cIAAABaQZ3jNJ4dxkAAAAAABt3QAAPMDowOjA6MDowOjA6MDoxc3IAEWphdmEudXRpbC5IYXNoTWFwBQfawcMWYNEDAAJGAApsb2FkRmFjdG9ySQAJdGhyZXNob2xkeHA/QAAAAAAADHcIAAAAEAAAAAN0AAdraWNrb3V0c3IAEWphdmEubGFuZy5Cb29sZWFuzSBygNWc+u4CAAFaAAV2YWx1ZXhwAXQAUG9yZy5hcGFjaGUuc2hpcm8uc3ViamVjdC5zdXBwb3J0LkRlZmF1bHRTdWJqZWN0Q29udGV4dF9BVVRIRU5USUNBVEVEX1NFU1NJT05fS0VZc3EAfgAJAXQATW9yZy5hcGFjaGUuc2hpcm8uc3ViamVjdC5zdXBwb3J0LkRlZmF1bHRTdWJqZWN0Q29udGV4dF9QUklOQ0lQQUxTX1NFU1NJT05fS0VZc3IAMm9yZy5hcGFjaGUuc2hpcm8uc3ViamVjdC5TaW1wbGVQcmluY2lwYWxDb2xsZWN0aW9uqH9YJcajCEoDAAFMAA9yZWFsbVByaW5jaXBhbHN0AA9MamF2YS91dGlsL01hcDt4cHNyABdqYXZhLnV0aWwuTGlua2VkSGFzaE1hcDTATlwQbMD7AgABWgALYWNjZXNzT3JkZXJ4cQB+AAY/QAAAAAAADHcIAAAAEAAAAAF0AAxNeVNoaXJvUmVhbWxzcgAXamF2YS51dGlsLkxpbmtlZEhhc2hTZXTYbNdald0qHgIAAHhyABFqYXZhLnV0aWwuSGFzaFNldLpEhZWWuLc0AwAAeHB3DAAAAAI/QAAAAAAAAXNyAB9jb20udHMubW9kdWxlLnN5c3RlbS5tb2RlbC5Vc2VyAAAAAAAAAAECAAdJAAZpc1N0b3BJAAZ1c2VySWRMAAdhY2NvdW50dAASTGphdmEvbGFuZy9TdHJpbmc7TAAHb3JnQ29kZXEAfgAYTAAIcGFzc3dvcmRxAH4AGEwACHBvc3RDb2RlcQB+ABhMAAh1c2VyTmFtZXEAfgAYeHAAAAAAAAAAAnQABWFkbWludAADMTAydAABMXQABTEwMjAxdAAFYWRtaW54eAB3AQFxAH4AEnh4eA==', 'fDDbuGibhYwzpJJPa0iH8w==');
INSERT INTO `s_session_log` VALUES ('86', '6875213e-6cee-48f7-a334-8839ef8cebd8', '127.0.0.1', '1800000', '2019-02-19 23:55:14', '2019-02-20 00:05:19', '10分5秒', '2', 'admin', 'admin', 'rO0ABXNyACpvcmcuYXBhY2hlLnNoaXJvLnNlc3Npb24ubWd0LlNpbXBsZVNlc3Npb26dHKG41YxibgMAAHhwdwIA23QAJDY4NzUyMTNlLTZjZWUtNDhmNy1hMzM0LTg4MzllZjhjZWJkOHNyAA5qYXZhLnV0aWwuRGF0ZWhqgQFLWXQZAwAAeHB3CAAAAWkGd+P1eHNxAH4AA3cIAAABaQaBHxF4dxkAAAAAABt3QAAPMDowOjA6MDowOjA6MDoxc3IAEWphdmEudXRpbC5IYXNoTWFwBQfawcMWYNEDAAJGAApsb2FkRmFjdG9ySQAJdGhyZXNob2xkeHA/QAAAAAAADHcIAAAAEAAAAAN0AAdraWNrb3V0c3IAEWphdmEubGFuZy5Cb29sZWFuzSBygNWc+u4CAAFaAAV2YWx1ZXhwAXQAUG9yZy5hcGFjaGUuc2hpcm8uc3ViamVjdC5zdXBwb3J0LkRlZmF1bHRTdWJqZWN0Q29udGV4dF9BVVRIRU5USUNBVEVEX1NFU1NJT05fS0VZcQB+AAp0AE1vcmcuYXBhY2hlLnNoaXJvLnN1YmplY3Quc3VwcG9ydC5EZWZhdWx0U3ViamVjdENvbnRleHRfUFJJTkNJUEFMU19TRVNTSU9OX0tFWXNyADJvcmcuYXBhY2hlLnNoaXJvLnN1YmplY3QuU2ltcGxlUHJpbmNpcGFsQ29sbGVjdGlvbqh/WCXGowhKAwABTAAPcmVhbG1QcmluY2lwYWxzdAAPTGphdmEvdXRpbC9NYXA7eHBzcgAXamF2YS51dGlsLkxpbmtlZEhhc2hNYXA0wE5cEGzA+wIAAVoAC2FjY2Vzc09yZGVyeHEAfgAGP0AAAAAAAAx3CAAAABAAAAABdAAMTXlTaGlyb1JlYW1sc3IAF2phdmEudXRpbC5MaW5rZWRIYXNoU2V02GzXWpXdKh4CAAB4cgARamF2YS51dGlsLkhhc2hTZXS6RIWVlri3NAMAAHhwdwwAAAAQP0AAAAAAAAFzcgAfY29tLnRzLm1vZHVsZS5zeXN0ZW0ubW9kZWwuVXNlcgAAAAAAAAABAgAHSQAGaXNTdG9wSQAGdXNlcklkTAAHYWNjb3VudHQAEkxqYXZhL2xhbmcvU3RyaW5nO0wAB29yZ0NvZGVxAH4AF0wACHBhc3N3b3JkcQB+ABdMAAhwb3N0Q29kZXEAfgAXTAAIdXNlck5hbWVxAH4AF3hwAAAAAAAAAAJ0AAVhZG1pbnQAAzEwMnQAATF0AAUxMDIwMXQABWFkbWlueHgAdwEBcQB+ABF4eHg=', 'LmnwOXRRQpCUIIeT/7/XZQ==');
INSERT INTO `s_session_log` VALUES ('87', '805e4511-415f-476b-a684-3d523bb49fca', '127.0.0.1', '1800000', '2019-02-20 00:05:29', '2019-02-20 00:10:17', '4分48秒', '2', 'admin', 'admin', 'rO0ABXNyACpvcmcuYXBhY2hlLnNoaXJvLnNlc3Npb24ubWd0LlNpbXBsZVNlc3Npb26dHKG41YxibgMAAHhwdwIA23QAJDgwNWU0NTExLTQxNWYtNDc2Yi1hNjg0LTNkNTIzYmI0OWZjYXNyAA5qYXZhLnV0aWwuRGF0ZWhqgQFLWXQZAwAAeHB3CAAAAWkGgUUweHNxAH4AA3cIAAABaQaFqmp4dxkAAAAAABt3QAAPMDowOjA6MDowOjA6MDoxc3IAEWphdmEudXRpbC5IYXNoTWFwBQfawcMWYNEDAAJGAApsb2FkRmFjdG9ySQAJdGhyZXNob2xkeHA/QAAAAAAADHcIAAAAEAAAAAN0AAdraWNrb3V0c3IAEWphdmEubGFuZy5Cb29sZWFuzSBygNWc+u4CAAFaAAV2YWx1ZXhwAXQAUG9yZy5hcGFjaGUuc2hpcm8uc3ViamVjdC5zdXBwb3J0LkRlZmF1bHRTdWJqZWN0Q29udGV4dF9BVVRIRU5USUNBVEVEX1NFU1NJT05fS0VZcQB+AAp0AE1vcmcuYXBhY2hlLnNoaXJvLnN1YmplY3Quc3VwcG9ydC5EZWZhdWx0U3ViamVjdENvbnRleHRfUFJJTkNJUEFMU19TRVNTSU9OX0tFWXNyADJvcmcuYXBhY2hlLnNoaXJvLnN1YmplY3QuU2ltcGxlUHJpbmNpcGFsQ29sbGVjdGlvbqh/WCXGowhKAwABTAAPcmVhbG1QcmluY2lwYWxzdAAPTGphdmEvdXRpbC9NYXA7eHBzcgAXamF2YS51dGlsLkxpbmtlZEhhc2hNYXA0wE5cEGzA+wIAAVoAC2FjY2Vzc09yZGVyeHEAfgAGP0AAAAAAAAx3CAAAABAAAAABdAAMTXlTaGlyb1JlYW1sc3IAF2phdmEudXRpbC5MaW5rZWRIYXNoU2V02GzXWpXdKh4CAAB4cgARamF2YS51dGlsLkhhc2hTZXS6RIWVlri3NAMAAHhwdwwAAAAQP0AAAAAAAAFzcgAfY29tLnRzLm1vZHVsZS5zeXN0ZW0ubW9kZWwuVXNlcgAAAAAAAAABAgAHSQAGaXNTdG9wSQAGdXNlcklkTAAHYWNjb3VudHQAEkxqYXZhL2xhbmcvU3RyaW5nO0wAB29yZ0NvZGVxAH4AF0wACHBhc3N3b3JkcQB+ABdMAAhwb3N0Q29kZXEAfgAXTAAIdXNlck5hbWVxAH4AF3hwAAAAAAAAAAJ0AAVhZG1pbnQAAzEwMnQAATF0AAUxMDIwMXQABWFkbWlueHgAdwEBcQB+ABF4eHg=', '/IQpUI+NsdtUdsHvEK3MCA==');
INSERT INTO `s_session_log` VALUES ('88', 'e180564a-58df-4cc0-8574-4d28d45967fb', '127.0.0.1', '1800000', '2019-02-20 00:10:27', '2019-02-20 00:37:14', '26分47秒', '2', 'admin', 'admin', 'rO0ABXNyACpvcmcuYXBhY2hlLnNoaXJvLnNlc3Npb24ubWd0LlNpbXBsZVNlc3Npb26dHKG41YxibgMAAHhwdwIA23QAJGUxODA1NjRhLTU4ZGYtNGNjMC04NTc0LTRkMjhkNDU5NjdmYnNyAA5qYXZhLnV0aWwuRGF0ZWhqgQFLWXQZAwAAeHB3CAAAAWkGhdE5eHNxAH4AA3cIAAABaQaeWFB4dxkAAAAAABt3QAAPMDowOjA6MDowOjA6MDoxc3IAEWphdmEudXRpbC5IYXNoTWFwBQfawcMWYNEDAAJGAApsb2FkRmFjdG9ySQAJdGhyZXNob2xkeHA/QAAAAAAADHcIAAAAEAAAAAJ0AFBvcmcuYXBhY2hlLnNoaXJvLnN1YmplY3Quc3VwcG9ydC5EZWZhdWx0U3ViamVjdENvbnRleHRfQVVUSEVOVElDQVRFRF9TRVNTSU9OX0tFWXNyABFqYXZhLmxhbmcuQm9vbGVhbs0gcoDVnPruAgABWgAFdmFsdWV4cAF0AE1vcmcuYXBhY2hlLnNoaXJvLnN1YmplY3Quc3VwcG9ydC5EZWZhdWx0U3ViamVjdENvbnRleHRfUFJJTkNJUEFMU19TRVNTSU9OX0tFWXNyADJvcmcuYXBhY2hlLnNoaXJvLnN1YmplY3QuU2ltcGxlUHJpbmNpcGFsQ29sbGVjdGlvbqh/WCXGowhKAwABTAAPcmVhbG1QcmluY2lwYWxzdAAPTGphdmEvdXRpbC9NYXA7eHBzcgAXamF2YS51dGlsLkxpbmtlZEhhc2hNYXA0wE5cEGzA+wIAAVoAC2FjY2Vzc09yZGVyeHEAfgAGP0AAAAAAAAx3CAAAABAAAAABdAAMTXlTaGlyb1JlYW1sc3IAF2phdmEudXRpbC5MaW5rZWRIYXNoU2V02GzXWpXdKh4CAAB4cgARamF2YS51dGlsLkhhc2hTZXS6RIWVlri3NAMAAHhwdwwAAAAQP0AAAAAAAAFzcgAfY29tLnRzLm1vZHVsZS5zeXN0ZW0ubW9kZWwuVXNlcgAAAAAAAAABAgAHSQAGaXNTdG9wSQAGdXNlcklkTAAHYWNjb3VudHQAEkxqYXZhL2xhbmcvU3RyaW5nO0wAB29yZ0NvZGVxAH4AFkwACHBhc3N3b3JkcQB+ABZMAAhwb3N0Q29kZXEAfgAWTAAIdXNlck5hbWVxAH4AFnhwAAAAAAAAAAJ0AAVhZG1pbnQAAzEwMnQAATF0AAUxMDIwMXQABWFkbWlueHgAdwEBcQB+ABB4eHg=', '08C9uMJPHFtoMsbnHRWfdw==');
INSERT INTO `s_session_log` VALUES ('89', '92c36c0c-46a5-4d9f-92fb-90d11946b06a', '127.0.0.1', '1800000', '2019-03-05 16:24:08', '2019-03-05 16:29:26', '5分18秒', '2', 'admin', 'admin', 'rO0ABXNyACpvcmcuYXBhY2hlLnNoaXJvLnNlc3Npb24ubWd0LlNpbXBsZVNlc3Npb26dHKG41YxibgMAAHhwdwIA23QAJDkyYzM2YzBjLTQ2YTUtNGQ5Zi05MmZiLTkwZDExOTQ2YjA2YXNyAA5qYXZhLnV0aWwuRGF0ZWhqgQFLWXQZAwAAeHB3CAAAAWlM8+4neHNxAH4AA3cIAAABaUz4xx14dxkAAAAAABt3QAAPMDowOjA6MDowOjA6MDoxc3IAEWphdmEudXRpbC5IYXNoTWFwBQfawcMWYNEDAAJGAApsb2FkRmFjdG9ySQAJdGhyZXNob2xkeHA/QAAAAAAADHcIAAAAEAAAAAJ0AFBvcmcuYXBhY2hlLnNoaXJvLnN1YmplY3Quc3VwcG9ydC5EZWZhdWx0U3ViamVjdENvbnRleHRfQVVUSEVOVElDQVRFRF9TRVNTSU9OX0tFWXNyABFqYXZhLmxhbmcuQm9vbGVhbs0gcoDVnPruAgABWgAFdmFsdWV4cAF0AE1vcmcuYXBhY2hlLnNoaXJvLnN1YmplY3Quc3VwcG9ydC5EZWZhdWx0U3ViamVjdENvbnRleHRfUFJJTkNJUEFMU19TRVNTSU9OX0tFWXNyADJvcmcuYXBhY2hlLnNoaXJvLnN1YmplY3QuU2ltcGxlUHJpbmNpcGFsQ29sbGVjdGlvbqh/WCXGowhKAwABTAAPcmVhbG1QcmluY2lwYWxzdAAPTGphdmEvdXRpbC9NYXA7eHBzcgAXamF2YS51dGlsLkxpbmtlZEhhc2hNYXA0wE5cEGzA+wIAAVoAC2FjY2Vzc09yZGVyeHEAfgAGP0AAAAAAAAx3CAAAABAAAAABdAAMTXlTaGlyb1JlYW1sc3IAF2phdmEudXRpbC5MaW5rZWRIYXNoU2V02GzXWpXdKh4CAAB4cgARamF2YS51dGlsLkhhc2hTZXS6RIWVlri3NAMAAHhwdwwAAAACP0AAAAAAAAFzcgAfY29tLnRzLm1vZHVsZS5zeXN0ZW0ubW9kZWwuVXNlcgAAAAAAAAABAgAHSQAGaXNTdG9wSQAGdXNlcklkTAAHYWNjb3VudHQAEkxqYXZhL2xhbmcvU3RyaW5nO0wAB29yZ0NvZGVxAH4AFkwACHBhc3N3b3JkcQB+ABZMAAhwb3N0Q29kZXEAfgAWTAAIdXNlck5hbWVxAH4AFnhwAAAAAAAAAAJ0AAVhZG1pbnQAAzEwMnQAATF0AAUxMDIwMXQABWFkbWlueHgAdwEBcQB+ABB4eHg=', 'kK+huR+LNpvjd+jGue+lSA==');
INSERT INTO `s_session_log` VALUES ('90', 'adb703b5-550b-4b34-a04d-4f6e73a18ff9', '127.0.0.1', '1800000', '2019-03-13 18:17:10', '2019-03-13 18:19:44', '2分34秒', '2', 'admin', 'admin', 'rO0ABXNyACpvcmcuYXBhY2hlLnNoaXJvLnNlc3Npb24ubWd0LlNpbXBsZVNlc3Npb26dHKG41YxibgMAAHhwdwIA23QAJGFkYjcwM2I1LTU1MGItNGIzNC1hMDRkLTRmNmU3M2ExOGZmOXNyAA5qYXZhLnV0aWwuRGF0ZWhqgQFLWXQZAwAAeHB3CAAAAWl2jkiIeHNxAH4AA3cIAAABaXaQpdp4dxkAAAAAABt3QAAPMDowOjA6MDowOjA6MDoxc3IAEWphdmEudXRpbC5IYXNoTWFwBQfawcMWYNEDAAJGAApsb2FkRmFjdG9ySQAJdGhyZXNob2xkeHA/QAAAAAAADHcIAAAAEAAAAAF0AE1vcmcuYXBhY2hlLnNoaXJvLnN1YmplY3Quc3VwcG9ydC5EZWZhdWx0U3ViamVjdENvbnRleHRfUFJJTkNJUEFMU19TRVNTSU9OX0tFWXNyADJvcmcuYXBhY2hlLnNoaXJvLnN1YmplY3QuU2ltcGxlUHJpbmNpcGFsQ29sbGVjdGlvbqh/WCXGowhKAwABTAAPcmVhbG1QcmluY2lwYWxzdAAPTGphdmEvdXRpbC9NYXA7eHBzcgAXamF2YS51dGlsLkxpbmtlZEhhc2hNYXA0wE5cEGzA+wIAAVoAC2FjY2Vzc09yZGVyeHEAfgAGP0AAAAAAAAx3CAAAABAAAAABdAAMTXlTaGlyb1JlYW1sc3IAF2phdmEudXRpbC5MaW5rZWRIYXNoU2V02GzXWpXdKh4CAAB4cgARamF2YS51dGlsLkhhc2hTZXS6RIWVlri3NAMAAHhwdwwAAAAQP0AAAAAAAAFzcgAfY29tLnRzLm1vZHVsZS5zeXN0ZW0ubW9kZWwuVXNlcgAAAAAAAAABAgAHSQAGaXNTdG9wSQAGdXNlcklkTAAHYWNjb3VudHQAEkxqYXZhL2xhbmcvU3RyaW5nO0wAB29yZ0NvZGVxAH4AE0wACHBhc3N3b3JkcQB+ABNMAAhwb3N0Q29kZXEAfgATTAAIdXNlck5hbWVxAH4AE3hwAAAAAAAAAAJ0AAVhZG1pbnQAAzEwMnQAATF0AAUxMDIwMXQABWFkbWlueHgAdwEBcQB+AA14eHg=', 'qyohQKK2/LIFN5lTrbWfbA==');
INSERT INTO `s_session_log` VALUES ('91', '1e1d5476-a55a-45d4-9929-8fdf3f403e83', '127.0.0.1', '1800000', '2019-03-13 18:19:45', '2019-03-13 18:22:03', '2分18秒', '2', 'admin', 'admin', 'rO0ABXNyACpvcmcuYXBhY2hlLnNoaXJvLnNlc3Npb24ubWd0LlNpbXBsZVNlc3Npb26dHKG41YxibgMAAHhwdwIA23QAJDFlMWQ1NDc2LWE1NWEtNDVkNC05OTI5LThmZGYzZjQwM2U4M3NyAA5qYXZhLnV0aWwuRGF0ZWhqgQFLWXQZAwAAeHB3CAAAAWl2kKYreHNxAH4AA3cIAAABaXaSwsZ4dxkAAAAAABt3QAAPMDowOjA6MDowOjA6MDoxc3IAEWphdmEudXRpbC5IYXNoTWFwBQfawcMWYNEDAAJGAApsb2FkRmFjdG9ySQAJdGhyZXNob2xkeHA/QAAAAAAADHcIAAAAEAAAAAF0AE1vcmcuYXBhY2hlLnNoaXJvLnN1YmplY3Quc3VwcG9ydC5EZWZhdWx0U3ViamVjdENvbnRleHRfUFJJTkNJUEFMU19TRVNTSU9OX0tFWXNyADJvcmcuYXBhY2hlLnNoaXJvLnN1YmplY3QuU2ltcGxlUHJpbmNpcGFsQ29sbGVjdGlvbqh/WCXGowhKAwABTAAPcmVhbG1QcmluY2lwYWxzdAAPTGphdmEvdXRpbC9NYXA7eHBzcgAXamF2YS51dGlsLkxpbmtlZEhhc2hNYXA0wE5cEGzA+wIAAVoAC2FjY2Vzc09yZGVyeHEAfgAGP0AAAAAAAAx3CAAAABAAAAABdAAMTXlTaGlyb1JlYW1sc3IAF2phdmEudXRpbC5MaW5rZWRIYXNoU2V02GzXWpXdKh4CAAB4cgARamF2YS51dGlsLkhhc2hTZXS6RIWVlri3NAMAAHhwdwwAAAAQP0AAAAAAAAFzcgAfY29tLnRzLm1vZHVsZS5zeXN0ZW0ubW9kZWwuVXNlcgAAAAAAAAABAgAHSQAGaXNTdG9wSQAGdXNlcklkTAAHYWNjb3VudHQAEkxqYXZhL2xhbmcvU3RyaW5nO0wAB29yZ0NvZGVxAH4AE0wACHBhc3N3b3JkcQB+ABNMAAhwb3N0Q29kZXEAfgATTAAIdXNlck5hbWVxAH4AE3hwAAAAAAAAAAJ0AAVhZG1pbnQAAzEwMnQAATF0AAUxMDIwMXQABWFkbWlueHgAdwEBcQB+AA14eHg=', 'e7y1KJMDOB6B9owk7zlitA==');
INSERT INTO `s_session_log` VALUES ('92', '67ea1e71-b65a-4a03-8ea8-fbab64c4f2cc', '127.0.0.1', '1800000', '2019-03-13 18:22:03', '2019-03-13 18:22:11', '0分8秒', '2', 'admin', 'admin', 'rO0ABXNyACpvcmcuYXBhY2hlLnNoaXJvLnNlc3Npb24ubWd0LlNpbXBsZVNlc3Npb26dHKG41YxibgMAAHhwdwIA23QAJDY3ZWExZTcxLWI2NWEtNGEwMy04ZWE4LWZiYWI2NGM0ZjJjY3NyAA5qYXZhLnV0aWwuRGF0ZWhqgQFLWXQZAwAAeHB3CAAAAWl2ksLreHNxAH4AA3cIAAABaXaS4dZ4dxkAAAAAABt3QAAPMDowOjA6MDowOjA6MDoxc3IAEWphdmEudXRpbC5IYXNoTWFwBQfawcMWYNEDAAJGAApsb2FkRmFjdG9ySQAJdGhyZXNob2xkeHA/QAAAAAAADHcIAAAAEAAAAAF0AE1vcmcuYXBhY2hlLnNoaXJvLnN1YmplY3Quc3VwcG9ydC5EZWZhdWx0U3ViamVjdENvbnRleHRfUFJJTkNJUEFMU19TRVNTSU9OX0tFWXNyADJvcmcuYXBhY2hlLnNoaXJvLnN1YmplY3QuU2ltcGxlUHJpbmNpcGFsQ29sbGVjdGlvbqh/WCXGowhKAwABTAAPcmVhbG1QcmluY2lwYWxzdAAPTGphdmEvdXRpbC9NYXA7eHBzcgAXamF2YS51dGlsLkxpbmtlZEhhc2hNYXA0wE5cEGzA+wIAAVoAC2FjY2Vzc09yZGVyeHEAfgAGP0AAAAAAAAx3CAAAABAAAAABdAAMTXlTaGlyb1JlYW1sc3IAF2phdmEudXRpbC5MaW5rZWRIYXNoU2V02GzXWpXdKh4CAAB4cgARamF2YS51dGlsLkhhc2hTZXS6RIWVlri3NAMAAHhwdwwAAAAQP0AAAAAAAAFzcgAfY29tLnRzLm1vZHVsZS5zeXN0ZW0ubW9kZWwuVXNlcgAAAAAAAAABAgAHSQAGaXNTdG9wSQAGdXNlcklkTAAHYWNjb3VudHQAEkxqYXZhL2xhbmcvU3RyaW5nO0wAB29yZ0NvZGVxAH4AE0wACHBhc3N3b3JkcQB+ABNMAAhwb3N0Q29kZXEAfgATTAAIdXNlck5hbWVxAH4AE3hwAAAAAAAAAAJ0AAVhZG1pbnQAAzEwMnQAATF0AAUxMDIwMXQABWFkbWlueHgAdwEBcQB+AA14eHg=', 'dGGmMdSRgFyTtM/L0AJOmA==');
INSERT INTO `s_session_log` VALUES ('93', '01bf51f5-f4f1-43bf-9fd6-6a8442db891c', '127.0.0.1', '1800000', '2019-03-27 22:11:14', '2019-03-27 22:11:20', '0分6秒', '2', 'admin', 'admin', 'rO0ABXNyACpvcmcuYXBhY2hlLnNoaXJvLnNlc3Npb24ubWd0LlNpbXBsZVNlc3Npb26dHKG41YxibgMAAHhwdwIA23QAJDAxYmY1MWY1LWY0ZjEtNDNiZi05ZmQ2LTZhODQ0MmRiODkxY3NyAA5qYXZhLnV0aWwuRGF0ZWhqgQFLWXQZAwAAeHB3CAAAAWm/fZzTeHNxAH4AA3cIAAABab99trd4dxkAAAAAABt3QAAPMDowOjA6MDowOjA6MDoxc3IAEWphdmEudXRpbC5IYXNoTWFwBQfawcMWYNEDAAJGAApsb2FkRmFjdG9ySQAJdGhyZXNob2xkeHA/QAAAAAAADHcIAAAAEAAAAAJ0AFBvcmcuYXBhY2hlLnNoaXJvLnN1YmplY3Quc3VwcG9ydC5EZWZhdWx0U3ViamVjdENvbnRleHRfQVVUSEVOVElDQVRFRF9TRVNTSU9OX0tFWXNyABFqYXZhLmxhbmcuQm9vbGVhbs0gcoDVnPruAgABWgAFdmFsdWV4cAF0AE1vcmcuYXBhY2hlLnNoaXJvLnN1YmplY3Quc3VwcG9ydC5EZWZhdWx0U3ViamVjdENvbnRleHRfUFJJTkNJUEFMU19TRVNTSU9OX0tFWXNyADJvcmcuYXBhY2hlLnNoaXJvLnN1YmplY3QuU2ltcGxlUHJpbmNpcGFsQ29sbGVjdGlvbqh/WCXGowhKAwABTAAPcmVhbG1QcmluY2lwYWxzdAAPTGphdmEvdXRpbC9NYXA7eHBzcgAXamF2YS51dGlsLkxpbmtlZEhhc2hNYXA0wE5cEGzA+wIAAVoAC2FjY2Vzc09yZGVyeHEAfgAGP0AAAAAAAAx3CAAAABAAAAABdAAMTXlTaGlyb1JlYW1sc3IAF2phdmEudXRpbC5MaW5rZWRIYXNoU2V02GzXWpXdKh4CAAB4cgARamF2YS51dGlsLkhhc2hTZXS6RIWVlri3NAMAAHhwdwwAAAAQP0AAAAAAAAFzcgAfY29tLnRzLm1vZHVsZS5zeXN0ZW0ubW9kZWwuVXNlcgAAAAAAAAABAgAHSQAGaXNTdG9wSQAGdXNlcklkTAAHYWNjb3VudHQAEkxqYXZhL2xhbmcvU3RyaW5nO0wAB29yZ0NvZGVxAH4AFkwACHBhc3N3b3JkcQB+ABZMAAhwb3N0Q29kZXEAfgAWTAAIdXNlck5hbWVxAH4AFnhwAAAAAAAAAAJ0AAVhZG1pbnQAAzEwMnQAATF0AAUxMDIwMXQABWFkbWlueHgAdwEBcQB+ABB4eHg=', 'u9mfi6YA3q4pGbEUN4fABg==');
INSERT INTO `s_session_log` VALUES ('94', '6bb7a1f5-df9d-49e8-91dd-40f46713b66a', '127.0.0.1', '1800000', '2019-03-27 22:42:24', '2019-03-27 22:43:13', '0分49秒', '2', 'admin', 'admin', 'rO0ABXNyACpvcmcuYXBhY2hlLnNoaXJvLnNlc3Npb24ubWd0LlNpbXBsZVNlc3Npb26dHKG41YxibgMAAHhwdwIA23QAJDZiYjdhMWY1LWRmOWQtNDllOC05MWRkLTQwZjQ2NzEzYjY2YXNyAA5qYXZhLnV0aWwuRGF0ZWhqgQFLWXQZAwAAeHB3CAAAAWm/mib8eHNxAH4AA3cIAAABab+a5mJ4dxkAAAAAABt3QAAPMDowOjA6MDowOjA6MDoxc3IAEWphdmEudXRpbC5IYXNoTWFwBQfawcMWYNEDAAJGAApsb2FkRmFjdG9ySQAJdGhyZXNob2xkeHA/QAAAAAAADHcIAAAAEAAAAAJ0AFBvcmcuYXBhY2hlLnNoaXJvLnN1YmplY3Quc3VwcG9ydC5EZWZhdWx0U3ViamVjdENvbnRleHRfQVVUSEVOVElDQVRFRF9TRVNTSU9OX0tFWXNyABFqYXZhLmxhbmcuQm9vbGVhbs0gcoDVnPruAgABWgAFdmFsdWV4cAF0AE1vcmcuYXBhY2hlLnNoaXJvLnN1YmplY3Quc3VwcG9ydC5EZWZhdWx0U3ViamVjdENvbnRleHRfUFJJTkNJUEFMU19TRVNTSU9OX0tFWXNyADJvcmcuYXBhY2hlLnNoaXJvLnN1YmplY3QuU2ltcGxlUHJpbmNpcGFsQ29sbGVjdGlvbqh/WCXGowhKAwABTAAPcmVhbG1QcmluY2lwYWxzdAAPTGphdmEvdXRpbC9NYXA7eHBzcgAXamF2YS51dGlsLkxpbmtlZEhhc2hNYXA0wE5cEGzA+wIAAVoAC2FjY2Vzc09yZGVyeHEAfgAGP0AAAAAAAAx3CAAAABAAAAABdAAMTXlTaGlyb1JlYW1sc3IAF2phdmEudXRpbC5MaW5rZWRIYXNoU2V02GzXWpXdKh4CAAB4cgARamF2YS51dGlsLkhhc2hTZXS6RIWVlri3NAMAAHhwdwwAAAAQP0AAAAAAAAFzcgAfY29tLnRzLm1vZHVsZS5zeXN0ZW0ubW9kZWwuVXNlcgAAAAAAAAABAgAHSQAGaXNTdG9wSQAGdXNlcklkTAAHYWNjb3VudHQAEkxqYXZhL2xhbmcvU3RyaW5nO0wAB29yZ0NvZGVxAH4AFkwACHBhc3N3b3JkcQB+ABZMAAhwb3N0Q29kZXEAfgAWTAAIdXNlck5hbWVxAH4AFnhwAAAAAAAAAAJ0AAVhZG1pbnQAAzEwMnQAATF0AAUxMDIwMXQABWFkbWlueHgAdwEBcQB+ABB4eHg=', '7joIAB0PKHhBfbRlHXTo0g==');
INSERT INTO `s_session_log` VALUES ('95', '996a69bb-d823-4075-aa29-e337ec53308c', '127.0.0.1', '1800000', '2019-03-27 23:25:09', '2019-03-27 23:25:14', '0分5秒', '2', 'admin', 'admin', 'rO0ABXNyACpvcmcuYXBhY2hlLnNoaXJvLnNlc3Npb24ubWd0LlNpbXBsZVNlc3Npb26dHKG41YxibgMAAHhwdwIA23QAJDk5NmE2OWJiLWQ4MjMtNDA3NS1hYTI5LWUzMzdlYzUzMzA4Y3NyAA5qYXZhLnV0aWwuRGF0ZWhqgQFLWXQZAwAAeHB3CAAAAWm/wUkDeHNxAH4AA3cIAAABab/BXOV4dxkAAAAAABt3QAAPMDowOjA6MDowOjA6MDoxc3IAEWphdmEudXRpbC5IYXNoTWFwBQfawcMWYNEDAAJGAApsb2FkRmFjdG9ySQAJdGhyZXNob2xkeHA/QAAAAAAADHcIAAAAEAAAAAJ0AFBvcmcuYXBhY2hlLnNoaXJvLnN1YmplY3Quc3VwcG9ydC5EZWZhdWx0U3ViamVjdENvbnRleHRfQVVUSEVOVElDQVRFRF9TRVNTSU9OX0tFWXNyABFqYXZhLmxhbmcuQm9vbGVhbs0gcoDVnPruAgABWgAFdmFsdWV4cAF0AE1vcmcuYXBhY2hlLnNoaXJvLnN1YmplY3Quc3VwcG9ydC5EZWZhdWx0U3ViamVjdENvbnRleHRfUFJJTkNJUEFMU19TRVNTSU9OX0tFWXNyADJvcmcuYXBhY2hlLnNoaXJvLnN1YmplY3QuU2ltcGxlUHJpbmNpcGFsQ29sbGVjdGlvbqh/WCXGowhKAwABTAAPcmVhbG1QcmluY2lwYWxzdAAPTGphdmEvdXRpbC9NYXA7eHBzcgAXamF2YS51dGlsLkxpbmtlZEhhc2hNYXA0wE5cEGzA+wIAAVoAC2FjY2Vzc09yZGVyeHEAfgAGP0AAAAAAAAx3CAAAABAAAAABdAAMTXlTaGlyb1JlYW1sc3IAF2phdmEudXRpbC5MaW5rZWRIYXNoU2V02GzXWpXdKh4CAAB4cgARamF2YS51dGlsLkhhc2hTZXS6RIWVlri3NAMAAHhwdwwAAAAQP0AAAAAAAAFzcgAfY29tLnRzLm1vZHVsZS5zeXN0ZW0ubW9kZWwuVXNlcgAAAAAAAAABAgAHSQAGaXNTdG9wSQAGdXNlcklkTAAHYWNjb3VudHQAEkxqYXZhL2xhbmcvU3RyaW5nO0wAB29yZ0NvZGVxAH4AFkwACHBhc3N3b3JkcQB+ABZMAAhwb3N0Q29kZXEAfgAWTAAIdXNlck5hbWVxAH4AFnhwAAAAAAAAAAJ0AAVhZG1pbnQAAzEwMnQAATF0AAUxMDIwMXQABWFkbWlueHgAdwEBcQB+ABB4eHg=', 'X8uoi3r/GYVusQ5IN+gp3w==');
INSERT INTO `s_session_log` VALUES ('96', '9b7bc43b-4fff-4ce6-aa1c-e4643c7eba0d', '127.0.0.1', '1800000', '2019-06-11 21:24:55', '2019-06-11 21:26:41', '1分46秒', '2', 'admin', 'admin', 'rO0ABXNyACpvcmcuYXBhY2hlLnNoaXJvLnNlc3Npb24ubWd0LlNpbXBsZVNlc3Npb26dHKG41YxibgMAAHhwdwIA23QAJDliN2JjNDNiLTRmZmYtNGNlNi1hYTFjLWU0NjQzYzdlYmEwZHNyAA5qYXZhLnV0aWwuRGF0ZWhqgQFLWXQZAwAAeHB3CAAAAWtGtoTueHNxAH4AA3cIAAABa0a4JSB4dxkAAAAAABt3QAAPMDowOjA6MDowOjA6MDoxc3IAEWphdmEudXRpbC5IYXNoTWFwBQfawcMWYNEDAAJGAApsb2FkRmFjdG9ySQAJdGhyZXNob2xkeHA/QAAAAAAADHcIAAAAEAAAAAJ0AFBvcmcuYXBhY2hlLnNoaXJvLnN1YmplY3Quc3VwcG9ydC5EZWZhdWx0U3ViamVjdENvbnRleHRfQVVUSEVOVElDQVRFRF9TRVNTSU9OX0tFWXNyABFqYXZhLmxhbmcuQm9vbGVhbs0gcoDVnPruAgABWgAFdmFsdWV4cAF0AE1vcmcuYXBhY2hlLnNoaXJvLnN1YmplY3Quc3VwcG9ydC5EZWZhdWx0U3ViamVjdENvbnRleHRfUFJJTkNJUEFMU19TRVNTSU9OX0tFWXNyADJvcmcuYXBhY2hlLnNoaXJvLnN1YmplY3QuU2ltcGxlUHJpbmNpcGFsQ29sbGVjdGlvbqh/WCXGowhKAwABTAAPcmVhbG1QcmluY2lwYWxzdAAPTGphdmEvdXRpbC9NYXA7eHBzcgAXamF2YS51dGlsLkxpbmtlZEhhc2hNYXA0wE5cEGzA+wIAAVoAC2FjY2Vzc09yZGVyeHEAfgAGP0AAAAAAAAx3CAAAABAAAAABdAAMTXlTaGlyb1JlYW1sc3IAF2phdmEudXRpbC5MaW5rZWRIYXNoU2V02GzXWpXdKh4CAAB4cgARamF2YS51dGlsLkhhc2hTZXS6RIWVlri3NAMAAHhwdwwAAAAQP0AAAAAAAAFzcgAfY29tLnRzLm1vZHVsZS5zeXN0ZW0ubW9kZWwuVXNlcgAAAAAAAAABAgAHSQAGaXNTdG9wSQAGdXNlcklkTAAHYWNjb3VudHQAEkxqYXZhL2xhbmcvU3RyaW5nO0wAB29yZ0NvZGVxAH4AFkwACHBhc3N3b3JkcQB+ABZMAAhwb3N0Q29kZXEAfgAWTAAIdXNlck5hbWVxAH4AFnhwAAAAAAAAAAJ0AAVhZG1pbnQAAzEwMnQAATF0AAUxMDIwMXQABWFkbWlueHgAdwEBcQB+ABB4eHg=', 'VNmReG5zMbx3IOESyvCsrg==');
INSERT INTO `s_session_log` VALUES ('97', 'dea02c9d-9985-462a-a76f-67d1a21ffe28', '127.0.0.1', '1800000', '2019-06-12 19:58:04', '2019-06-12 20:14:32', '16分28秒', '2', 'admin', 'admin', 'rO0ABXNyACpvcmcuYXBhY2hlLnNoaXJvLnNlc3Npb24ubWd0LlNpbXBsZVNlc3Npb26dHKG41YxibgMAAHhwdwIA23QAJGRlYTAyYzlkLTk5ODUtNDYyYS1hNzZmLTY3ZDFhMjFmZmUyOHNyAA5qYXZhLnV0aWwuRGF0ZWhqgQFLWXQZAwAAeHB3CAAAAWtLjV1deHNxAH4AA3cIAAABa0uccsR4dxkAAAAAABt3QAAPMDowOjA6MDowOjA6MDoxc3IAEWphdmEudXRpbC5IYXNoTWFwBQfawcMWYNEDAAJGAApsb2FkRmFjdG9ySQAJdGhyZXNob2xkeHA/QAAAAAAADHcIAAAAEAAAAAJ0AFBvcmcuYXBhY2hlLnNoaXJvLnN1YmplY3Quc3VwcG9ydC5EZWZhdWx0U3ViamVjdENvbnRleHRfQVVUSEVOVElDQVRFRF9TRVNTSU9OX0tFWXNyABFqYXZhLmxhbmcuQm9vbGVhbs0gcoDVnPruAgABWgAFdmFsdWV4cAF0AE1vcmcuYXBhY2hlLnNoaXJvLnN1YmplY3Quc3VwcG9ydC5EZWZhdWx0U3ViamVjdENvbnRleHRfUFJJTkNJUEFMU19TRVNTSU9OX0tFWXNyADJvcmcuYXBhY2hlLnNoaXJvLnN1YmplY3QuU2ltcGxlUHJpbmNpcGFsQ29sbGVjdGlvbqh/WCXGowhKAwABTAAPcmVhbG1QcmluY2lwYWxzdAAPTGphdmEvdXRpbC9NYXA7eHBzcgAXamF2YS51dGlsLkxpbmtlZEhhc2hNYXA0wE5cEGzA+wIAAVoAC2FjY2Vzc09yZGVyeHEAfgAGP0AAAAAAAAx3CAAAABAAAAABdAAMTXlTaGlyb1JlYW1sc3IAF2phdmEudXRpbC5MaW5rZWRIYXNoU2V02GzXWpXdKh4CAAB4cgARamF2YS51dGlsLkhhc2hTZXS6RIWVlri3NAMAAHhwdwwAAAAQP0AAAAAAAAFzcgAfY29tLnRzLm1vZHVsZS5zeXN0ZW0ubW9kZWwuVXNlcgAAAAAAAAABAgAHSQAGaXNTdG9wSQAGdXNlcklkTAAHYWNjb3VudHQAEkxqYXZhL2xhbmcvU3RyaW5nO0wAB29yZ0NvZGVxAH4AFkwACHBhc3N3b3JkcQB+ABZMAAhwb3N0Q29kZXEAfgAWTAAIdXNlck5hbWVxAH4AFnhwAAAAAAAAAAJ0AAVhZG1pbnQAAzEwMnQAATF0AAUxMDIwMXQABWFkbWlueHgAdwEBcQB+ABB4eHg=', '7gkdBJ30zRwevsXZnk5bLg==');
INSERT INTO `s_session_log` VALUES ('98', '3dc24891-f784-4dba-bb43-bf3fe118055c', '127.0.0.1', '1800000', '2019-09-21 08:07:47', '2019-09-21 08:08:43', '0分56秒', '2', 'admin', 'admin', 'rO0ABXNyACpvcmcuYXBhY2hlLnNoaXJvLnNlc3Npb24ubWd0LlNpbXBsZVNlc3Npb26dHKG41YxibgMAAHhwdwIA23QAJDNkYzI0ODkxLWY3ODQtNGRiYS1iYjQzLWJmM2ZlMTE4MDU1Y3NyAA5qYXZhLnV0aWwuRGF0ZWhqgQFLWXQZAwAAeHB3CAAAAW1RJWFMeHNxAH4AA3cIAAABbVEmPtV4dxkAAAAAABt3QAAPMDowOjA6MDowOjA6MDoxc3IAEWphdmEudXRpbC5IYXNoTWFwBQfawcMWYNEDAAJGAApsb2FkRmFjdG9ySQAJdGhyZXNob2xkeHA/QAAAAAAADHcIAAAAEAAAAAN0AAdraWNrb3V0c3IAEWphdmEubGFuZy5Cb29sZWFuzSBygNWc+u4CAAFaAAV2YWx1ZXhwAXQAUG9yZy5hcGFjaGUuc2hpcm8uc3ViamVjdC5zdXBwb3J0LkRlZmF1bHRTdWJqZWN0Q29udGV4dF9BVVRIRU5USUNBVEVEX1NFU1NJT05fS0VZcQB+AAp0AE1vcmcuYXBhY2hlLnNoaXJvLnN1YmplY3Quc3VwcG9ydC5EZWZhdWx0U3ViamVjdENvbnRleHRfUFJJTkNJUEFMU19TRVNTSU9OX0tFWXNyADJvcmcuYXBhY2hlLnNoaXJvLnN1YmplY3QuU2ltcGxlUHJpbmNpcGFsQ29sbGVjdGlvbqh/WCXGowhKAwABTAAPcmVhbG1QcmluY2lwYWxzdAAPTGphdmEvdXRpbC9NYXA7eHBzcgAXamF2YS51dGlsLkxpbmtlZEhhc2hNYXA0wE5cEGzA+wIAAVoAC2FjY2Vzc09yZGVyeHEAfgAGP0AAAAAAAAx3CAAAABAAAAABdAAMTXlTaGlyb1JlYW1sc3IAF2phdmEudXRpbC5MaW5rZWRIYXNoU2V02GzXWpXdKh4CAAB4cgARamF2YS51dGlsLkhhc2hTZXS6RIWVlri3NAMAAHhwdwwAAAAQP0AAAAAAAAFzcgAfY29tLnRzLm1vZHVsZS5zeXN0ZW0ubW9kZWwuVXNlcgAAAAAAAAABAgAHSQAGaXNTdG9wSQAGdXNlcklkTAAHYWNjb3VudHQAEkxqYXZhL2xhbmcvU3RyaW5nO0wAB29yZ0NvZGVxAH4AF0wACHBhc3N3b3JkcQB+ABdMAAhwb3N0Q29kZXEAfgAXTAAIdXNlck5hbWVxAH4AF3hwAAAAAAAAAAJ0AAVhZG1pbnQAAzEwMnQAATF0AAUxMDIwMXQABWFkbWlueHgAdwEBcQB+ABF4eHg=', 'siI6c6sfDjL7yOWAD9elvQ==');
INSERT INTO `s_session_log` VALUES ('99', '2e6d638e-cb23-4a4c-a92e-40449548e5c8', '127.0.0.1', '1800000', '2019-09-21 08:08:52', '2019-09-21 08:10:01', '1分9秒', '2', 'admin', 'admin', 'rO0ABXNyACpvcmcuYXBhY2hlLnNoaXJvLnNlc3Npb24ubWd0LlNpbXBsZVNlc3Npb26dHKG41YxibgMAAHhwdwIA23QAJDJlNmQ2MzhlLWNiMjMtNGE0Yy1hOTJlLTQwNDQ5NTQ4ZTVjOHNyAA5qYXZhLnV0aWwuRGF0ZWhqgQFLWXQZAwAAeHB3CAAAAW1RJmDGeHNxAH4AA3cIAAABbVEnbYx4dxkAAAAAABt3QAAPMDowOjA6MDowOjA6MDoxc3IAEWphdmEudXRpbC5IYXNoTWFwBQfawcMWYNEDAAJGAApsb2FkRmFjdG9ySQAJdGhyZXNob2xkeHA/QAAAAAAADHcIAAAAEAAAAAJ0AFBvcmcuYXBhY2hlLnNoaXJvLnN1YmplY3Quc3VwcG9ydC5EZWZhdWx0U3ViamVjdENvbnRleHRfQVVUSEVOVElDQVRFRF9TRVNTSU9OX0tFWXNyABFqYXZhLmxhbmcuQm9vbGVhbs0gcoDVnPruAgABWgAFdmFsdWV4cAF0AE1vcmcuYXBhY2hlLnNoaXJvLnN1YmplY3Quc3VwcG9ydC5EZWZhdWx0U3ViamVjdENvbnRleHRfUFJJTkNJUEFMU19TRVNTSU9OX0tFWXNyADJvcmcuYXBhY2hlLnNoaXJvLnN1YmplY3QuU2ltcGxlUHJpbmNpcGFsQ29sbGVjdGlvbqh/WCXGowhKAwABTAAPcmVhbG1QcmluY2lwYWxzdAAPTGphdmEvdXRpbC9NYXA7eHBzcgAXamF2YS51dGlsLkxpbmtlZEhhc2hNYXA0wE5cEGzA+wIAAVoAC2FjY2Vzc09yZGVyeHEAfgAGP0AAAAAAAAx3CAAAABAAAAABdAAMTXlTaGlyb1JlYW1sc3IAF2phdmEudXRpbC5MaW5rZWRIYXNoU2V02GzXWpXdKh4CAAB4cgARamF2YS51dGlsLkhhc2hTZXS6RIWVlri3NAMAAHhwdwwAAAAQP0AAAAAAAAFzcgAfY29tLnRzLm1vZHVsZS5zeXN0ZW0ubW9kZWwuVXNlcgAAAAAAAAABAgAHSQAGaXNTdG9wSQAGdXNlcklkTAAHYWNjb3VudHQAEkxqYXZhL2xhbmcvU3RyaW5nO0wAB29yZ0NvZGVxAH4AFkwACHBhc3N3b3JkcQB+ABZMAAhwb3N0Q29kZXEAfgAWTAAIdXNlck5hbWVxAH4AFnhwAAAAAAAAAAJ0AAVhZG1pbnQAAzEwMnQAATF0AAUxMDIwMXQABWFkbWlueHgAdwEBcQB+ABB4eHg=', '9N/twwHOZPcCbj7x4gZxRQ==');
INSERT INTO `s_session_log` VALUES ('100', '2516903f-ebcf-4804-98a0-71c91625c5ad', '192.168.1.102', '1800000', '2019-09-21 08:36:39', '2019-09-21 09:03:00', '26分21秒', '2', 'admin', 'admin', 'rO0ABXNyACpvcmcuYXBhY2hlLnNoaXJvLnNlc3Npb24ubWd0LlNpbXBsZVNlc3Npb26dHKG41YxibgMAAHhwdwIA23QAJDI1MTY5MDNmLWViY2YtNDgwNC05OGEwLTcxYzkxNjI1YzVhZHNyAA5qYXZhLnV0aWwuRGF0ZWhqgQFLWXQZAwAAeHB3CAAAAW1RP9DWeHNxAH4AA3cIAAABbVFX7nF4dxcAAAAAABt3QAANMTkyLjE2OC4xLjEwMnNyABFqYXZhLnV0aWwuSGFzaE1hcAUH2sHDFmDRAwACRgAKbG9hZEZhY3RvckkACXRocmVzaG9sZHhwP0AAAAAAAAx3CAAAABAAAAACdAAHa2lja291dHNyABFqYXZhLmxhbmcuQm9vbGVhbs0gcoDVnPruAgABWgAFdmFsdWV4cAF0AE1vcmcuYXBhY2hlLnNoaXJvLnN1YmplY3Quc3VwcG9ydC5EZWZhdWx0U3ViamVjdENvbnRleHRfUFJJTkNJUEFMU19TRVNTSU9OX0tFWXNyADJvcmcuYXBhY2hlLnNoaXJvLnN1YmplY3QuU2ltcGxlUHJpbmNpcGFsQ29sbGVjdGlvbqh/WCXGowhKAwABTAAPcmVhbG1QcmluY2lwYWxzdAAPTGphdmEvdXRpbC9NYXA7eHBzcgAXamF2YS51dGlsLkxpbmtlZEhhc2hNYXA0wE5cEGzA+wIAAVoAC2FjY2Vzc09yZGVyeHEAfgAGP0AAAAAAAAx3CAAAABAAAAABdAAMTXlTaGlyb1JlYW1sc3IAF2phdmEudXRpbC5MaW5rZWRIYXNoU2V02GzXWpXdKh4CAAB4cgARamF2YS51dGlsLkhhc2hTZXS6RIWVlri3NAMAAHhwdwwAAAAQP0AAAAAAAAFzcgAfY29tLnRzLm1vZHVsZS5zeXN0ZW0ubW9kZWwuVXNlcgAAAAAAAAABAgAHSQAGaXNTdG9wSQAGdXNlcklkTAAHYWNjb3VudHQAEkxqYXZhL2xhbmcvU3RyaW5nO0wAB29yZ0NvZGVxAH4AFkwACHBhc3N3b3JkcQB+ABZMAAhwb3N0Q29kZXEAfgAWTAAIdXNlck5hbWVxAH4AFnhwAAAAAAAAAAJ0AAVhZG1pbnQAAzEwMnQAATF0AAUxMDIwMXQABWFkbWlueHgAdwEBcQB+ABB4eHg=', 'fbra/AQ8OW8lTyn0pdVj7g==');
INSERT INTO `s_session_log` VALUES ('101', '661b4839-f720-4f25-8c1a-8e934ce7a4ef', '127.0.0.1', '1800000', '2019-09-21 08:49:47', '2019-09-21 09:11:01', '21分14秒', '2', 'admin', 'admin', 'rO0ABXNyACpvcmcuYXBhY2hlLnNoaXJvLnNlc3Npb24ubWd0LlNpbXBsZVNlc3Npb26dHKG41YxibgMAAHhwdwIA23QAJDY2MWI0ODM5LWY3MjAtNGYyNS04YzFhLThlOTM0Y2U3YTRlZnNyAA5qYXZhLnV0aWwuRGF0ZWhqgQFLWXQZAwAAeHB3CAAAAW1RS9a3eHNxAH4AA3cIAAABbVFfRxB4dxkAAAAAABt3QAAPMDowOjA6MDowOjA6MDoxc3IAEWphdmEudXRpbC5IYXNoTWFwBQfawcMWYNEDAAJGAApsb2FkRmFjdG9ySQAJdGhyZXNob2xkeHA/QAAAAAAADHcIAAAAEAAAAAJ0AAdraWNrb3V0c3IAEWphdmEubGFuZy5Cb29sZWFuzSBygNWc+u4CAAFaAAV2YWx1ZXhwAXQATW9yZy5hcGFjaGUuc2hpcm8uc3ViamVjdC5zdXBwb3J0LkRlZmF1bHRTdWJqZWN0Q29udGV4dF9QUklOQ0lQQUxTX1NFU1NJT05fS0VZc3IAMm9yZy5hcGFjaGUuc2hpcm8uc3ViamVjdC5TaW1wbGVQcmluY2lwYWxDb2xsZWN0aW9uqH9YJcajCEoDAAFMAA9yZWFsbVByaW5jaXBhbHN0AA9MamF2YS91dGlsL01hcDt4cHNyABdqYXZhLnV0aWwuTGlua2VkSGFzaE1hcDTATlwQbMD7AgABWgALYWNjZXNzT3JkZXJ4cQB+AAY/QAAAAAAADHcIAAAAEAAAAAF0AAxNeVNoaXJvUmVhbWxzcgAXamF2YS51dGlsLkxpbmtlZEhhc2hTZXTYbNdald0qHgIAAHhyABFqYXZhLnV0aWwuSGFzaFNldLpEhZWWuLc0AwAAeHB3DAAAABA/QAAAAAAAAXNyAB9jb20udHMubW9kdWxlLnN5c3RlbS5tb2RlbC5Vc2VyAAAAAAAAAAECAAdJAAZpc1N0b3BJAAZ1c2VySWRMAAdhY2NvdW50dAASTGphdmEvbGFuZy9TdHJpbmc7TAAHb3JnQ29kZXEAfgAWTAAIcGFzc3dvcmRxAH4AFkwACHBvc3RDb2RlcQB+ABZMAAh1c2VyTmFtZXEAfgAWeHAAAAAAAAAAAnQABWFkbWludAADMTAydAABMXQABTEwMjAxdAAFYWRtaW54eAB3AQFxAH4AEHh4eA==', '+adc1PudG83yYarBfisYFA==');
INSERT INTO `s_session_log` VALUES ('102', '8b38e5e5-5f09-48b0-99ac-9a2461109668', '192.168.1.102', '1800000', '2019-09-21 09:03:00', '2019-09-21 09:09:14', '6分14秒', '2', 'admin', 'admin', 'rO0ABXNyACpvcmcuYXBhY2hlLnNoaXJvLnNlc3Npb24ubWd0LlNpbXBsZVNlc3Npb26dHKG41YxibgMAAHhwdwIA23QAJDhiMzhlNWU1LTVmMDktNDhiMC05OWFjLTlhMjQ2MTEwOTY2OHNyAA5qYXZhLnV0aWwuRGF0ZWhqgQFLWXQZAwAAeHB3CAAAAW1RV+6YeHNxAH4AA3cIAAABbVFdpah4dxcAAAAAABt3QAANMTkyLjE2OC4xLjEwMnNyABFqYXZhLnV0aWwuSGFzaE1hcAUH2sHDFmDRAwACRgAKbG9hZEZhY3RvckkACXRocmVzaG9sZHhwP0AAAAAAAAx3CAAAABAAAAACdAAHa2lja291dHNyABFqYXZhLmxhbmcuQm9vbGVhbs0gcoDVnPruAgABWgAFdmFsdWV4cAF0AE1vcmcuYXBhY2hlLnNoaXJvLnN1YmplY3Quc3VwcG9ydC5EZWZhdWx0U3ViamVjdENvbnRleHRfUFJJTkNJUEFMU19TRVNTSU9OX0tFWXNyADJvcmcuYXBhY2hlLnNoaXJvLnN1YmplY3QuU2ltcGxlUHJpbmNpcGFsQ29sbGVjdGlvbqh/WCXGowhKAwABTAAPcmVhbG1QcmluY2lwYWxzdAAPTGphdmEvdXRpbC9NYXA7eHBzcgAXamF2YS51dGlsLkxpbmtlZEhhc2hNYXA0wE5cEGzA+wIAAVoAC2FjY2Vzc09yZGVyeHEAfgAGP0AAAAAAAAx3CAAAABAAAAABdAAMTXlTaGlyb1JlYW1sc3IAF2phdmEudXRpbC5MaW5rZWRIYXNoU2V02GzXWpXdKh4CAAB4cgARamF2YS51dGlsLkhhc2hTZXS6RIWVlri3NAMAAHhwdwwAAAAQP0AAAAAAAAFzcgAfY29tLnRzLm1vZHVsZS5zeXN0ZW0ubW9kZWwuVXNlcgAAAAAAAAABAgAHSQAGaXNTdG9wSQAGdXNlcklkTAAHYWNjb3VudHQAEkxqYXZhL2xhbmcvU3RyaW5nO0wAB29yZ0NvZGVxAH4AFkwACHBhc3N3b3JkcQB+ABZMAAhwb3N0Q29kZXEAfgAWTAAIdXNlck5hbWVxAH4AFnhwAAAAAAAAAAJ0AAVhZG1pbnQAAzEwMnQAATF0AAUxMDIwMXQABWFkbWlueHgAdwEBcQB+ABB4eHg=', 'k5jKbwZkSkpfMLMrKrDnHg==');
INSERT INTO `s_session_log` VALUES ('103', '397164d6-2865-45cb-835f-173af622b2ff', '192.168.1.102', '1800000', '2019-09-21 09:09:14', '2019-09-21 09:16:38', '7分24秒', '2', 'admin', 'admin', 'rO0ABXNyACpvcmcuYXBhY2hlLnNoaXJvLnNlc3Npb24ubWd0LlNpbXBsZVNlc3Npb26dHKG41YxibgMAAHhwdwIA23QAJDM5NzE2NGQ2LTI4NjUtNDVjYi04MzVmLTE3M2FmNjIyYjJmZnNyAA5qYXZhLnV0aWwuRGF0ZWhqgQFLWXQZAwAAeHB3CAAAAW1RXaXCeHNxAH4AA3cIAAABbVFkagh4dxcAAAAAABt3QAANMTkyLjE2OC4xLjEwMnNyABFqYXZhLnV0aWwuSGFzaE1hcAUH2sHDFmDRAwACRgAKbG9hZEZhY3RvckkACXRocmVzaG9sZHhwP0AAAAAAAAx3CAAAABAAAAACdAAHa2lja291dHNyABFqYXZhLmxhbmcuQm9vbGVhbs0gcoDVnPruAgABWgAFdmFsdWV4cAF0AE1vcmcuYXBhY2hlLnNoaXJvLnN1YmplY3Quc3VwcG9ydC5EZWZhdWx0U3ViamVjdENvbnRleHRfUFJJTkNJUEFMU19TRVNTSU9OX0tFWXNyADJvcmcuYXBhY2hlLnNoaXJvLnN1YmplY3QuU2ltcGxlUHJpbmNpcGFsQ29sbGVjdGlvbqh/WCXGowhKAwABTAAPcmVhbG1QcmluY2lwYWxzdAAPTGphdmEvdXRpbC9NYXA7eHBzcgAXamF2YS51dGlsLkxpbmtlZEhhc2hNYXA0wE5cEGzA+wIAAVoAC2FjY2Vzc09yZGVyeHEAfgAGP0AAAAAAAAx3CAAAABAAAAABdAAMTXlTaGlyb1JlYW1sc3IAF2phdmEudXRpbC5MaW5rZWRIYXNoU2V02GzXWpXdKh4CAAB4cgARamF2YS51dGlsLkhhc2hTZXS6RIWVlri3NAMAAHhwdwwAAAAQP0AAAAAAAAFzcgAfY29tLnRzLm1vZHVsZS5zeXN0ZW0ubW9kZWwuVXNlcgAAAAAAAAABAgAHSQAGaXNTdG9wSQAGdXNlcklkTAAHYWNjb3VudHQAEkxqYXZhL2xhbmcvU3RyaW5nO0wAB29yZ0NvZGVxAH4AFkwACHBhc3N3b3JkcQB+ABZMAAhwb3N0Q29kZXEAfgAWTAAIdXNlck5hbWVxAH4AFnhwAAAAAAAAAAJ0AAVhZG1pbnQAAzEwMnQAATF0AAUxMDIwMXQABWFkbWlueHgAdwEBcQB+ABB4eHg=', '9J09NVQZmLFIhYsy01my/w==');
INSERT INTO `s_session_log` VALUES ('104', 'a3890523-f956-4c9d-a721-66d47911f756', '127.0.0.1', '1800000', '2019-09-21 09:11:01', '2019-09-21 09:50:03', '39分2秒', '2', 'admin', 'admin', 'rO0ABXNyACpvcmcuYXBhY2hlLnNoaXJvLnNlc3Npb24ubWd0LlNpbXBsZVNlc3Npb26dHKG41YxibgMAAHhwdwIA23QAJGEzODkwNTIzLWY5NTYtNGM5ZC1hNzIxLTY2ZDQ3OTExZjc1NnNyAA5qYXZhLnV0aWwuRGF0ZWhqgQFLWXQZAwAAeHB3CAAAAW1RX0cmeHNxAH4AA3cIAAABbVGDAoN4dxkAAAAAABt3QAAPMDowOjA6MDowOjA6MDoxc3IAEWphdmEudXRpbC5IYXNoTWFwBQfawcMWYNEDAAJGAApsb2FkRmFjdG9ySQAJdGhyZXNob2xkeHA/QAAAAAAADHcIAAAAEAAAAAJ0AAdraWNrb3V0c3IAEWphdmEubGFuZy5Cb29sZWFuzSBygNWc+u4CAAFaAAV2YWx1ZXhwAXQATW9yZy5hcGFjaGUuc2hpcm8uc3ViamVjdC5zdXBwb3J0LkRlZmF1bHRTdWJqZWN0Q29udGV4dF9QUklOQ0lQQUxTX1NFU1NJT05fS0VZc3IAMm9yZy5hcGFjaGUuc2hpcm8uc3ViamVjdC5TaW1wbGVQcmluY2lwYWxDb2xsZWN0aW9uqH9YJcajCEoDAAFMAA9yZWFsbVByaW5jaXBhbHN0AA9MamF2YS91dGlsL01hcDt4cHNyABdqYXZhLnV0aWwuTGlua2VkSGFzaE1hcDTATlwQbMD7AgABWgALYWNjZXNzT3JkZXJ4cQB+AAY/QAAAAAAADHcIAAAAEAAAAAF0AAxNeVNoaXJvUmVhbWxzcgAXamF2YS51dGlsLkxpbmtlZEhhc2hTZXTYbNdald0qHgIAAHhyABFqYXZhLnV0aWwuSGFzaFNldLpEhZWWuLc0AwAAeHB3DAAAABA/QAAAAAAAAXNyAB9jb20udHMubW9kdWxlLnN5c3RlbS5tb2RlbC5Vc2VyAAAAAAAAAAECAAdJAAZpc1N0b3BJAAZ1c2VySWRMAAdhY2NvdW50dAASTGphdmEvbGFuZy9TdHJpbmc7TAAHb3JnQ29kZXEAfgAWTAAIcGFzc3dvcmRxAH4AFkwACHBvc3RDb2RlcQB+ABZMAAh1c2VyTmFtZXEAfgAWeHAAAAAAAAAAAnQABWFkbWludAADMTAydAABMXQABTEwMjAxdAAFYWRtaW54eAB3AQFxAH4AEHh4eA==', 'BUBTRD9aJZdltHG2w3IL/w==');
INSERT INTO `s_session_log` VALUES ('105', 'c439a140-61c8-4084-b26d-0a2a34cdb27d', '192.168.1.102', '1800000', '2019-09-21 09:16:38', '2019-09-21 09:40:37', '23分59秒', '2', 'admin', 'admin', 'rO0ABXNyACpvcmcuYXBhY2hlLnNoaXJvLnNlc3Npb24ubWd0LlNpbXBsZVNlc3Npb26dHKG41YxibgMAAHhwdwIA23QAJGM0MzlhMTQwLTYxYzgtNDA4NC1iMjZkLTBhMmEzNGNkYjI3ZHNyAA5qYXZhLnV0aWwuRGF0ZWhqgQFLWXQZAwAAeHB3CAAAAW1RZGoheHNxAH4AA3cIAAABbVF6YHB4dxcAAAAAABt3QAANMTkyLjE2OC4xLjEwMnNyABFqYXZhLnV0aWwuSGFzaE1hcAUH2sHDFmDRAwACRgAKbG9hZEZhY3RvckkACXRocmVzaG9sZHhwP0AAAAAAAAx3CAAAABAAAAACdAAHa2lja291dHNyABFqYXZhLmxhbmcuQm9vbGVhbs0gcoDVnPruAgABWgAFdmFsdWV4cAF0AE1vcmcuYXBhY2hlLnNoaXJvLnN1YmplY3Quc3VwcG9ydC5EZWZhdWx0U3ViamVjdENvbnRleHRfUFJJTkNJUEFMU19TRVNTSU9OX0tFWXNyADJvcmcuYXBhY2hlLnNoaXJvLnN1YmplY3QuU2ltcGxlUHJpbmNpcGFsQ29sbGVjdGlvbqh/WCXGowhKAwABTAAPcmVhbG1QcmluY2lwYWxzdAAPTGphdmEvdXRpbC9NYXA7eHBzcgAXamF2YS51dGlsLkxpbmtlZEhhc2hNYXA0wE5cEGzA+wIAAVoAC2FjY2Vzc09yZGVyeHEAfgAGP0AAAAAAAAx3CAAAABAAAAABdAAMTXlTaGlyb1JlYW1sc3IAF2phdmEudXRpbC5MaW5rZWRIYXNoU2V02GzXWpXdKh4CAAB4cgARamF2YS51dGlsLkhhc2hTZXS6RIWVlri3NAMAAHhwdwwAAAAQP0AAAAAAAAFzcgAfY29tLnRzLm1vZHVsZS5zeXN0ZW0ubW9kZWwuVXNlcgAAAAAAAAABAgAHSQAGaXNTdG9wSQAGdXNlcklkTAAHYWNjb3VudHQAEkxqYXZhL2xhbmcvU3RyaW5nO0wAB29yZ0NvZGVxAH4AFkwACHBhc3N3b3JkcQB+ABZMAAhwb3N0Q29kZXEAfgAWTAAIdXNlck5hbWVxAH4AFnhwAAAAAAAAAAJ0AAVhZG1pbnQAAzEwMnQAATF0AAUxMDIwMXQABWFkbWlueHgAdwEBcQB+ABB4eHg=', 'jrT/oy53FgWaptl54XqpIg==');
INSERT INTO `s_session_log` VALUES ('106', '86cb6947-82b6-480b-8abc-477ccfc2bfac', '192.168.1.102', '1800000', '2019-09-21 09:40:37', '2019-09-21 09:48:01', '7分24秒', '2', 'admin', 'admin', 'rO0ABXNyACpvcmcuYXBhY2hlLnNoaXJvLnNlc3Npb24ubWd0LlNpbXBsZVNlc3Npb26dHKG41YxibgMAAHhwdwIA23QAJDg2Y2I2OTQ3LTgyYjYtNDgwYi04YWJjLTQ3N2NjZmMyYmZhY3NyAA5qYXZhLnV0aWwuRGF0ZWhqgQFLWXQZAwAAeHB3CAAAAW1RemCHeHNxAH4AA3cIAAABbVGBJaJ4dxcAAAAAABt3QAANMTkyLjE2OC4xLjEwMnNyABFqYXZhLnV0aWwuSGFzaE1hcAUH2sHDFmDRAwACRgAKbG9hZEZhY3RvckkACXRocmVzaG9sZHhwP0AAAAAAAAx3CAAAABAAAAACdAAHa2lja291dHNyABFqYXZhLmxhbmcuQm9vbGVhbs0gcoDVnPruAgABWgAFdmFsdWV4cAF0AE1vcmcuYXBhY2hlLnNoaXJvLnN1YmplY3Quc3VwcG9ydC5EZWZhdWx0U3ViamVjdENvbnRleHRfUFJJTkNJUEFMU19TRVNTSU9OX0tFWXNyADJvcmcuYXBhY2hlLnNoaXJvLnN1YmplY3QuU2ltcGxlUHJpbmNpcGFsQ29sbGVjdGlvbqh/WCXGowhKAwABTAAPcmVhbG1QcmluY2lwYWxzdAAPTGphdmEvdXRpbC9NYXA7eHBzcgAXamF2YS51dGlsLkxpbmtlZEhhc2hNYXA0wE5cEGzA+wIAAVoAC2FjY2Vzc09yZGVyeHEAfgAGP0AAAAAAAAx3CAAAABAAAAABdAAMTXlTaGlyb1JlYW1sc3IAF2phdmEudXRpbC5MaW5rZWRIYXNoU2V02GzXWpXdKh4CAAB4cgARamF2YS51dGlsLkhhc2hTZXS6RIWVlri3NAMAAHhwdwwAAAAQP0AAAAAAAAFzcgAfY29tLnRzLm1vZHVsZS5zeXN0ZW0ubW9kZWwuVXNlcgAAAAAAAAABAgAHSQAGaXNTdG9wSQAGdXNlcklkTAAHYWNjb3VudHQAEkxqYXZhL2xhbmcvU3RyaW5nO0wAB29yZ0NvZGVxAH4AFkwACHBhc3N3b3JkcQB+ABZMAAhwb3N0Q29kZXEAfgAWTAAIdXNlck5hbWVxAH4AFnhwAAAAAAAAAAJ0AAVhZG1pbnQAAzEwMnQAATF0AAUxMDIwMXQABWFkbWlueHgAdwEBcQB+ABB4eHg=', '/ux/c0ZucmWXkNq0rJsjeQ==');
INSERT INTO `s_session_log` VALUES ('107', '4ca378c1-05a7-433b-9067-453fb5f95622', '192.168.1.102', '1800000', '2019-09-21 09:48:01', '2019-09-21 10:21:58', '33分57秒', '2', 'admin', 'admin', 'rO0ABXNyACpvcmcuYXBhY2hlLnNoaXJvLnNlc3Npb24ubWd0LlNpbXBsZVNlc3Npb26dHKG41YxibgMAAHhwdwIA23QAJDRjYTM3OGMxLTA1YTctNDMzYi05MDY3LTQ1M2ZiNWY5NTYyMnNyAA5qYXZhLnV0aWwuRGF0ZWhqgQFLWXQZAwAAeHB3CAAAAW1RgSW3eHNxAH4AA3cIAAABbVGgPGN4dxcAAAAAABt3QAANMTkyLjE2OC4xLjEwMnNyABFqYXZhLnV0aWwuSGFzaE1hcAUH2sHDFmDRAwACRgAKbG9hZEZhY3RvckkACXRocmVzaG9sZHhwP0AAAAAAAAx3CAAAABAAAAACdABQb3JnLmFwYWNoZS5zaGlyby5zdWJqZWN0LnN1cHBvcnQuRGVmYXVsdFN1YmplY3RDb250ZXh0X0FVVEhFTlRJQ0FURURfU0VTU0lPTl9LRVlzcgARamF2YS5sYW5nLkJvb2xlYW7NIHKA1Zz67gIAAVoABXZhbHVleHABdABNb3JnLmFwYWNoZS5zaGlyby5zdWJqZWN0LnN1cHBvcnQuRGVmYXVsdFN1YmplY3RDb250ZXh0X1BSSU5DSVBBTFNfU0VTU0lPTl9LRVlzcgAyb3JnLmFwYWNoZS5zaGlyby5zdWJqZWN0LlNpbXBsZVByaW5jaXBhbENvbGxlY3Rpb26of1glxqMISgMAAUwAD3JlYWxtUHJpbmNpcGFsc3QAD0xqYXZhL3V0aWwvTWFwO3hwc3IAF2phdmEudXRpbC5MaW5rZWRIYXNoTWFwNMBOXBBswPsCAAFaAAthY2Nlc3NPcmRlcnhxAH4ABj9AAAAAAAAMdwgAAAAQAAAAAXQADE15U2hpcm9SZWFtbHNyABdqYXZhLnV0aWwuTGlua2VkSGFzaFNldNhs11qV3SoeAgAAeHIAEWphdmEudXRpbC5IYXNoU2V0ukSFlZa4tzQDAAB4cHcMAAAAED9AAAAAAAABc3IAH2NvbS50cy5tb2R1bGUuc3lzdGVtLm1vZGVsLlVzZXIAAAAAAAAAAQIAB0kABmlzU3RvcEkABnVzZXJJZEwAB2FjY291bnR0ABJMamF2YS9sYW5nL1N0cmluZztMAAdvcmdDb2RlcQB+ABZMAAhwYXNzd29yZHEAfgAWTAAIcG9zdENvZGVxAH4AFkwACHVzZXJOYW1lcQB+ABZ4cAAAAAAAAAACdAAFYWRtaW50AAMxMDJ0AAExdAAFMTAyMDF0AAVhZG1pbnh4AHcBAXEAfgAQeHh4', 'CpYPhTpvOqjwpuDcGy9f2Q==');
INSERT INTO `s_session_log` VALUES ('108', '3a77b992-5664-425f-ba9c-469e14f277f8', '127.0.0.1', '1800000', '2019-09-21 09:50:03', '2019-09-21 10:21:50', '31分47秒', '1', '测试', '123', 'rO0ABXNyACpvcmcuYXBhY2hlLnNoaXJvLnNlc3Npb24ubWd0LlNpbXBsZVNlc3Npb26dHKG41YxibgMAAHhwdwIA23QAJDNhNzdiOTkyLTU2NjQtNDI1Zi1iYTljLTQ2OWUxNGYyNzdmOHNyAA5qYXZhLnV0aWwuRGF0ZWhqgQFLWXQZAwAAeHB3CAAAAW1RgwKaeHNxAH4AA3cIAAABbVGgHHx4dxkAAAAAABt3QAAPMDowOjA6MDowOjA6MDoxc3IAEWphdmEudXRpbC5IYXNoTWFwBQfawcMWYNEDAAJGAApsb2FkRmFjdG9ySQAJdGhyZXNob2xkeHA/QAAAAAAADHcIAAAAEAAAAAJ0AFBvcmcuYXBhY2hlLnNoaXJvLnN1YmplY3Quc3VwcG9ydC5EZWZhdWx0U3ViamVjdENvbnRleHRfQVVUSEVOVElDQVRFRF9TRVNTSU9OX0tFWXNyABFqYXZhLmxhbmcuQm9vbGVhbs0gcoDVnPruAgABWgAFdmFsdWV4cAF0AE1vcmcuYXBhY2hlLnNoaXJvLnN1YmplY3Quc3VwcG9ydC5EZWZhdWx0U3ViamVjdENvbnRleHRfUFJJTkNJUEFMU19TRVNTSU9OX0tFWXNyADJvcmcuYXBhY2hlLnNoaXJvLnN1YmplY3QuU2ltcGxlUHJpbmNpcGFsQ29sbGVjdGlvbqh/WCXGowhKAwABTAAPcmVhbG1QcmluY2lwYWxzdAAPTGphdmEvdXRpbC9NYXA7eHBzcgAXamF2YS51dGlsLkxpbmtlZEhhc2hNYXA0wE5cEGzA+wIAAVoAC2FjY2Vzc09yZGVyeHEAfgAGP0AAAAAAAAx3CAAAABAAAAABdAAMTXlTaGlyb1JlYW1sc3IAF2phdmEudXRpbC5MaW5rZWRIYXNoU2V02GzXWpXdKh4CAAB4cgARamF2YS51dGlsLkhhc2hTZXS6RIWVlri3NAMAAHhwdwwAAAAQP0AAAAAAAAFzcgAfY29tLnRzLm1vZHVsZS5zeXN0ZW0ubW9kZWwuVXNlcgAAAAAAAAABAgAHSQAGaXNTdG9wSQAGdXNlcklkTAAHYWNjb3VudHQAEkxqYXZhL2xhbmcvU3RyaW5nO0wAB29yZ0NvZGVxAH4AFkwACHBhc3N3b3JkcQB+ABZMAAhwb3N0Q29kZXEAfgAWTAAIdXNlck5hbWVxAH4AFnhwAAAAAAAAAAF0AAMxMjN0AAMxMDF0AAMxMjN0AAUxMDEwMXQABua1i+ivlXh4AHcBAXEAfgAQeHh4', 't6ObvAL5NZKe3oi2VNCB/A==');
INSERT INTO `s_session_log` VALUES ('109', 'abd560df-aac6-4159-817f-5bcf2e168ed5', '192.168.1.102', '1800000', '2019-09-21 15:24:59', '2019-09-21 15:38:40', '13分41秒', '2', 'admin', 'admin', 'rO0ABXNyACpvcmcuYXBhY2hlLnNoaXJvLnNlc3Npb24ubWd0LlNpbXBsZVNlc3Npb26dHKG41YxibgMAAHhwdwIA23QAJGFiZDU2MGRmLWFhYzYtNDE1OS04MTdmLTViY2YyZTE2OGVkNXNyAA5qYXZhLnV0aWwuRGF0ZWhqgQFLWXQZAwAAeHB3CAAAAW1StaWXeHNxAH4AA3cIAAABbVLCLhR4dxcAAAAAABt3QAANMTkyLjE2OC4xLjEwMnNyABFqYXZhLnV0aWwuSGFzaE1hcAUH2sHDFmDRAwACRgAKbG9hZEZhY3RvckkACXRocmVzaG9sZHhwP0AAAAAAAAx3CAAAABAAAAACdABQb3JnLmFwYWNoZS5zaGlyby5zdWJqZWN0LnN1cHBvcnQuRGVmYXVsdFN1YmplY3RDb250ZXh0X0FVVEhFTlRJQ0FURURfU0VTU0lPTl9LRVlzcgARamF2YS5sYW5nLkJvb2xlYW7NIHKA1Zz67gIAAVoABXZhbHVleHABdABNb3JnLmFwYWNoZS5zaGlyby5zdWJqZWN0LnN1cHBvcnQuRGVmYXVsdFN1YmplY3RDb250ZXh0X1BSSU5DSVBBTFNfU0VTU0lPTl9LRVlzcgAyb3JnLmFwYWNoZS5zaGlyby5zdWJqZWN0LlNpbXBsZVByaW5jaXBhbENvbGxlY3Rpb26of1glxqMISgMAAUwAD3JlYWxtUHJpbmNpcGFsc3QAD0xqYXZhL3V0aWwvTWFwO3hwc3IAF2phdmEudXRpbC5MaW5rZWRIYXNoTWFwNMBOXBBswPsCAAFaAAthY2Nlc3NPcmRlcnhxAH4ABj9AAAAAAAAMdwgAAAAQAAAAAXQADE15U2hpcm9SZWFtbHNyABdqYXZhLnV0aWwuTGlua2VkSGFzaFNldNhs11qV3SoeAgAAeHIAEWphdmEudXRpbC5IYXNoU2V0ukSFlZa4tzQDAAB4cHcMAAAAED9AAAAAAAABc3IAH2NvbS50cy5tb2R1bGUuc3lzdGVtLm1vZGVsLlVzZXIAAAAAAAAAAQIAB0kABmlzU3RvcEkABnVzZXJJZEwAB2FjY291bnR0ABJMamF2YS9sYW5nL1N0cmluZztMAAdvcmdDb2RlcQB+ABZMAAhwYXNzd29yZHEAfgAWTAAIcG9zdENvZGVxAH4AFkwACHVzZXJOYW1lcQB+ABZ4cAAAAAAAAAACdAAFYWRtaW50AAMxMDJ0AAExdAAFMTAyMDF0AAVhZG1pbnh4AHcBAXEAfgAQeHh4', 'UrmWYNnzeaVRt9jJVmifZA==');
INSERT INTO `s_session_log` VALUES ('110', '53e1192a-8fb9-4dff-8ff7-078ee2b495b6', '127.0.0.1', '1800000', '2019-09-21 15:25:36', '2019-09-21 16:03:41', '38分5秒', '1', '测试', '123', 'rO0ABXNyACpvcmcuYXBhY2hlLnNoaXJvLnNlc3Npb24ubWd0LlNpbXBsZVNlc3Npb26dHKG41YxibgMAAHhwdwIA23QAJDUzZTExOTJhLThmYjktNGRmZi04ZmY3LTA3OGVlMmI0OTViNnNyAA5qYXZhLnV0aWwuRGF0ZWhqgQFLWXQZAwAAeHB3CAAAAW1Stjc2eHNxAH4AA3cIAAABbVLZFZ14dxkAAAAAABt3QAAPMDowOjA6MDowOjA6MDoxc3IAEWphdmEudXRpbC5IYXNoTWFwBQfawcMWYNEDAAJGAApsb2FkRmFjdG9ySQAJdGhyZXNob2xkeHA/QAAAAAAADHcIAAAAEAAAAAJ0AFBvcmcuYXBhY2hlLnNoaXJvLnN1YmplY3Quc3VwcG9ydC5EZWZhdWx0U3ViamVjdENvbnRleHRfQVVUSEVOVElDQVRFRF9TRVNTSU9OX0tFWXNyABFqYXZhLmxhbmcuQm9vbGVhbs0gcoDVnPruAgABWgAFdmFsdWV4cAF0AE1vcmcuYXBhY2hlLnNoaXJvLnN1YmplY3Quc3VwcG9ydC5EZWZhdWx0U3ViamVjdENvbnRleHRfUFJJTkNJUEFMU19TRVNTSU9OX0tFWXNyADJvcmcuYXBhY2hlLnNoaXJvLnN1YmplY3QuU2ltcGxlUHJpbmNpcGFsQ29sbGVjdGlvbqh/WCXGowhKAwABTAAPcmVhbG1QcmluY2lwYWxzdAAPTGphdmEvdXRpbC9NYXA7eHBzcgAXamF2YS51dGlsLkxpbmtlZEhhc2hNYXA0wE5cEGzA+wIAAVoAC2FjY2Vzc09yZGVyeHEAfgAGP0AAAAAAAAx3CAAAABAAAAABdAAMTXlTaGlyb1JlYW1sc3IAF2phdmEudXRpbC5MaW5rZWRIYXNoU2V02GzXWpXdKh4CAAB4cgARamF2YS51dGlsLkhhc2hTZXS6RIWVlri3NAMAAHhwdwwAAAAQP0AAAAAAAAFzcgAfY29tLnRzLm1vZHVsZS5zeXN0ZW0ubW9kZWwuVXNlcgAAAAAAAAABAgAHSQAGaXNTdG9wSQAGdXNlcklkTAAHYWNjb3VudHQAEkxqYXZhL2xhbmcvU3RyaW5nO0wAB29yZ0NvZGVxAH4AFkwACHBhc3N3b3JkcQB+ABZMAAhwb3N0Q29kZXEAfgAWTAAIdXNlck5hbWVxAH4AFnhwAAAAAAAAAAF0AAMxMjN0AAMxMDF0AAMxMjN0AAUxMDEwMXQABua1i+ivlXh4AHcBAXEAfgAQeHh4', 'tGLGSNqy4Fo+OVWBOpuJIg==');
INSERT INTO `s_session_log` VALUES ('111', '8356eea7-1e7d-48ec-99e4-73dcc4a6f03b', '127.0.0.1', '1800000', '2019-09-21 20:17:04', '2019-09-21 20:18:43', '1分39秒', '1', '测试', '123', 'rO0ABXNyACpvcmcuYXBhY2hlLnNoaXJvLnNlc3Npb24ubWd0LlNpbXBsZVNlc3Npb26dHKG41YxibgMAAHhwdwIA23QAJDgzNTZlZWE3LTFlN2QtNDhlYy05OWU0LTczZGNjNGE2ZjAzYnNyAA5qYXZhLnV0aWwuRGF0ZWhqgQFLWXQZAwAAeHB3CAAAAW1TwQ/6eHNxAH4AA3cIAAABbVPCkxt4dxkAAAAAABt3QAAPMDowOjA6MDowOjA6MDoxc3IAEWphdmEudXRpbC5IYXNoTWFwBQfawcMWYNEDAAJGAApsb2FkRmFjdG9ySQAJdGhyZXNob2xkeHA/QAAAAAAADHcIAAAAEAAAAAJ0AFBvcmcuYXBhY2hlLnNoaXJvLnN1YmplY3Quc3VwcG9ydC5EZWZhdWx0U3ViamVjdENvbnRleHRfQVVUSEVOVElDQVRFRF9TRVNTSU9OX0tFWXNyABFqYXZhLmxhbmcuQm9vbGVhbs0gcoDVnPruAgABWgAFdmFsdWV4cAF0AE1vcmcuYXBhY2hlLnNoaXJvLnN1YmplY3Quc3VwcG9ydC5EZWZhdWx0U3ViamVjdENvbnRleHRfUFJJTkNJUEFMU19TRVNTSU9OX0tFWXNyADJvcmcuYXBhY2hlLnNoaXJvLnN1YmplY3QuU2ltcGxlUHJpbmNpcGFsQ29sbGVjdGlvbqh/WCXGowhKAwABTAAPcmVhbG1QcmluY2lwYWxzdAAPTGphdmEvdXRpbC9NYXA7eHBzcgAXamF2YS51dGlsLkxpbmtlZEhhc2hNYXA0wE5cEGzA+wIAAVoAC2FjY2Vzc09yZGVyeHEAfgAGP0AAAAAAAAx3CAAAABAAAAABdAAMTXlTaGlyb1JlYW1sc3IAF2phdmEudXRpbC5MaW5rZWRIYXNoU2V02GzXWpXdKh4CAAB4cgARamF2YS51dGlsLkhhc2hTZXS6RIWVlri3NAMAAHhwdwwAAAAQP0AAAAAAAAFzcgAfY29tLnRzLm1vZHVsZS5zeXN0ZW0ubW9kZWwuVXNlcgAAAAAAAAABAgAHSQAGaXNTdG9wSQAGdXNlcklkTAAHYWNjb3VudHQAEkxqYXZhL2xhbmcvU3RyaW5nO0wAB29yZ0NvZGVxAH4AFkwACHBhc3N3b3JkcQB+ABZMAAhwb3N0Q29kZXEAfgAWTAAIdXNlck5hbWVxAH4AFnhwAAAAAAAAAAF0AAMxMjN0AAMxMDF0AAMxMjN0AAUxMDEwMXQABua1i+ivlXh4AHcBAXEAfgAQeHh4', '1xUjJd5qRtpKwwM/KcdjYg==');
INSERT INTO `s_session_log` VALUES ('112', '56a2f056-8626-49aa-a280-3f59875f5e22', '192.168.1.102', '1800000', '2019-09-21 20:17:26', '2019-09-21 21:07:04', '49分38秒', '2', 'admin', 'admin', 'rO0ABXNyACpvcmcuYXBhY2hlLnNoaXJvLnNlc3Npb24ubWd0LlNpbXBsZVNlc3Npb26dHKG41YxibgMAAHhwdwIA23QAJDU2YTJmMDU2LTg2MjYtNDlhYS1hMjgwLTNmNTk4NzVmNWUyMnNyAA5qYXZhLnV0aWwuRGF0ZWhqgQFLWXQZAwAAeHB3CAAAAW1TwWVveHNxAH4AA3cIAAABbVPu1594dxcAAAAAABt3QAANMTkyLjE2OC4xLjEwMnNyABFqYXZhLnV0aWwuSGFzaE1hcAUH2sHDFmDRAwACRgAKbG9hZEZhY3RvckkACXRocmVzaG9sZHhwP0AAAAAAAAx3CAAAABAAAAACdABQb3JnLmFwYWNoZS5zaGlyby5zdWJqZWN0LnN1cHBvcnQuRGVmYXVsdFN1YmplY3RDb250ZXh0X0FVVEhFTlRJQ0FURURfU0VTU0lPTl9LRVlzcgARamF2YS5sYW5nLkJvb2xlYW7NIHKA1Zz67gIAAVoABXZhbHVleHABdABNb3JnLmFwYWNoZS5zaGlyby5zdWJqZWN0LnN1cHBvcnQuRGVmYXVsdFN1YmplY3RDb250ZXh0X1BSSU5DSVBBTFNfU0VTU0lPTl9LRVlzcgAyb3JnLmFwYWNoZS5zaGlyby5zdWJqZWN0LlNpbXBsZVByaW5jaXBhbENvbGxlY3Rpb26of1glxqMISgMAAUwAD3JlYWxtUHJpbmNpcGFsc3QAD0xqYXZhL3V0aWwvTWFwO3hwc3IAF2phdmEudXRpbC5MaW5rZWRIYXNoTWFwNMBOXBBswPsCAAFaAAthY2Nlc3NPcmRlcnhxAH4ABj9AAAAAAAAMdwgAAAAQAAAAAXQADE15U2hpcm9SZWFtbHNyABdqYXZhLnV0aWwuTGlua2VkSGFzaFNldNhs11qV3SoeAgAAeHIAEWphdmEudXRpbC5IYXNoU2V0ukSFlZa4tzQDAAB4cHcMAAAAED9AAAAAAAABc3IAH2NvbS50cy5tb2R1bGUuc3lzdGVtLm1vZGVsLlVzZXIAAAAAAAAAAQIAB0kABmlzU3RvcEkABnVzZXJJZEwAB2FjY291bnR0ABJMamF2YS9sYW5nL1N0cmluZztMAAdvcmdDb2RlcQB+ABZMAAhwYXNzd29yZHEAfgAWTAAIcG9zdENvZGVxAH4AFkwACHVzZXJOYW1lcQB+ABZ4cAAAAAAAAAACdAAFYWRtaW50AAMxMDJ0AAExdAAFMTAyMDF0AAVhZG1pbnh4AHcBAXEAfgAQeHh4', 'E/UlZSGhCL/4t5RTX1EYSg==');
INSERT INTO `s_session_log` VALUES ('113', '67347f8e-bbda-46ec-83fc-8c0dc93286a1', '192.168.1.102', '1800000', '2019-09-21 22:02:48', '2019-09-21 22:49:11', '46分23秒', '2', 'admin', 'admin', 'rO0ABXNyACpvcmcuYXBhY2hlLnNoaXJvLnNlc3Npb24ubWd0LlNpbXBsZVNlc3Npb26dHKG41YxibgMAAHhwdwIA23QAJDY3MzQ3ZjhlLWJiZGEtNDZlYy04M2ZjLThjMGRjOTMyODZhMXNyAA5qYXZhLnV0aWwuRGF0ZWhqgQFLWXQZAwAAeHB3CAAAAW1UIdxweHNxAH4AA3cIAAABbVRMVRF4dxcAAAAAABt3QAANMTkyLjE2OC4xLjEwMnNyABFqYXZhLnV0aWwuSGFzaE1hcAUH2sHDFmDRAwACRgAKbG9hZEZhY3RvckkACXRocmVzaG9sZHhwP0AAAAAAAAx3CAAAABAAAAACdABQb3JnLmFwYWNoZS5zaGlyby5zdWJqZWN0LnN1cHBvcnQuRGVmYXVsdFN1YmplY3RDb250ZXh0X0FVVEhFTlRJQ0FURURfU0VTU0lPTl9LRVlzcgARamF2YS5sYW5nLkJvb2xlYW7NIHKA1Zz67gIAAVoABXZhbHVleHABdABNb3JnLmFwYWNoZS5zaGlyby5zdWJqZWN0LnN1cHBvcnQuRGVmYXVsdFN1YmplY3RDb250ZXh0X1BSSU5DSVBBTFNfU0VTU0lPTl9LRVlzcgAyb3JnLmFwYWNoZS5zaGlyby5zdWJqZWN0LlNpbXBsZVByaW5jaXBhbENvbGxlY3Rpb26of1glxqMISgMAAUwAD3JlYWxtUHJpbmNpcGFsc3QAD0xqYXZhL3V0aWwvTWFwO3hwc3IAF2phdmEudXRpbC5MaW5rZWRIYXNoTWFwNMBOXBBswPsCAAFaAAthY2Nlc3NPcmRlcnhxAH4ABj9AAAAAAAAMdwgAAAAQAAAAAXQADE15U2hpcm9SZWFtbHNyABdqYXZhLnV0aWwuTGlua2VkSGFzaFNldNhs11qV3SoeAgAAeHIAEWphdmEudXRpbC5IYXNoU2V0ukSFlZa4tzQDAAB4cHcMAAAAAj9AAAAAAAABc3IAH2NvbS50cy5tb2R1bGUuc3lzdGVtLm1vZGVsLlVzZXIAAAAAAAAAAQIAB0kABmlzU3RvcEkABnVzZXJJZEwAB2FjY291bnR0ABJMamF2YS9sYW5nL1N0cmluZztMAAdvcmdDb2RlcQB+ABZMAAhwYXNzd29yZHEAfgAWTAAIcG9zdENvZGVxAH4AFkwACHVzZXJOYW1lcQB+ABZ4cAAAAAAAAAACdAAFYWRtaW50AAMxMDJ0AAExdAAFMTAyMDF0AAVhZG1pbnh4AHcBAXEAfgAQeHh4', 'JEhhqJVfUsSDKhlWsGIUXA==');
INSERT INTO `s_session_log` VALUES ('114', '865996ba-10ab-40ef-af6a-0db0f946877e', '127.0.0.1', '1800000', '2019-09-21 22:47:26', '2019-09-21 22:47:44', '0分18秒', '1', '测试', '123', 'rO0ABXNyACpvcmcuYXBhY2hlLnNoaXJvLnNlc3Npb24ubWd0LlNpbXBsZVNlc3Npb26dHKG41YxibgMAAHhwdwIA23QAJDg2NTk5NmJhLTEwYWItNDBlZi1hZjZhLTBkYjBmOTQ2ODc3ZXNyAA5qYXZhLnV0aWwuRGF0ZWhqgQFLWXQZAwAAeHB3CAAAAW1USrvieHNxAH4AA3cIAAABbVRK/tV4dxkAAAAAABt3QAAPMDowOjA6MDowOjA6MDoxc3IAEWphdmEudXRpbC5IYXNoTWFwBQfawcMWYNEDAAJGAApsb2FkRmFjdG9ySQAJdGhyZXNob2xkeHA/QAAAAAAADHcIAAAAEAAAAAJ0AFBvcmcuYXBhY2hlLnNoaXJvLnN1YmplY3Quc3VwcG9ydC5EZWZhdWx0U3ViamVjdENvbnRleHRfQVVUSEVOVElDQVRFRF9TRVNTSU9OX0tFWXNyABFqYXZhLmxhbmcuQm9vbGVhbs0gcoDVnPruAgABWgAFdmFsdWV4cAF0AE1vcmcuYXBhY2hlLnNoaXJvLnN1YmplY3Quc3VwcG9ydC5EZWZhdWx0U3ViamVjdENvbnRleHRfUFJJTkNJUEFMU19TRVNTSU9OX0tFWXNyADJvcmcuYXBhY2hlLnNoaXJvLnN1YmplY3QuU2ltcGxlUHJpbmNpcGFsQ29sbGVjdGlvbqh/WCXGowhKAwABTAAPcmVhbG1QcmluY2lwYWxzdAAPTGphdmEvdXRpbC9NYXA7eHBzcgAXamF2YS51dGlsLkxpbmtlZEhhc2hNYXA0wE5cEGzA+wIAAVoAC2FjY2Vzc09yZGVyeHEAfgAGP0AAAAAAAAx3CAAAABAAAAABdAAMTXlTaGlyb1JlYW1sc3IAF2phdmEudXRpbC5MaW5rZWRIYXNoU2V02GzXWpXdKh4CAAB4cgARamF2YS51dGlsLkhhc2hTZXS6RIWVlri3NAMAAHhwdwwAAAAQP0AAAAAAAAFzcgAfY29tLnRzLm1vZHVsZS5zeXN0ZW0ubW9kZWwuVXNlcgAAAAAAAAABAgAHSQAGaXNTdG9wSQAGdXNlcklkTAAHYWNjb3VudHQAEkxqYXZhL2xhbmcvU3RyaW5nO0wAB29yZ0NvZGVxAH4AFkwACHBhc3N3b3JkcQB+ABZMAAhwb3N0Q29kZXEAfgAWTAAIdXNlck5hbWVxAH4AFnhwAAAAAAAAAAF0AAMxMjN0AAMxMDF0AAMxMjN0AAUxMDEwMXQABua1i+ivlXh4AHcBAXEAfgAQeHh4', 'J4mvNoPDABtD9Baod4STHg==');
INSERT INTO `s_session_log` VALUES ('115', '87477b8a-85f5-43d5-ba4d-5973f7458903', '192.168.1.102', '1800000', '2019-09-21 23:22:11', '2019-09-21 23:44:01', '21分50秒', '2', 'admin', 'admin', 'rO0ABXNyACpvcmcuYXBhY2hlLnNoaXJvLnNlc3Npb24ubWd0LlNpbXBsZVNlc3Npb26dHKG41YxibgMAAHhwdwIA23QAJDg3NDc3YjhhLTg1ZjUtNDNkNS1iYTRkLTU5NzNmNzQ1ODkwM3NyAA5qYXZhLnV0aWwuRGF0ZWhqgQFLWXQZAwAAeHB3CAAAAW1UaomKeHNxAH4AA3cIAAABbVR+hmV4dxcAAAAAABt3QAANMTkyLjE2OC4xLjEwMnNyABFqYXZhLnV0aWwuSGFzaE1hcAUH2sHDFmDRAwACRgAKbG9hZEZhY3RvckkACXRocmVzaG9sZHhwP0AAAAAAAAx3CAAAABAAAAACdABQb3JnLmFwYWNoZS5zaGlyby5zdWJqZWN0LnN1cHBvcnQuRGVmYXVsdFN1YmplY3RDb250ZXh0X0FVVEhFTlRJQ0FURURfU0VTU0lPTl9LRVlzcgARamF2YS5sYW5nLkJvb2xlYW7NIHKA1Zz67gIAAVoABXZhbHVleHABdABNb3JnLmFwYWNoZS5zaGlyby5zdWJqZWN0LnN1cHBvcnQuRGVmYXVsdFN1YmplY3RDb250ZXh0X1BSSU5DSVBBTFNfU0VTU0lPTl9LRVlzcgAyb3JnLmFwYWNoZS5zaGlyby5zdWJqZWN0LlNpbXBsZVByaW5jaXBhbENvbGxlY3Rpb26of1glxqMISgMAAUwAD3JlYWxtUHJpbmNpcGFsc3QAD0xqYXZhL3V0aWwvTWFwO3hwc3IAF2phdmEudXRpbC5MaW5rZWRIYXNoTWFwNMBOXBBswPsCAAFaAAthY2Nlc3NPcmRlcnhxAH4ABj9AAAAAAAAMdwgAAAAQAAAAAXQADE15U2hpcm9SZWFtbHNyABdqYXZhLnV0aWwuTGlua2VkSGFzaFNldNhs11qV3SoeAgAAeHIAEWphdmEudXRpbC5IYXNoU2V0ukSFlZa4tzQDAAB4cHcMAAAAED9AAAAAAAABc3IAH2NvbS50cy5tb2R1bGUuc3lzdGVtLm1vZGVsLlVzZXIAAAAAAAAAAQIAB0kABmlzU3RvcEkABnVzZXJJZEwAB2FjY291bnR0ABJMamF2YS9sYW5nL1N0cmluZztMAAdvcmdDb2RlcQB+ABZMAAhwYXNzd29yZHEAfgAWTAAIcG9zdENvZGVxAH4AFkwACHVzZXJOYW1lcQB+ABZ4cAAAAAAAAAACdAAFYWRtaW50AAMxMDJ0AAExdAAFMTAyMDF0AAVhZG1pbnh4AHcBAXEAfgAQeHh4', 'L8UmSKj/41JRtXY1CZtjsQ==');
INSERT INTO `s_session_log` VALUES ('116', '0fc81428-644b-4a7b-9c2f-3525d7628627', '192.168.1.102', '1800000', '2019-09-22 01:04:02', '2019-09-22 01:30:44', '26分42秒', '2', 'admin', 'admin', 'rO0ABXNyACpvcmcuYXBhY2hlLnNoaXJvLnNlc3Npb24ubWd0LlNpbXBsZVNlc3Npb26dHKG41YxibgMAAHhwdwIA23QAJDBmYzgxNDI4LTY0NGItNGE3Yi05YzJmLTM1MjVkNzYyODYyN3NyAA5qYXZhLnV0aWwuRGF0ZWhqgQFLWXQZAwAAeHB3CAAAAW1Ux8rOeHNxAH4AA3cIAAABbVTgOht4dxcAAAAAABt3QAANMTkyLjE2OC4xLjEwMnNyABFqYXZhLnV0aWwuSGFzaE1hcAUH2sHDFmDRAwACRgAKbG9hZEZhY3RvckkACXRocmVzaG9sZHhwP0AAAAAAAAx3CAAAABAAAAACdABQb3JnLmFwYWNoZS5zaGlyby5zdWJqZWN0LnN1cHBvcnQuRGVmYXVsdFN1YmplY3RDb250ZXh0X0FVVEhFTlRJQ0FURURfU0VTU0lPTl9LRVlzcgARamF2YS5sYW5nLkJvb2xlYW7NIHKA1Zz67gIAAVoABXZhbHVleHABdABNb3JnLmFwYWNoZS5zaGlyby5zdWJqZWN0LnN1cHBvcnQuRGVmYXVsdFN1YmplY3RDb250ZXh0X1BSSU5DSVBBTFNfU0VTU0lPTl9LRVlzcgAyb3JnLmFwYWNoZS5zaGlyby5zdWJqZWN0LlNpbXBsZVByaW5jaXBhbENvbGxlY3Rpb26of1glxqMISgMAAUwAD3JlYWxtUHJpbmNpcGFsc3QAD0xqYXZhL3V0aWwvTWFwO3hwc3IAF2phdmEudXRpbC5MaW5rZWRIYXNoTWFwNMBOXBBswPsCAAFaAAthY2Nlc3NPcmRlcnhxAH4ABj9AAAAAAAAMdwgAAAAQAAAAAXQADE15U2hpcm9SZWFtbHNyABdqYXZhLnV0aWwuTGlua2VkSGFzaFNldNhs11qV3SoeAgAAeHIAEWphdmEudXRpbC5IYXNoU2V0ukSFlZa4tzQDAAB4cHcMAAAAED9AAAAAAAABc3IAH2NvbS50cy5tb2R1bGUuc3lzdGVtLm1vZGVsLlVzZXIAAAAAAAAAAQIAB0kABmlzU3RvcEkABnVzZXJJZEwAB2FjY291bnR0ABJMamF2YS9sYW5nL1N0cmluZztMAAdvcmdDb2RlcQB+ABZMAAhwYXNzd29yZHEAfgAWTAAIcG9zdENvZGVxAH4AFkwACHVzZXJOYW1lcQB+ABZ4cAAAAAAAAAACdAAFYWRtaW50AAMxMDJ0AAExdAAFMTAyMDF0AAVhZG1pbnh4AHcBAXEAfgAQeHh4', 'XrTgzeknH5Rg1QQ67FcvSA==');
INSERT INTO `s_session_log` VALUES ('117', '119bc3ef-cf7b-45a7-abd9-2753b72f3df7', '192.168.1.101', '1800000', '2019-09-22 09:39:49', '2019-09-22 10:47:26', '1小时7分37秒', '2', 'admin', 'admin', 'rO0ABXNyACpvcmcuYXBhY2hlLnNoaXJvLnNlc3Npb24ubWd0LlNpbXBsZVNlc3Npb26dHKG41YxibgMAAHhwdwIA23QAJDExOWJjM2VmLWNmN2ItNDVhNy1hYmQ5LTI3NTNiNzJmM2RmN3NyAA5qYXZhLnV0aWwuRGF0ZWhqgQFLWXQZAwAAeHB3CAAAAW1Wn/+5eHNxAH4AA3cIAAABbVbd59F4dxcAAAAAABt3QAANMTkyLjE2OC4xLjEwMXNyABFqYXZhLnV0aWwuSGFzaE1hcAUH2sHDFmDRAwACRgAKbG9hZEZhY3RvckkACXRocmVzaG9sZHhwP0AAAAAAAAx3CAAAABAAAAACdABQb3JnLmFwYWNoZS5zaGlyby5zdWJqZWN0LnN1cHBvcnQuRGVmYXVsdFN1YmplY3RDb250ZXh0X0FVVEhFTlRJQ0FURURfU0VTU0lPTl9LRVlzcgARamF2YS5sYW5nLkJvb2xlYW7NIHKA1Zz67gIAAVoABXZhbHVleHABdABNb3JnLmFwYWNoZS5zaGlyby5zdWJqZWN0LnN1cHBvcnQuRGVmYXVsdFN1YmplY3RDb250ZXh0X1BSSU5DSVBBTFNfU0VTU0lPTl9LRVlzcgAyb3JnLmFwYWNoZS5zaGlyby5zdWJqZWN0LlNpbXBsZVByaW5jaXBhbENvbGxlY3Rpb26of1glxqMISgMAAUwAD3JlYWxtUHJpbmNpcGFsc3QAD0xqYXZhL3V0aWwvTWFwO3hwc3IAF2phdmEudXRpbC5MaW5rZWRIYXNoTWFwNMBOXBBswPsCAAFaAAthY2Nlc3NPcmRlcnhxAH4ABj9AAAAAAAAMdwgAAAAQAAAAAXQADE15U2hpcm9SZWFtbHNyABdqYXZhLnV0aWwuTGlua2VkSGFzaFNldNhs11qV3SoeAgAAeHIAEWphdmEudXRpbC5IYXNoU2V0ukSFlZa4tzQDAAB4cHcMAAAAED9AAAAAAAABc3IAH2NvbS50cy5tb2R1bGUuc3lzdGVtLm1vZGVsLlVzZXIAAAAAAAAAAQIAB0kABmlzU3RvcEkABnVzZXJJZEwAB2FjY291bnR0ABJMamF2YS9sYW5nL1N0cmluZztMAAdvcmdDb2RlcQB+ABZMAAhwYXNzd29yZHEAfgAWTAAIcG9zdENvZGVxAH4AFkwACHVzZXJOYW1lcQB+ABZ4cAAAAAAAAAACdAAFYWRtaW50AAMxMDJ0AAExdAAFMTAyMDF0AAVhZG1pbnh4AHcBAXEAfgAQeHh4', 'f7BmEM3P7w6Mcuw2KYYJuA==');
INSERT INTO `s_session_log` VALUES ('118', '9a00e533-ca3a-4aa4-9ce7-603e42f49483', '192.168.1.101', '1800000', '2019-09-22 19:27:58', '2019-09-22 19:28:11', '0分13秒', '2', 'admin', 'admin', 'rO0ABXNyACpvcmcuYXBhY2hlLnNoaXJvLnNlc3Npb24ubWd0LlNpbXBsZVNlc3Npb26dHKG41YxibgMAAHhwdwIA23QAJDlhMDBlNTMzLWNhM2EtNGFhNC05Y2U3LTYwM2U0MmY0OTQ4M3NyAA5qYXZhLnV0aWwuRGF0ZWhqgQFLWXQZAwAAeHB3CAAAAW1YunbleHNxAH4AA3cIAAABbVi6qxF4dxcAAAAAABt3QAANMTkyLjE2OC4xLjEwMXNyABFqYXZhLnV0aWwuSGFzaE1hcAUH2sHDFmDRAwACRgAKbG9hZEZhY3RvckkACXRocmVzaG9sZHhwP0AAAAAAAAx3CAAAABAAAAACdABQb3JnLmFwYWNoZS5zaGlyby5zdWJqZWN0LnN1cHBvcnQuRGVmYXVsdFN1YmplY3RDb250ZXh0X0FVVEhFTlRJQ0FURURfU0VTU0lPTl9LRVlzcgARamF2YS5sYW5nLkJvb2xlYW7NIHKA1Zz67gIAAVoABXZhbHVleHABdABNb3JnLmFwYWNoZS5zaGlyby5zdWJqZWN0LnN1cHBvcnQuRGVmYXVsdFN1YmplY3RDb250ZXh0X1BSSU5DSVBBTFNfU0VTU0lPTl9LRVlzcgAyb3JnLmFwYWNoZS5zaGlyby5zdWJqZWN0LlNpbXBsZVByaW5jaXBhbENvbGxlY3Rpb26of1glxqMISgMAAUwAD3JlYWxtUHJpbmNpcGFsc3QAD0xqYXZhL3V0aWwvTWFwO3hwc3IAF2phdmEudXRpbC5MaW5rZWRIYXNoTWFwNMBOXBBswPsCAAFaAAthY2Nlc3NPcmRlcnhxAH4ABj9AAAAAAAAMdwgAAAAQAAAAAXQADE15U2hpcm9SZWFtbHNyABdqYXZhLnV0aWwuTGlua2VkSGFzaFNldNhs11qV3SoeAgAAeHIAEWphdmEudXRpbC5IYXNoU2V0ukSFlZa4tzQDAAB4cHcMAAAAED9AAAAAAAABc3IAH2NvbS50cy5tb2R1bGUuc3lzdGVtLm1vZGVsLlVzZXIAAAAAAAAAAQIAB0kABmlzU3RvcEkABnVzZXJJZEwAB2FjY291bnR0ABJMamF2YS9sYW5nL1N0cmluZztMAAdvcmdDb2RlcQB+ABZMAAhwYXNzd29yZHEAfgAWTAAIcG9zdENvZGVxAH4AFkwACHVzZXJOYW1lcQB+ABZ4cAAAAAAAAAACdAAFYWRtaW50AAMxMDJ0AAExdAAFMTAyMDF0AAVhZG1pbnh4AHcBAXEAfgAQeHh4', 'ZsDB+acWfQ+jIagWyRe+XA==');
INSERT INTO `s_session_log` VALUES ('119', '32da7725-5c87-4bac-8951-c16e9f6aac6e', '127.0.0.1', '1800000', '2019-09-23 11:39:15', '2019-09-23 11:39:45', '0分30秒', '1', '测试', '123', 'rO0ABXNyACpvcmcuYXBhY2hlLnNoaXJvLnNlc3Npb24ubWd0LlNpbXBsZVNlc3Npb26dHKG41YxibgMAAHhwdwIA23QAJDMyZGE3NzI1LTVjODctNGJhYy04OTUxLWMxNmU5ZjZhYWM2ZXNyAA5qYXZhLnV0aWwuRGF0ZWhqgQFLWXQZAwAAeHB3CAAAAW1cM7PreHNxAH4AA3cIAAABbVw0KfB4dxkAAAAAABt3QAAPMDowOjA6MDowOjA6MDoxc3IAEWphdmEudXRpbC5IYXNoTWFwBQfawcMWYNEDAAJGAApsb2FkRmFjdG9ySQAJdGhyZXNob2xkeHA/QAAAAAAADHcIAAAAEAAAAAJ0AFBvcmcuYXBhY2hlLnNoaXJvLnN1YmplY3Quc3VwcG9ydC5EZWZhdWx0U3ViamVjdENvbnRleHRfQVVUSEVOVElDQVRFRF9TRVNTSU9OX0tFWXNyABFqYXZhLmxhbmcuQm9vbGVhbs0gcoDVnPruAgABWgAFdmFsdWV4cAF0AE1vcmcuYXBhY2hlLnNoaXJvLnN1YmplY3Quc3VwcG9ydC5EZWZhdWx0U3ViamVjdENvbnRleHRfUFJJTkNJUEFMU19TRVNTSU9OX0tFWXNyADJvcmcuYXBhY2hlLnNoaXJvLnN1YmplY3QuU2ltcGxlUHJpbmNpcGFsQ29sbGVjdGlvbqh/WCXGowhKAwABTAAPcmVhbG1QcmluY2lwYWxzdAAPTGphdmEvdXRpbC9NYXA7eHBzcgAXamF2YS51dGlsLkxpbmtlZEhhc2hNYXA0wE5cEGzA+wIAAVoAC2FjY2Vzc09yZGVyeHEAfgAGP0AAAAAAAAx3CAAAABAAAAABdAAMTXlTaGlyb1JlYW1sc3IAF2phdmEudXRpbC5MaW5rZWRIYXNoU2V02GzXWpXdKh4CAAB4cgARamF2YS51dGlsLkhhc2hTZXS6RIWVlri3NAMAAHhwdwwAAAAQP0AAAAAAAAFzcgAfY29tLnRzLm1vZHVsZS5zeXN0ZW0ubW9kZWwuVXNlcgAAAAAAAAABAgAHSQAGaXNTdG9wSQAGdXNlcklkTAAHYWNjb3VudHQAEkxqYXZhL2xhbmcvU3RyaW5nO0wAB29yZ0NvZGVxAH4AFkwACHBhc3N3b3JkcQB+ABZMAAhwb3N0Q29kZXEAfgAWTAAIdXNlck5hbWVxAH4AFnhwAAAAAAAAAAF0AAMxMjN0AAMxMDF0AAMxMjN0AAUxMDEwMXQABua1i+ivlXh4AHcBAXEAfgAQeHh4', 'Z7uFXwRXRkr5BQWIi9TY8Q==');
INSERT INTO `s_session_log` VALUES ('120', 'e8e60a99-623d-4abe-ab4e-f2f801055965', '127.0.0.1', '1800000', '2019-09-23 13:37:30', '2019-09-23 13:43:39', '6分9秒', '1', '测试', '123', 'rO0ABXNyACpvcmcuYXBhY2hlLnNoaXJvLnNlc3Npb24ubWd0LlNpbXBsZVNlc3Npb26dHKG41YxibgMAAHhwdwIA23QAJGU4ZTYwYTk5LTYyM2QtNGFiZS1hYjRlLWYyZjgwMTA1NTk2NXNyAA5qYXZhLnV0aWwuRGF0ZWhqgQFLWXQZAwAAeHB3CAAAAW1cn/creHNxAH4AA3cIAAABbVylmg14dxkAAAAAABt3QAAPMDowOjA6MDowOjA6MDoxc3IAEWphdmEudXRpbC5IYXNoTWFwBQfawcMWYNEDAAJGAApsb2FkRmFjdG9ySQAJdGhyZXNob2xkeHA/QAAAAAAADHcIAAAAEAAAAAF0AE1vcmcuYXBhY2hlLnNoaXJvLnN1YmplY3Quc3VwcG9ydC5EZWZhdWx0U3ViamVjdENvbnRleHRfUFJJTkNJUEFMU19TRVNTSU9OX0tFWXNyADJvcmcuYXBhY2hlLnNoaXJvLnN1YmplY3QuU2ltcGxlUHJpbmNpcGFsQ29sbGVjdGlvbqh/WCXGowhKAwABTAAPcmVhbG1QcmluY2lwYWxzdAAPTGphdmEvdXRpbC9NYXA7eHBzcgAXamF2YS51dGlsLkxpbmtlZEhhc2hNYXA0wE5cEGzA+wIAAVoAC2FjY2Vzc09yZGVyeHEAfgAGP0AAAAAAAAx3CAAAABAAAAABdAAMTXlTaGlyb1JlYW1sc3IAF2phdmEudXRpbC5MaW5rZWRIYXNoU2V02GzXWpXdKh4CAAB4cgARamF2YS51dGlsLkhhc2hTZXS6RIWVlri3NAMAAHhwdwwAAAAQP0AAAAAAAAFzcgAfY29tLnRzLm1vZHVsZS5zeXN0ZW0ubW9kZWwuVXNlcgAAAAAAAAABAgAHSQAGaXNTdG9wSQAGdXNlcklkTAAHYWNjb3VudHQAEkxqYXZhL2xhbmcvU3RyaW5nO0wAB29yZ0NvZGVxAH4AE0wACHBhc3N3b3JkcQB+ABNMAAhwb3N0Q29kZXEAfgATTAAIdXNlck5hbWVxAH4AE3hwAAAAAAAAAAF0AAMxMjN0AAMxMDF0AAMxMjN0AAUxMDEwMXQABua1i+ivlXh4AHcBAXEAfgANeHh4', 'BMTfBKd1T8P/GK36Rtr9fg==');
INSERT INTO `s_session_log` VALUES ('121', '6baf64f2-652e-4b4c-970e-5dd48c30f93f', '127.0.0.1', '1800000', '2019-09-23 13:43:39', '2019-09-23 14:09:11', '25分32秒', '1', '测试', '123', 'rO0ABXNyACpvcmcuYXBhY2hlLnNoaXJvLnNlc3Npb24ubWd0LlNpbXBsZVNlc3Npb26dHKG41YxibgMAAHhwdwIA23QAJDZiYWY2NGYyLTY1MmUtNGI0Yy05NzBlLTVkZDQ4YzMwZjkzZnNyAA5qYXZhLnV0aWwuRGF0ZWhqgQFLWXQZAwAAeHB3CAAAAW1cpZo3eHNxAH4AA3cIAAABbVy8+Nh4dxkAAAAAABt3QAAPMDowOjA6MDowOjA6MDoxc3IAEWphdmEudXRpbC5IYXNoTWFwBQfawcMWYNEDAAJGAApsb2FkRmFjdG9ySQAJdGhyZXNob2xkeHA/QAAAAAAADHcIAAAAEAAAAAJ0AFBvcmcuYXBhY2hlLnNoaXJvLnN1YmplY3Quc3VwcG9ydC5EZWZhdWx0U3ViamVjdENvbnRleHRfQVVUSEVOVElDQVRFRF9TRVNTSU9OX0tFWXNyABFqYXZhLmxhbmcuQm9vbGVhbs0gcoDVnPruAgABWgAFdmFsdWV4cAF0AE1vcmcuYXBhY2hlLnNoaXJvLnN1YmplY3Quc3VwcG9ydC5EZWZhdWx0U3ViamVjdENvbnRleHRfUFJJTkNJUEFMU19TRVNTSU9OX0tFWXNyADJvcmcuYXBhY2hlLnNoaXJvLnN1YmplY3QuU2ltcGxlUHJpbmNpcGFsQ29sbGVjdGlvbqh/WCXGowhKAwABTAAPcmVhbG1QcmluY2lwYWxzdAAPTGphdmEvdXRpbC9NYXA7eHBzcgAXamF2YS51dGlsLkxpbmtlZEhhc2hNYXA0wE5cEGzA+wIAAVoAC2FjY2Vzc09yZGVyeHEAfgAGP0AAAAAAAAx3CAAAABAAAAABdAAMTXlTaGlyb1JlYW1sc3IAF2phdmEudXRpbC5MaW5rZWRIYXNoU2V02GzXWpXdKh4CAAB4cgARamF2YS51dGlsLkhhc2hTZXS6RIWVlri3NAMAAHhwdwwAAAAQP0AAAAAAAAFzcgAfY29tLnRzLm1vZHVsZS5zeXN0ZW0ubW9kZWwuVXNlcgAAAAAAAAABAgAHSQAGaXNTdG9wSQAGdXNlcklkTAAHYWNjb3VudHQAEkxqYXZhL2xhbmcvU3RyaW5nO0wAB29yZ0NvZGVxAH4AFkwACHBhc3N3b3JkcQB+ABZMAAhwb3N0Q29kZXEAfgAWTAAIdXNlck5hbWVxAH4AFnhwAAAAAAAAAAF0AAMxMjN0AAMxMDF0AAMxMjN0AAUxMDEwMXQABua1i+ivlXh4AHcBAXEAfgAQeHh4', '40EgP0kOHS+CQGi3tQOjjg==');
INSERT INTO `s_session_log` VALUES ('122', 'e35a313c-b0c3-40f5-a550-199240b48000', '127.0.0.1', '1800000', '2019-09-23 13:48:29', '2019-09-23 13:48:49', '0分20秒', '1', '测试', '123', 'rO0ABXNyACpvcmcuYXBhY2hlLnNoaXJvLnNlc3Npb24ubWd0LlNpbXBsZVNlc3Npb26dHKG41YxibgMAAHhwdwIA23QAJGUzNWEzMTNjLWIwYzMtNDBmNS1hNTUwLTE5OTI0MGI0ODAwMHNyAA5qYXZhLnV0aWwuRGF0ZWhqgQFLWXQZAwAAeHB3CAAAAW1cqgbFeHNxAH4AA3cIAAABbVyqUuV4dxkAAAAAABt3QAAPMDowOjA6MDowOjA6MDoxc3IAEWphdmEudXRpbC5IYXNoTWFwBQfawcMWYNEDAAJGAApsb2FkRmFjdG9ySQAJdGhyZXNob2xkeHA/QAAAAAAADHcIAAAAEAAAAAJ0AAdraWNrb3V0c3IAEWphdmEubGFuZy5Cb29sZWFuzSBygNWc+u4CAAFaAAV2YWx1ZXhwAXQATW9yZy5hcGFjaGUuc2hpcm8uc3ViamVjdC5zdXBwb3J0LkRlZmF1bHRTdWJqZWN0Q29udGV4dF9QUklOQ0lQQUxTX1NFU1NJT05fS0VZc3IAMm9yZy5hcGFjaGUuc2hpcm8uc3ViamVjdC5TaW1wbGVQcmluY2lwYWxDb2xsZWN0aW9uqH9YJcajCEoDAAFMAA9yZWFsbVByaW5jaXBhbHN0AA9MamF2YS91dGlsL01hcDt4cHNyABdqYXZhLnV0aWwuTGlua2VkSGFzaE1hcDTATlwQbMD7AgABWgALYWNjZXNzT3JkZXJ4cQB+AAY/QAAAAAAADHcIAAAAEAAAAAF0AAxNeVNoaXJvUmVhbWxzcgAXamF2YS51dGlsLkxpbmtlZEhhc2hTZXTYbNdald0qHgIAAHhyABFqYXZhLnV0aWwuSGFzaFNldLpEhZWWuLc0AwAAeHB3DAAAABA/QAAAAAAAAXNyAB9jb20udHMubW9kdWxlLnN5c3RlbS5tb2RlbC5Vc2VyAAAAAAAAAAECAAdJAAZpc1N0b3BJAAZ1c2VySWRMAAdhY2NvdW50dAASTGphdmEvbGFuZy9TdHJpbmc7TAAHb3JnQ29kZXEAfgAWTAAIcGFzc3dvcmRxAH4AFkwACHBvc3RDb2RlcQB+ABZMAAh1c2VyTmFtZXEAfgAWeHAAAAAAAAAAAXQAAzEyM3QAAzEwMXQAAzEyM3QABTEwMTAxdAAG5rWL6K+VeHgAdwEBcQB+ABB4eHg=', '8/5Oel849o7bCxeU34GfTg==');
INSERT INTO `s_session_log` VALUES ('123', 'f314430c-c535-4b25-9b7f-8dd546e8704e', '127.0.0.1', '1800000', '2019-09-23 16:22:18', '2019-09-23 17:05:11', '42分53秒', '1', '测试', '123', 'rO0ABXNyACpvcmcuYXBhY2hlLnNoaXJvLnNlc3Npb24ubWd0LlNpbXBsZVNlc3Npb26dHKG41YxibgMAAHhwdwIA23QAJGYzMTQ0MzBjLWM1MzUtNGIyNS05YjdmLThkZDU0NmU4NzA0ZXNyAA5qYXZhLnV0aWwuRGF0ZWhqgQFLWXQZAwAAeHB3CAAAAW1dNtbOeHNxAH4AA3cIAAABbV1eHBx4dxkAAAAAABt3QAAPMDowOjA6MDowOjA6MDoxc3IAEWphdmEudXRpbC5IYXNoTWFwBQfawcMWYNEDAAJGAApsb2FkRmFjdG9ySQAJdGhyZXNob2xkeHA/QAAAAAAADHcIAAAAEAAAAAJ0AFBvcmcuYXBhY2hlLnNoaXJvLnN1YmplY3Quc3VwcG9ydC5EZWZhdWx0U3ViamVjdENvbnRleHRfQVVUSEVOVElDQVRFRF9TRVNTSU9OX0tFWXNyABFqYXZhLmxhbmcuQm9vbGVhbs0gcoDVnPruAgABWgAFdmFsdWV4cAF0AE1vcmcuYXBhY2hlLnNoaXJvLnN1YmplY3Quc3VwcG9ydC5EZWZhdWx0U3ViamVjdENvbnRleHRfUFJJTkNJUEFMU19TRVNTSU9OX0tFWXNyADJvcmcuYXBhY2hlLnNoaXJvLnN1YmplY3QuU2ltcGxlUHJpbmNpcGFsQ29sbGVjdGlvbqh/WCXGowhKAwABTAAPcmVhbG1QcmluY2lwYWxzdAAPTGphdmEvdXRpbC9NYXA7eHBzcgAXamF2YS51dGlsLkxpbmtlZEhhc2hNYXA0wE5cEGzA+wIAAVoAC2FjY2Vzc09yZGVyeHEAfgAGP0AAAAAAAAx3CAAAABAAAAABdAAMTXlTaGlyb1JlYW1sc3IAF2phdmEudXRpbC5MaW5rZWRIYXNoU2V02GzXWpXdKh4CAAB4cgARamF2YS51dGlsLkhhc2hTZXS6RIWVlri3NAMAAHhwdwwAAAAQP0AAAAAAAAFzcgAfY29tLnRzLm1vZHVsZS5zeXN0ZW0ubW9kZWwuVXNlcgAAAAAAAAABAgAHSQAGaXNTdG9wSQAGdXNlcklkTAAHYWNjb3VudHQAEkxqYXZhL2xhbmcvU3RyaW5nO0wAB29yZ0NvZGVxAH4AFkwACHBhc3N3b3JkcQB+ABZMAAhwb3N0Q29kZXEAfgAWTAAIdXNlck5hbWVxAH4AFnhwAAAAAAAAAAF0AAMxMjN0AAMxMDF0AAMxMjN0AAUxMDEwMXQABua1i+ivlXh4AHcBAXEAfgAQeHh4', 't6nB7Q4QBIY+onh/d95DwQ==');

-- ----------------------------
-- Table structure for s_user_post
-- ----------------------------
DROP TABLE IF EXISTS `s_user_post`;
CREATE TABLE `s_user_post` (
  `userid` varchar(64) NOT NULL COMMENT '用户id',
  `postid` varchar(64) DEFAULT NULL COMMENT '职位id'
) ENGINE=InnoDB DEFAULT CHARSET=utf8;

-- ----------------------------
-- Records of s_user_post
-- ----------------------------
INSERT INTO `s_user_post` VALUES ('1', '1');
INSERT INTO `s_user_post` VALUES ('1', '2');
INSERT INTO `s_user_post` VALUES ('1', '3');

-- ----------------------------
-- Table structure for user
-- ----------------------------
DROP TABLE IF EXISTS `user`;
CREATE TABLE `user` (
  `userId` int(11) NOT NULL AUTO_INCREMENT,
  `account` varchar(20) NOT NULL,
  `password` varchar(20) NOT NULL,
  `userName` varchar(64) DEFAULT NULL COMMENT '用户名称',
  `orgCode` varchar(64) DEFAULT NULL COMMENT '机构代码',
  `postCode` varchar(64) DEFAULT NULL COMMENT '职位代码',
  `isStop` int(4) DEFAULT '0' COMMENT '是否停用（0，启用；1，停用）',
  PRIMARY KEY (`userId`)
) ENGINE=InnoDB AUTO_INCREMENT=3 DEFAULT CHARSET=utf8 COMMENT='用户表';

-- ----------------------------
-- Records of user
-- ----------------------------
INSERT INTO `user` VALUES ('1', '123', '123', '测试', '101', '10101', '0');
INSERT INTO `user` VALUES ('2', 'admin', '1', 'admin', '102', '10201', '0');

-- ----------------------------
-- Table structure for user_role
-- ----------------------------
DROP TABLE IF EXISTS `user_role`;
CREATE TABLE `user_role` (
  `id` int(11) NOT NULL AUTO_INCREMENT,
  `userid` int(11) NOT NULL,
  `roleid` int(11) NOT NULL,
  PRIMARY KEY (`id`)
) ENGINE=InnoDB AUTO_INCREMENT=5 DEFAULT CHARSET=utf8 CHECKSUM=1 DELAY_KEY_WRITE=1 ROW_FORMAT=DYNAMIC COMMENT='用户-角色关联表';

-- ----------------------------
-- Records of user_role
-- ----------------------------
INSERT INTO `user_role` VALUES ('1', '1', '1');
INSERT INTO `user_role` VALUES ('2', '2', '2');
INSERT INTO `user_role` VALUES ('3', '1', '2');
INSERT INTO `user_role` VALUES ('4', '1', '3');
